idx,text,label_value,label
73514,Teahouse Invitation,1,benign
97676,What is a argument for notability?,1,benign
67573,"""

 Problem with the Fundamentals Discussion - This Was Already Erased Please Investigate 

( minutes after posting this it was erased) check it out. this is very suspicious and unethical by the parties involved. senior management (if in existence) asked to investigate)

````Please do not block me for trying to improve the integrity of the article.
Hello, My name is JohnHistory. I was recently blocked for my mentioning of major problems here because I did not assume """"Good Faith"""" when confronted with bad faith. I believe that the biggest problem with this article and thus the best way to improve it is to intensely follow the Jimbo guidelines to the T. I am going to post what I wrote on my talk page after being blocked during the controversy here. I could be more covert in my contempt for violations especially given my long but yet humble ranking amongst the Wiki Elite but abusing editors and monitors must be accountable or we will always suffer from their petty tyranny. This surely does not make me popular amongst them, yet I must assume """"good faith"""" in them so that they will not prejudice their views against me and comfort their own politics in the process.
I was accused of supporting things I never did. All I ask is that criticism be included on par with other presidents. That is all. I don't especially care about Rev Wright, etc but if it is historical record and part of historically long campaign then I will stick my neck out for it.
I have to say that the amount of bashing of media and talk that has nothing to do with improving the article is highly tolerated if it is left leaning but anything even center of that is treated with heavy hand and often banished and erased. that is what struck me about the discussion page - mind you I never made an edit on the actual article I was banned for merely talking on a talk page. it was the idea that these so called monitors are in fact just random non scholars at home abusing the tools of wikipedia to further their almost personal agenda in a group- think environment.
Thin skin is no excuse for being literally fascistic in your approach to the open to the public - controlled by a small group of ideologues - Wikipedia. These political minding ideologues are 80-100% dominated by left wing or leaning people and controlled through even the excessive use of blocking for discussion posts and factual additions. These (not just mine) are non threatening non- offensive language - just the idea of one stating that their is a problem with the editors and monitors is cause to be blocked and potentially banned for not """"assuming good faith"""" or """"positively contributing to the consensus"""". what if the consensus is wrong then? What if about if you have already assumed Good Faith long ago and are simply diagnosing the major illness of the article as you see it? The evidence is more then abundant that these monitors are violating their tools and are involved in subterfuge or at least strong bias as evidenced between comparing Obama with W Bush. Additionally, the Obama Administration through proxies, in my strong opinion, is at work in the Obama article. I say this mainly because it is inconceivable to me that given the current administrations use and celebration of all things internet and aggressive pursuit of media outlets and shaping the publics opinion (as is understandable) that someone out of the thousands of Obama connected likely people is not involved on the Barack Obama page. It is the most visited page on Wikipedia and is one of the top hits for people searching the internet for the name Barack Obama. However, that is secondary to the already abundant supply of ideologue editors and monitors who seem to fill the demographic of the wikipedia junior officer ranks who enough of is all that it really takes. The number of those is in the millions. That is Why Jimbo guidelines must be followed as an example of the integrity of wikipedia as a REAL encyclopedia that could stand out in a scholarly work. The language given the Rulers of Wikipedia gives them broad ability to block and ban anyone they disagree with. OFten the language is contradictory. For instance I was blocked for my comments on the TALK page and cited for """"Making a point instead of wanting to edit"""". How, exactly, do you make a TALK page based discussion about edits without making a point? Another monitor told me I had to assume good faith, yet no good faith was given to me in my quest to improve article. In addition, the """"TALK"""" page says no writing will be allowed that involves """"general discussion"""" however that can be loosely interpreted and it could for instance only be 5% of what you wrote and then be grounds by a prejudiced monitor to remove your entire sections containing many posts. Additionally, the last guideline about general talk is only applied to people making comments critical or potentially scandalous to the President o",1,benign
38982,"Article 

The wording and feel of the article seems to be very academic, as if it was an extract or a modified version of an original university essay, it is not the kind of article you would expect to see in an encyclopedia.",1,benign
34990,"""

 An except of analysis from the """"supposed"""" unreliable source 

www.zimbeckchess.com
IT IS A RELIABLE SOURCE. Here is the analysis which I was simply trying to source from the page itself. Some of this is already in UON could I source that instead for the EXACT SAME CHANGE? My site, which is my lifes work as a master was deemed unreliable by non-chess players. Here is the analysis in regards to the pinksi line.
These guys wont understand it because chess is too complicated for them but lets us hope that some other strong player who cares about how low quality wikipedia chess articles are will come by and confirm that my add was reliable instead of these random non-chess players burying it in revisions. This is a public outcry for any sign of intelligent life.

Here is the analysis of the Pinski line which even a beginner should understand. This is FROM THE SITE Zimbeckchess.com which was called unreliable. Will someone please get rid of this dusty Pinksi line already?

Here it is with HOUDINI annotations and evaluations. Or is Houdini not WP:RS?

6... Bb4 7. dxc6 Nxe4 8. Qd4 Qe7 9. Be3 
       (9. Qxg7?? Nxc3+ 10. Be3 Ne4+ 11. c3 Rf8 12. cxb4 Qxb4+ 13. Kd1 dxc6 14. f3 Be6! -+)
9... f5 
     (9... Nxc3 10. a3 Nd5+ (10... Bd6 11. cxd7+ Bxd7 12. Qxc3 Be5 13. Qb3
     O-O-O 14. O-O-O Bc6 15. Re1= {-0.09}) 11. axb4 Nxe3 (11... Qxb4+ 12. Qxb4
     Nxb4 13. cxb7 Bxb7 14. O-O-O= {-0.02}) 12. cxd7+ Bxd7 13. Qxe3 Qxe3+ 14.
     fxe3= {0.00}) 
     (9... O-O 10. Bd3 Nxc3 11. bxc3 Bd6 (11... Ba5 12. O-O Bb6 (12... dxc6 13. Rae1 Bb6 14. Bxh7+ Kxh7 15. Qd3+ Kg8 16. Bxb6 Qd6 17. Bd4) 
     13.Qb4! the 1 move impossible to find improvement Qxb4 14. cxb7!! Wow a tactic... g-d forbid) 12. cxd7 Bxd7 13. Qe4!! Qxe4 14. Bxe4 Rab8 15. O-O-O 
     {-0.15 Whites king activates quickly and he has an attack against queenside pawns in all games tested.  Houdini 3 16 processors}) 
10. Bd3! (DUH! not cxd7 which only a weak player would play UON,Zimeckchess,Wind etc)  
Bc5 (10... dxc6 11.Bxe4= {0.00}) 11. Qc4 Bxe3 12. Bxe4 Bxf2+= {+0.05} 

(not 12... Bg5? 13. O-O! {black is in trouble there according to Houdini}) 

Thus, the analysis on this page is a lie with one players opinion inserted. 
www.zimbeckchess.com is where this was sourced. It was deemed unreliable because the random guy that edited wanted to war with me because he did not like what I said when I said I felt the Halloween was """"Playable"""". Don't dare play this line anyone! Someone will play this dusty Kaufman line and win a pawn by force!!! Kaufman the all knowing all seeing eye atop the pyramid and Euwe and 100 year old player who would not even be able to beat my laptop in chess. Beware the innocuous PINSKI REFUTATION THAT IS NOT REALLY A REFUTATION

Maybe if I was Carlsen this guy would stop undoing my edits and saying my """"personal website"""" was unreliable. Or maybe not! Maybe Carlsen can not edit Wikipedia. Maybe this is Carlsen in disguise!! Think of how many people RELY on wikipedia. People RELY on experts in their fiedls. But what happens when the experts get ignored?! I guess my master title in chess is toilet paper. So are my chess puzzles. My """"self-published"""" book is probably garbage. Maybe I should delete my """"personal"""" website because its not Krabbes site which this guy likes better because he likes Krabbe better than Zimbeck. In his eyes, judging Zimbeck by one comment made about the opening being playable. What this guy does not know, is theory changes and thats why they call it theory. OR ELSE WE SHOULD JUST CLOSE THIS PAGE AND ALLOW NOBODY TO EDIT IT BECAUSE IT MUST BE FACT!!! AFTER ALL SOMEONE WHO DOES NOT EVEN KNOW HOW TO PLAY CHESS THINKS A DUSTY PINSKI LINE REFUTES THE ENTIRE OPENING AND IT DOES NOT EVEN ENGAGE IN THE SACRIFICE. IT JUST GIVES THE PIECE BACK LIKE A COWARD AND GETS THE WORLDS MOST BORING POSITIONS THAT ARE ALL 0.00 ACCORDING TO HOUDINI.

166.137.88.42  """,1,benign
53174,"""The word choice employed by some Wikipedians (i.e. """"dictator"""", """"genocidal"""", """"child eater"""", etc.) is """"juvenile"""", not mine. Wikipedian opportunism and double standards is juvenile.
~~Talk to me

""",1,benign
98864,"Semi-major axis
Am I reading that the diameter is 12955759 km (obviously not correct), or is there supposed to be some formatting that I'm missing?",1,benign
86560,"Good Point, we should really wait to post the English list until we know for sure",1,benign
130891,"I just lost the bottom of my article.  I was trying to do the references.  Oh heck!!

I'll bear in mind about the conflict of interest.  I think I'm gonna leave it now.  This is scary. 

Thanks",1,benign
124107,"I can do whuteva I want, weneva I want, punk!",1,benign
17610,I want nothing further further to do with Wikipedia and have advised all students in my university classes to desist from contributing to a forum whose administrative editors are incapable of distinguishing between properly researched contributions and contributors who would fail any university course.,1,benign
155363,"2nd lever warning

Stop taking back the facts, which you do not know ahout, nobody is removing anything, except what is wrong, grow up
Since you are wrong on Stalin and few other things, I'd like to stay in touch with you, since you are an aministrator, so we can talk abotu other prorblems, once I get back,  I would like one administrator to take care of my postings and other vandals... But let me remind you, this is  a free site, so if I do not post something as beautiful as million dollar baby, be gratefull anyways... and that GOES FOR THE REST OF TIME - WASTERS!",1,benign
42251,"""

but I make very good edits on articles and am very helpful ARKJEDI10  """,1,benign
8848,I reckon I could have this featurable by Sunday.  Although I am thoroughly disillusioned I feel like writing just one more FA.  Seeing as I started the article I might as well finish the job on it.,1,benign
37657,I think the fact that Obama needed to be sworn in again and this has made worldwide headlines since the Inauguration that this should be in the lead.,1,benign
39540,"""

It wasn't a gaffe, it was an anecdote.  This is non-notable, the """"Gaffe"""" section is grammatically atrocious and the whole mess should be deleted in favor of some relevant information or that same information presented in a relevant manner. 71.191.206.244  """,1,benign
15532,"""

 Semi-protected edit request on 3 June 2014 

""""Meaning we ourselves are our own agents of deceit, and so in order for one to know truth one must choice to openly pursue truth.""""

Change to:

""""Meaning we ourselves are our own agents of deceit, and so in order for one to know truth one must choose to openly pursue truth.""""

The change being 'choice' to 'choose'.

Source: English.

  """,1,benign
158418,"August 2007 (UTC)

I agree as longs as the facts are there and the point is valid the medium should not really matter.In fact I cant remember the last time the daily show needed a retraction. unlike FN,CNN, or MSNBC.  08:51, 27",1,benign
118481,"GOOD DAY MY BROTHER 

I AM A PROUD GREEK, JUST WISHING A SERB BROTHER A GOOD DAY. MAY OUR NATIONS LIVE FOR THE NEXT 10000000 YEARS!",1,benign
73574,"Like the Greens do, something on their site with the image and stating it is released under the creative commons license would be good.",1,benign
32447,"WPFC subprojects 

Hello Termer, you are one of the 3 current active members of the Subdivisions bureau. Members are considered inactive if their last contribution to Wikipedia has been over 6 months ago. There is a current discussion going on concerning the merging of some of the WPFC's subprojects due to the overlap and relative inactivity of those currently extant. Please respond to me soon with your support of or opposition to the creation of a single Subdivisions task force. The current three subprojects that will be merged are the Subdivisions bureau, the AH subdivisions work group (parts of which are already covered by the Austria-Hungary task force), and the Former subdivisions work group. Thank you,",1,benign
15617,"""

The Economist on Polish economy: strong (2009) , good but slowing (2012), . Most sources I am familiar with tend to describe Polish economy as in good shape. By the way, I would really like to read more reliable sources on the conspiracy theories about """"foreign interests are buying up Polish XXX and impoverishing Poland"""". This probably deserves a nice Wikipedia article, too. (And of course, all good conspiracy theories have a kernel of truth to them...) | reply here """,1,benign
89268,"""
Phrases like those below pepper the entire article displaying obvious POV. Other viewpoints are presented, but loaded language and the implication (and sometime explicit statements) that others are heretical (or even worse, non-Christian) is distinctly not NPOV. I hope this clarifies the issue I have with the article as it stands.  
""""Christians identify Jesus as God incarnate and the Messiah.""""
""""Christians believe that Jesus was raised from the dead on the third day since his crucifixion, then later appeared first to Mary Magdalene, to his assembled disciples on the evening after his resurrection, and to various people in several places over the next forty days.""""
""""Christians believe that salvation from """"sin and death"""" is only available through faith in Jesus as saviour because of his atoning sacrifice on the cross which paid for sins.""""
""""Christians believe the Holy Spirit inspired the Scriptures,[31] and that his active participation in a believer's life (even to the extent of """"indwelling"""", or in a certain sense taking up residence within, the believer) is essential to living a Christian life."""" 
""""Christians trace the orthodox formula of the Trinity — Father, Son, and Holy Spirit — back to the resurrected Jesus himself, who used this phrase in the Great Commission (Matthew 28:16-20).""""
""""Christian is one who believes in the Trinity, and non-Trinitarian groups (e.g. Latter-Day Saints and Jehovah's Witnesses) are not Christian."""" (Obvious in its POV.)
""""Christianity regards the Bible, a collection of canonical books in two parts, the Old Testament and the New Testament, as authoritative: written by human authors under the inspiration of the Holy Spirit and therefore the inerrant Word of God.""""""",1,benign
12382,Did you remove my post on the discussion page for Dog Latin too? Harry Potter spells are relevant for that article because that's obviously the most prominent use of Dog Latin in popular culture. How could you have no mention of Harry Potter incantations in the Dog Latin article? Seems to me you're a partisan trying to censor stuff that you don't agree with.,1,benign
99644,"""

 Were just persnickety... 

Nobody is really having trouble with the site, some of us are just more diligent about the Wikipedia:Policies and guidelines being followed. We are all just editors, just as you have now become, and if you plan to write or make major edits to WP you will nearly always encounter the stricter editors. Our only concern is the quality and integrity of the encyclopedia. You have every right to be WP:BOLD in your editing and question the actions of the other editors, just bear in mind the policies of Conflict of interest and Neutral point of view are two of the firmest policies and I don't want to see someone work hard on an article just to end up having it reverted by someone. )  (wots all this, then?) 
PS: The tags are primarily there because the article is heavily edited by a person involved at a high level in the organization. The only way to remedy this would be to involve a third-party to edit or make the re-writes from now on and bear in mind that it I would highly discourage you not to change your username again in order to edit an article with which there have been issues as that is not allowed and might lead to issues with your account. Maybe even a volunteer with your organization could help. If you don't care to go on the talk pages you can ask me anything, we are all the same around here. (wots all this, then?) """,1,benign
143079,"""No done}} I removed this for a moment. On more careful reading, the source does say """"Russian-made"""" and the content in the article clearly qualifies that the information is on behalf of the Ukrainian position. Speculation on our behalves contravenes Wikipedia policy (WP:OR). Nevertheless, thanks""",1,benign
51369,REDIRECT Talk:Catalan Basketball Cup,1,benign
61651,"""

 I would agree that """"a mess of examples"""" is not a good thing. If you read the history and the talk: archives here, you might also note that I'm one of the editors who has been most active in removing such. 
 """"a broadbased consensus"""" [to only] """"B & C"""".  Where?  There has been no such consensus.
 This article does not need a list of """"my favourite language"""", but at the same time it does need true examples. Not as language samples, but as examples of what a Hello World program looks like, for the benefit of the general principle. Readers of this article need to see what such a program looks like, and (most importantly) why one would bother. Hello World in JavaScript is trivial - why would any programmer even care to write it?  It makes much more sense for more difficult languages like assembler.
 My edit was to re-add examples for JavaScript, Java and Assembler. I have no particular attachment to these languages but JavaScript is contemporary and as simple as it gets, Java is contemporary and demonstrates how a modern language might still need to be more verbose. Assembler is obscure these days, but it highlights just how much work can still be needed to get Hello World up and running. I believe these three limited examples convey something of value at the level of a general article on Hello World and thus belong here.
 You also removed the note on the Arduino and the use of non-text output devices in the Hello World context. Why?
 Finally, I'd point out that it's not Bold - Revert - Edit war again because I KNOW I'M RIGHT.   """,1,benign
116325,"== 
 yeah i think so tooo     
 ==",1,benign
101709,"Hi Keetoowah

Just wanted to say hello.",1,benign
76528,"Affordable Housing As Opposed to Single Room Occupancy
Many newer SRO buildings in New York City in particular are actually quite comfortable more like small studio apartments/bachelor apartments than the traditional slum/flophouse/cage hotel
the newer buildings typically inlude a bathroom and kitchenette for each resident in the room",1,benign
63560,"""
It is not a term I am familiar with, even after working on hundreds of RAF station articles. It almost sounds like a phrase made up by someone not overly ofay with RAF terminology. Servicing flight maybe, Servicing Squadron or Servicing Wing are all familiar to me, but never echelon. Skip over it for the time being and look at that aspect later would be my advice (or ask MilborneOne who is very knowledgable).   GREENSTUFF """,1,benign
23435,My pleasure...I was actually going to commend to two of you for being the former FA back....good work.,1,benign
20506,to do anything more constructive,1,benign
82543,"""

Just so there's no confusion, the troll, and I emphasize that, above is user Melbourne Star: The user who continued to revert my edit on the Judge Judy article on basis of """"original research"""" despite my telling him multiple times, it was information provided in a New York Post source which I placed in the article.173.0.254.229  """,1,benign
106466,How can you not know what to think? I simply asked you to agree to abide by wikipedia rules and you cannot agree to that? And again I ask you to agree by to the above. 208.54.35.173,1,benign
91342,""" Bythe way there is no such """"Chinese letters"""" as you said.""",1,benign
104713,"Thanks 

That was the IP's second go, thanks for fixing it. I wonder if it's related to your post to our pages? We must have something in common.",1,benign
38658,"As for the Young one, I'll admit that I hastily blocked that one, but I feel that that one along with mostly all of the others would not become a problem in the forseeable future...",1,benign
158251,"u need to stop ur disruptive editing in the article which is already fine.
 abureem and likes have no Civilty and they are working on behalf of You.or they are Sockpuppet of urs.
 Times issue was settelled already which needsnnot ur Biased and Non Neutral editing.
 and Don't remove new heading Presentabout various scholars.it is Vandalism once again.
 (t • c)",1,benign
45944,"""

I find it absolutely ridiculous that """"Jacksantr"""" consistently deletes the referenced ranking information. Is this the common attitude of the alumni of this university? No wonder it is ranked so low. I think Bogazici University's culture encourages to live isolated from the world instead of becoming integrated and competent. In the article, it is stated that the university has some connections to the US. On the other hand, anybody who has been to the US would know that competition is intense between universities and rankings are very popular (for good reason) in the US. The only way to get a good rank is to work and publish a lot as well as provide a better teaching environment without isolating from the developed countries. Bogazici University needs to learn a lot from other universities in Turkey that are ranked well, such as Istanbul Technical University and Bilkent University.""",1,benign
52157,"""

 Stay tuned. EndlessDan """,1,benign
54765,"""
 Some thoughts:
Yes, if you define """"environmental journal"""" as any journal that ever published an article dealing with environmental issues. Determining this will often involve original research and interpretation.
No, if you go by the inclusion criteria given in the lead of this list: this journal clearly is not """"focused"""" on environmental issues, even though they may be included in the scope.
No, if you go by the journal's homepage, which not even mentions the word """"environmental"""".
So it all depends on how you want to define """"environmental journal"""". Personally, I would define that as a journal dedicated to environmental issues, not just any journal that occasionally also publishes something related. But I also know that David tends to go for the latter, wider definition -)   """,1,benign
1180,"""

Sorry, I consulted you before I did anything else. Then I noticed you'd posted to the second debate, so I left a note there. No, I'm afraid the closing reason is not beside the point. I am going to reverse you, but do feel free to re-close it as a """"no consensus"""" if you wish. Closing on a technicality, when some people are arguing for deletion is simply going to frustrate people and lead to a needless second debate on DRV and AfD. You do not close a debate on the ground of the nominators wishes, unless no one else is suggesting delete.  """,1,benign
18472,"""

 Headline text 
Questions and comments

Ms. Barber wrote: """"In a united effort, the ISSR Licensed Breeders only produce approximately 200 pups per year""""  '''''

Ms. Barber-How many of those puppies were """"produced"""" by your kennel?  What specific health testing do you conduct on your dogs?

You, and those supporting your club/registry, have been respectfully asked for this information numerous times during this discussion yet you continue to ignore these legitimate requests, while appearing rude, insulting, superior-minded, and frankly an entirely offensive and inarticulate representative of this breed you """"founded"""" and the other breeders affiliated with your registry.  I certainly hope other breeders affiliated with your organization do not present themselves to the public in the same way you do, as I can't imagine anyone with any intelligence and self-esteem would be willing to tolerate such unprofessional behavior, much less purchase any puppies/dogs from people who conduct themselves the way you have in this discussion.

You claim a lot, but you provide no independent support for your claims, only your own writings on your own website.  You claim anyone """"producing"""" dogs other than you or your registry are frauds, yet you are unwilling to prove how this is true other than offering some photos YOU have taken of these dogs and your own rantings, as evidence. You claim breeders unaffiliated with you are """"in it for the money"""", yet you ignore the fact that:

You produce more of these dogs than almost all other breeders combined, through your wholly and co-owned breeding dogs.  Your website (http://www.newzionshilohs.org/upcoming_litters.htm) for this Winter alone, shows you are """"producing"""" ELEVEN litters at New Zion and through co-ownership breedings.  Eleven litters, even conservatively speaking, could easily produce over 100 PUPPIES!  And, you are planning for 20 more litters next Spring and Summer!  You also currently list over 25 stud dogs and over 25 females you are considering for breeding!

You charge a lot of money for each puppy you produce ($900-$2500+)and you contractually reserve the right, at your own discretion, to substitute a puppy from a buyer's desired litter to another compatible (again, based on your own determination) litter AFTER the buyer has submitted payment to you. (see: http://www.newzionshilohs.org/Policies_N_Prices.htm.....""""New Zion reserves the right to substitute any litter of equal/higher value that is compatible with your exact requirements"""")

You require your puppy-buyers to not only pay you for puppies at the time of purchase, but you also require them to sign contracts promising future puppy and breeding rights, in order to profit from the dog not only now but also throughout his/her life. 

You have no stated policy on your website page (http://www.newzionshilohs.org/Policies_N_Prices.htm) re: your own commitment to rescue and make/find a home for for any of the puppies/dogs you """"produce"""", should they become unwanted, homeless and/or end up in shelters or abusive situations.

Your """"Policies and Prices"""" make no mention of a contractual requirement or even a suggestion by you (with the signed contractual commitment of your puppy-buyers) to spay/neuter their new """"pets"""", in order to reduce overpopulation of this breed and dogs, in general.  I could find nowhere on your website where the horrifying statistics of unwanted/euthanzied dogs in the U.S. (2 million +, including 25% of which are purebred dogs) is responsibly addressed by someone actively promoting and engaged in the proliferation of this explosion.
 
Your website does not list any references, such as recommending/governing affiliations (i.e. Better Business Bureau), approval ratings (i.e. OFA, Penn-Hip, CERF), or other professional organizations to which you belong (ie. American Dog Owner's Association, the the Delta Society [therapy], dog training or agility organizations, etc.), only your own dog club(SSDCA), you own dog registry (ISSR), your own literature (except some very limited information by Dr. Padgett and numerous and righteous religious and biblical quotations).

You are the """"Chairman"""" of the board of directors for your registry's dog club, the SSDCA (which charges for membership and participation in club activities).  There is also no arbitration committee available within this organization to negotiate/override any challenges to your decisions.

You control the ISSR dog registry, which charges puppy owners/breeders numerous fees for numerous types of registration papers and other background information, not to mention also deciding if/when/where/how any breeders in your registry are allowed to breed their dogs.  There is also no arbitration committee available within this organization to negotiate/override",1,benign
156382,""" —Preceding unsigned comment added by  (talk • contribs) 

I remember trying it back when Hong Kong was still British. If I recall correctly it tasted pretty much the same way a chicken coop smells.   """,1,benign
122298,"""

 Sorry it took so long... 

...but I finished the German translation for my edit counter. Thanks! ( · talk)  · @960  ·  """,1,benign
4754,"Merger proposal 
I propose that List of Deans of ILR School be merged into Cornell University ILR School. I think that the list could easily be just a table in the history section of this article, and theschool article is of a reasonable size in which the merging of list of deans will not cause any problems as far as article size or undue weight is concerned.",1,benign
40031,"Ok, seriously 

How the hell was the Antlion page a vandalism? 69.138.243.215",1,benign
140729,That page does contain some erroneous information and some parts of it have been lifted verbatim from other websites. I will put it on my list of things to improve...,1,benign
97430,"(:)I totally agree with right frame of mind this article can be improved as well as I believe the nature of this article is such that it would have conflicting views. To reach a consensus and to have these conflicting views presented with fairness would require patience and fact based research. May be the best possible way is to give a proper structure to this article and improve on it. 

I would also request other contributor’s o refrain from making personal remarks, which is against spirit of the wikipedia and its concept.

Thanks ( )",1,benign
47296,"""

Please hark this apology
And study it logically
For promise doth this poet
With scinerity, don't-you-know-it
""""I will no longer write
Rhyming total shite
If unblocked I do be
By Mr J.z.G""""
81.158.98.214  """,1,benign
40911,"No prob, and after you move don't forget to removed the AfC banner and stuff (I'mm sure you already know that ) ''''''(Come Talk to Me!)",1,benign
71951,"Images I find on Google are now available to the public to use. I added half the information on the Altiyan Childs page, so don't try and take the credit. If you used your brain, you would know that no where, and I repeat NO WHERE can I see a visible copyright. I don't think someone took the picture from the Kylie Minogue article on their camera, nor the picture from the Spice Girls, Beyonce, Leona Lewis articles. Stop trolling.",1,benign
95212,"""
 I figured letting Fram do it might have removed TT's need to be a little bit nasty (talk→  ←track) """,1,benign
72231,Thanks. It's sad that SDL has low abstraction possibilities. I think Mathematica has fantastically flexible and expressive syntax. And some intermediate tool could help develop complex math visualisation.,1,benign
16037,"""

A tag has been placed on Jack thorpe requesting that it be speedily deleted from Wikipedia. This has been done because the article appears to be about a person, group of people, band, club, company, or web content, but it does not indicate how or why the subject is notable: that is, why an article about that subject should be included in an encyclopedia. Under the criteria for speedy deletion, articles that do not assert the subject's importance or significance may be deleted at any time. Please see the guidelines for what is generally accepted as notable. 

If you think that you can assert the notability of the subject, you may contest the deletion by adding  to the top of the page (just below the existing speedy deletion or """"db"""" tag), coupled with adding a note on the article's talk page explaining your position, but be aware that once tagged for speedy deletion, if the article meets the criterion it may be deleted without delay. Please do not remove the speedy deletion tag yourself, but don't hesitate to add information to the article that would confirm the subject's notability under Wikipedia guidelines.

For guidelines on specific types of articles, you may want to check out our criteria for biographies, for web sites, for bands, or for companies. Feel free to leave a note on my talk page if you have any questions about this.     """,1,benign
71027,Nope. By policy here it is not a reliable source.  —,1,benign
126128,"It is located in the heart of the University and city of Oxford.
 see Hughes_Hall,_Cambridge, Wolfson_College,_Cambridge, St_Edmund's_College,_Cambridge for other examples.",1,benign
87444,"Great Synagogue of Vilna - not! 

, I greatly appreciate your quick and informative response that clarified the post-WWII identity of the two Vilna synagogues. The GFH Photo Archive director accepts this correction with thanks, and I'll add mine for your contribution to making our material accurate and reliable. I'll look forward to consulting you in the future on matters of 20th C.Lithuanian history, and also on adding photo images (something I've yet to do) to WP pages I edit.   Thanks again,",1,benign
17676,"It seems likely that you are the same user as Microartstudio. If so then you have already been informed of Wikipedia's guideline on conflict of interest, and that it is not acceptable to edit to promote a company. I notice that some of your editing has repeated editing by Microartstudio which had been reverted. If you continue to edit contrary to Wikipedia's guidelines then you may be blocked from editing.",1,benign
8069,"WTMM and WEEV
Thanks of taking care of this for me. I wasn't exactly sure how the new wikilinking would work with the change in station frequency and callsign. 
 19:35,2 January 2007(UTC)",1,benign
61332,Found and added sources. 46.227.191.109,1,benign
636,"WP:FILM December 2010 Newsletter
The December 2010 issue of the WikiProject Film newsletter has been published. You may read the newsletter, change the format in which future issues will be delivered to you, or unsubscribe from this notification by following the link. If you have an idea for improving the newsletter please leave a message on my talk page. Happy editing!  (talk • contrib)",1,benign
132842,")
 Archive 3 (September 2006 - December 2007",1,benign
23218,"""

 Plot: 

The film opens with Lord Voldemort stealing the Elder wand from Albus Dumbledore's tomb and shooting a large bolt of lightning into the sky. It then cuts to Hogwarts which is no longer a colorful castle of magic, but a shadowy concentration camp surrounded by Dementors with the students being marched through the Entrance Courtyard. Severus Snape stands in the top of the castle and watches the students with a blank expression.
At Shell Cottage, Harry Potter sits in front of Dobby's grave, gazing into the one way mirror. He suspects that there is a Horcrux in Bellatrix Lestrange's vault at Gringotts so he, Ron and Hermione strike a deal with Griphook: he will get them into Gringotts Wizarding Bank to find the Horcrux if they give him the Sword of Gryffindor, a bargain to which they reluctantly agree. Harry then questions Ollivander, who examines and identifies the stolen wands of Bellatrix Lestrange and Draco Malfoy. While he confirms that Draco's wand is safe to use, he cautions Harry about Bellatrix's wand, as it is """"unyielding"""" and might be dangerous unless its allegiance has changed. Harry then asks him if he knows about the Deathly Hallows and Ollivander claims he does not think they exist, although Harry knows he told Voldemort about the Elder Wand and is determined to kill Voldemort first.

With Harry and Griphook under the Invisibility Cloak, Hermione disguised as Bellatrix and Ron as a foreign wizard with bushy facial hair, the trio and Griphook apparate to Gringotts. During the first phase of the mission Harry and Ron are forced to use the Imperius Curse on Bogrod to cover up Hermione's unsuccessful impersonation of Bellatrix. They manage to get into the vault despite their disguises being removed by The Thief's Downfall, and inside the vault they find Helga Hufflepuff's Cup, the Horcrux, but set off the Geminio curse, causing everything they touch to multiply exponentially. Griphook takes the sword from them after they get the cup, saying that he never said he would help them get out, only in. He runs for it and calls security, the trio are almost crushed by the gold and captured but Hermione gets them to jump on the back of a dragon kept as a security measure. Setting the dragon free, it wreaks havoc killing several goblins (including Bogrod), crashing through the roof and flying off with the trio on its back. After jumping off the dragon into a lake, Harry has a vision of Voldemort furiously killing Griphook and many other Gringotts employees and personnel at Malfoy Manor for allowing his Horcrux to get stolen. Choosing to keep Nagini by his side, he summons his followers and orders them to invade Hogwarts to ensure the Horcrux he hid there is still safe.

Having sensed Voldemort thinking of his Horcrux and Hogwarts through their connection, Harry tells the other two they have to go there and destroy it before Voldemort can get to it, and that Voldemort seems to be getting more fragile with each Horcrux destroyed. They apparate to Hogsmeade but immediately trigger alarms set up by Death Eaters, waiting for Harry. The trio are almost captured but Aberforth Dumbledore gets them safely into his home and berates them for coming to the village. Harry discovers that it was him who had been watching them through the mirror shard and him who sent Dobby to rescue them before after seeing the Two-Way mirror hung up on the wall. Aberforth provides them with food and tells them to give up on their mission, go into hiding and save themselves. Harry said that he trusts Dumbledore's judgement that the task has to be seen through no matter what, but Aberforth insists that Albus had left them a suicide mission and it was hopeless. After Harry insisted on finishing what he had started, Aberforth summoned Neville Longbottom through a secret passage behind Ariana's portrait to bring them into Hogwarts. Bruised and beaten by the Death Eaters of the staff, Neville and most of the students have been hiding in the Room of Requirement all year. They welcome Harry in with tremendous applause and jump at the idea of helping Harry finish Voldemort but Harry still doesn't know what the Horcrux looked like or where it was. After saying it might be connected to Ravenclaw, Luna suggests that Rowena Ravenclaw's Diadem might be it, despite no one alive today having seen it. Ginny arrives and after gazing at Harry for a moment tells everyone that Snape was now aware of Harry's break in and wanted everyone in the Great Hall.

In the hall, Snape orders anyone who may hold information regarding Harry's location to tell him immediately or face punishment. Harry then reveals himself after hiding within the crowd and rebukes Snape for standing where Dumbledore once stood as Headmaster, ordering him to tell the students the truth of how he betrayed and killed Dumbledore as Order Of The Phoenix members enter the Great Hall. Snape draws his wand in anger bu",1,benign
157758,I've gone ahead and implemented the revisions to the lede section discussed above.  Please feel free to comment here or on my talk page if there is any additional feedback.  Thanks!,1,benign
9738,"If this were a pop culture blog, would it be relevant to have a section about somebody's guest post on Lady Gaga? IF so, what would you write then?",1,benign
126910,"http://en.wikipedia.org/wiki/User_talk:62.203.172.174 

What the fu** are you talking about? If you had an ounce of reason in your scull you would have seen that I just removed a double entry - nothing else. 

By the way, there is more of it further down on that page, but I refrained from doing that, as I am not a native speaker.

NB: It is people like you that make life hell for ordinary wikipedians.",1,benign
6460,"It's time for you to fess up 

Rachel Marsden? This raises serious WP:COI implications. It would be best if you were honest with the community right now.",1,benign
111165,Please stop vandalising the Gary Williams page. You are abusing a good service.,1,benign
110711,"""==March 2009==
Please do not add unsourced information or other material that violates our policy on living people into articles as you did to Carson Daly.  The Red Pen of Doom """,1,benign
15075,"restore my changes and protect Greek alphabet and its templates from other editors, but not from me - I wanted only add missing letters and nothing more",1,benign
48714,"I understand no Turkish and I do not come from Turkey. 

I come from the northIraq and I speak Arab and Kurdish.

Siktir Lan  I learned of your Turkish friends.",1,benign
44508,"Jozef Tiso lead 

Since I have not received a response from you on my earlier question, I will repeat it. Where do we stand on the issue of only referring to Tiso as a fascist in the lead? Are you still insisting on this point? I look forward to your reply.",1,benign
93222,"further advice: Please see  our FAQ  about businesses, other organisations, and articles like this.    '''''' ( talk )",1,benign
157744,"""'German state of Schleswig-Holstein where wooded arrow shafts and clubs have been excavated.'  TYPO= I think you meant """"wooden"""" not """"wooded""""""",1,benign
146756,"Jobst - please stop rudeness 

Jobst. My patience is wearing thin. You cannot edit on a word processor and then paste back in and delete all my contributions in the process. That is extremely RUDE!",1,benign
131427,"""

 Spelling 

 I think you misspelled """"Teh"""".    """,1,benign
94179,"Thanks, i dont mean to bother you but i would like to use the undercover source over the other one for a few sale amounts, they are
mariah carey -daydream (mariah carey album)-25M instead of 22M
Mariah Carey-Music Box (album)-32M instead of 28M
and those two on the mariah carey discography and also these on the discography
charmbeacelet-4.2M to 5M
butterfly-12 to 15.5M
teom-10 to 10.2 M

thanks,if you approve the changes that will be great, thanks",1,benign
37762,"Ping
I have sent you an e-mail.",1,benign
12774,"Semi-protected edit request on 25 January 2014 

I'd like to edit the page because the genre section says they just play Heavy metal & Metalcore, even though they also play Thrash metal. Songs like Scream Aim Fire, Waking the Demon, Raising Hell, etc. are Thrash metal songs, so saying that they just play Heavy metal & Metalcore is incorrect. Also, some of the genres of the singles are incorrect, & I'd like to edit them too.",1,benign
40614,"""

 comment 

Hi, It is making it more difficult for researchers by adding """"Sri"""" to Sri Klemp's name. Everytime a search is done for Harold Klemp, Wiki has to keep performing a redirect. I was told that Wiki prefers the directs instead of redirects.  

If you notice, Harold Klemp himself does not publish his books as """"Sri Harold Klemp."""" This title of respect should be put in his bio because it makes it more difficult to find him when doing research. It is going to mess up the categories, etc.  

Instead, the title should be added to the bio or somehow fixed to make it easier for researchers. I don't know how to fix it. So I will put a request on my talk page for help. 

Thank you for contributing to Wikipedia. KarateLady """,1,benign
84257,Any background on who the experimentalist is that actually discovered this effect? When did this start being used by geophysicits to chart chemical compositions?68.35.72.13,1,benign
65016,"I'm ok thanks, i have better things to do with my life... Have a good life.",1,benign
50819,"Disist making false claims in edit summaries and in messages on my talk..
I started an entire section on the talkpage of Talk:Fascism specifically about you, you have yet to reply to absoutely any of it at all, you have yet to engage in the discussion. I have come forward and brought together a long talkpage message concerning it, but you're avoiding it. We both know that you are simply playing a game by attempting to WP:CENSOR Wikipedia. As you are violating WP:EDIT, WP:CITE and WP:BLANK with your purging of over 70 sources.

You are familiar with our policies so that is not that problem, you know full well that wholesale reverting information with 70+ sources is not acceptable and violates the above. If you have a problem with specific parts of the text in the version I'm developing, all with sources, then bring up the specific parts on the talk and I'll gladly discuss it with you. However wholesale reverting hours of sources, vertified information is just a violation of vandalism and you know it is not acceptable. -",1,benign
53855,"What are you doing? 

Dude why did you delete those eagle covers? I uploaded better versions.",1,benign
26059,"Your whole purpose at Wikipedia appears to be promoting Sharma and material related to Sharma. I don't know who you are and what connection you have with Sharma, but in the future, I suggest you propose any changes on the article talk pages rather than directly edit the articles. See WP:COI.",1,benign
150549,"""

 Essjay double standard 

Editing Free Speech is not vandalism with a clearly identified section titled """"criticisms of the policy"""".   You failed to follow policies and failed to warn or revert.  Also, are you a native cherokee speaker?   """,1,benign
144711,"notable cat is nooooooooooooooooooooooooooooootable 

I don't see why Longcat keeps getting removed from this list. First, he wasn't notable enough to warrant his own article, which is true, so it was suggested it would be moved to a list such as this. Now it keeps getting baleeted, while things like Limecat stay. Longcat is much more prevalent than Limecat, so I don't see why one stays while the other gets baleeted.",1,benign
93083,"""

 Sandbox 

Your draft/copy of the article from your user page has been saved at  (talk """,1,benign
95794,"""

Ok sorry I had no idea it was """"your article"""". Nobody will make any further edits because you own it.  """,1,benign
7885,"Thank you for experimenting with Wikipedia. Your test worked, and has been reverted or removed. Please use the sandbox for any other tests you want to do. Take a look at the welcome page if you would like to learn more about contributing to our encyclopedia.  ''''''  t|c",1,benign
33043,"Donald G. Tronstein 

I was wondering if you thought it would make sense to create a page about Donald G. Tronstein. See his obituary in the LA Times, and he is also mentioned here, here, here. His son Mark is now President of the Rodeo Drive Committee. I know you managed to flesh out Fred Hayman, so I don't know if the same could be done here. Otherwise, it might be worth adding some info about him to Rodeo Drive. What do you think?",1,benign
28552,"Heraldic translation: help needed 
Please can you translate a blazon. I drew the coat of arms of Coubron but I don't know how to describe in English the hunting horn on which some elements are of an other colour: the little pipe in which you blow, the lace and the metal ring at the end of the horn. Can you help me, please?",1,benign
138992,"Thank you for the invitation, Callanecc. I'm always looking for better ways to do things on Wikipedia, so I'll gladly throw my name in the hat in just a bit. Cheers!",1,benign
76829,Personal attack?  What on earth are you talking about?,1,benign
59871,"""

 Discussion 

Heya ) Please help reach consensus here. Its an easy vote, so don't get discouraged.  • Talk2Me  """,1,benign
127769,"Warning! ‎68.45.241.10 good faith alert! 

Again, the no good, vandalistic, good faith editing ip is messing around with Looney Tunes pages. do something immeditately, plz!",1,benign
1523,"Ripieno concerto a cinque: two violas scoring? 

One should check what proportion of cases of that supposed 17th c. two violas scoring is not actually scoring for an alto viola and a tenor viola? One should maybe start by looking at a few scores and if one gets the impression that it is indeed the case then one should look for a reputable source for this statement, because we're not supposed to do original research.",1,benign
105629,"""Re Trenton, New Jersey murder rates for 2006 and 2007.Shea, Kevin. """"City sees murder rate increase: Trenton records 25 homicides in 2007, up from 20 in 2006"""", The Times (Trenton), January 2, 2008. Accessed January 21, 2008. """"Trenton had 25 homicides in 2007, up from 20 in 2006.""""

""",1,benign
55547,"Thank you for your patience.  As the Quran is the word of God and teaches that Jesus was not crucified, we ought to delete this article.  Thanks again for your patience.  - 19 May, 2015",1,benign
20744,"""

 Possibly unfree Image:Afif-Safieh.jpg 
 An image that you uploaded or altered, Image:Afif-Safieh.jpg, has been listed at Wikipedia:Possibly unfree images because its copyright status is disputed. If the image's copyright status cannot be verified, it may be deleted. Please go to its page for more information if you are interested in it not being deleted. Thank you. -T """,1,benign
144446,"Stop vanadalising 

I have now done what you could have done instead of deleting an entire referenced paragraph - editied it. In future, edit, don't delete whole paragraphs.",1,benign
33034,"Deletion Review 

Please revisit the deletion review of BattleMaster, the error is different than the nominator described, and your opinion should be changed to reflect the actual situation.",1,benign
91368,So provide some examples. ∇∆∇∆,1,benign
135808,"I agree with you and I know Brion is just being careful, but I think it needs pointing out to him that there is a community consensus, expressed many times in many places, for at the very least locking the database and changing the name and logo. I hope you'll at least point this out on Bugzilla and direct Brion to some of the discussions such as this one and the meta vote, because I seem to be unable to sign up for an account over there. Thanks.  
Brion has me on ignore on IRC so I'd rather not even talk to him right now. Ignoring him back seems to be the most constructive thing I feel I can do. You are however welcome to post anything on bugzilla.  out",1,benign
46395,"Oh ya, but what do you mean (what's the troof?)",1,benign
82439,"References vs Sources 

Stop changing the ref tags. Ref tags are cleaner and look more professional. If you would like to quote a reference, put it in ref tags. Thanks.",1,benign
83444,By “rant” I was referring to his lengthy polemic on Tumbleman’s website where he calls the “skeptical” editors of Wikipedia a bunch of bullies (and a number of other nasty things).  I got Dougweller to save a copy here.  And you can view it on Tumbleman’s website [] (though it may have been altered since it was first posted).  76.107.171.90,1,benign
109911,"""
 Whoever """"this author"""" is you do not make much sense:
 ENCYCLOPEDIC: Wikipedia is supposed to be (and is!) the encyclopedia. It is not a superficial encyclopedia to elementary school pupils. You ideas about """"encyclopedic"""" are really funny. See for example other major technical/scientific articles like Calculus and General relativity. Do you suggest to make them shorter and remove there technical material that you may not understand? By your criteria for """"encyclopedic"""" both Wikipedia and others like Encyclopedia Britannica with probably shrink by at least 50%.
TEXTBOOK - This article is roughly 100K char long. Have you seen any database textbook? I know a few and they are larger in orders of magnitude! Typically hundreds of pages long. So, what are you talking about?  209.144.63.76  """,1,benign
131314,"""
Your """"research"""" just proves my point.  Fan theories aren't encyclopedic, especially with only 81 """"sources"""".  (talk) """,1,benign
54516,"""

I'm afraid that you're right — I've made a start, though (I'm working my way forward from 1940 in the Lists of number-one hits in the United States if you'd like to work back from 2005...).   (Talk) """,1,benign
132456,""":::::::You misunderstand. If there are strong allegations from 'RS' that someone has had Gay sex they should be included on Wiki. Just look at the Matt Drudge article and the fights there. For months! The RW team will go to any distance to keep well-proven claims that their RW 'heros' have had Gay sex or are Gay or Bi. There were strong allegations about Larry Craig for 2 years! But not on Wiki where the RW team protect the articles. Thats all. If the alleagtions aren't RS, just from a small blog they shouldndt go in, but when the claims are RS documented they should. They're not. Δbutler• 

""",1,benign
157805,"""

Bullying? Would threatening to commit a crime against the author constitute """"bullying""""? As I've pointed out numerous times, Zarove threatened to publish Acharyas credit information online if I didn't back off. Procuring someones credit report under false pretenses is a crime. Furthermore, this suggests Zarove has Acharyas SSN. The mentally ill person who kidnapped her child is known to have passed Acharyas personal information, such as her SSN, to fringe religious groups like tektonics.org.  He is wanted by the authorities. Zarove, have you been in touch with this psychotic kidnapper?  """,1,benign
11686,"Furthermore I am accused of creating a spam only account.  I have created server appliance the cat for these types of computers, made 15 edits and added photos, included all the cites, I merged WebTV witn MSN TV, requested the speedy deletion of supportsuite and thought my contribitons were good.  I have been accussed of many things. I wish an admin would review this.",1,benign
16351,Thanks for agreeing.  (T - C),1,benign
30792,"But sources use laissez-faire liberalism as a synonym for classical liberalism. Locke is considered a laissez-faire liberal.    No one would argue that Locke wasn't for laissez-faire, for government leaving person and property alone except to protect it.",1,benign
28359,"Seth Ravin
You voted in the DRV for Seth Ravin, and I wanted to let you know that the article is again at AFD: Wikipedia: Articles for deletion/Seth Ravin 2. Thanks. -",1,benign
43720,"Bishonen, Hi from me too.  I wonder if you would please take the time to read the argument between Jossi and me that started when Momento said that the only criticism against Rawat is that he's fat, has poor taste, etc.  I answered that it was much more than that, that he once claimed to be the Lord and Saviour of Mankind.  Jossi said he didn't, I provided the proof and Jossi kept denying that I had proven anything.  I'm curious what you think of the relative merits of that argument.  
Thanks",1,benign
13740,"Milestones 

I'm looking for the source, but IIRC, the Super Cub became the #1 motor vehicle in about 1997, when the total a was about 25 million. That's probably the most significant milestone. In 2008 was when the numbers totaled 60 million. One (weak) source I saw said it was 65 million as of 2010, not surprising given current production rates. It's somewhat trivial, but it would be nice to nail it down if we can.",1,benign
8783,"It goes like this: 1 physical CPU for BASIC, HOME and HOME PREMIUM editions, 2 physical CPUs for PRO, ULTIMATE and ENTERPRISE editions. Number of cores is not specified, which most likely means that all cores per CPU will be used. Source: http://www.microsoft.com/windows/windows-7/get/system-requirements.aspx",1,benign
60471,""":Ali, as I've wrote, none of those authors are aware of many important details, such as Kurekchay Treaty - an official and legal treaty which defined the entry of Karabakh into Russian empire. At the same time, the khan of Sheki too signed a similar treaty, for example. I know Michael Croissant, and his book is full of mistakes and errors, his book doesn't mean much in this regard. His mistakes are too gross  the Russo-Iran war started in 1806, whilst Karabakh became part of Russia in 1805 before such a war. Meanwhile, Tim Potier is a good legal expert, and it is surprizing to see him write that. But everyone is entitled to errors and his was due to lack of resources - he was limited as a scholar in variety of materials and legal status of Karabakh in 19th century was not his objective  the 20th century was. Anyways, I do not know the khans of Iran in the south and which treaties they concluded with British. If they did it in the Zand period, they probably had full legal right at the time, since Iran was more of a geographic entity, than political. Same with Azerbaijan (North) - it was geographic too. Whilst I do not remember the legal documents and letters of the time, the later Russian and British documents clearly identified Azerbaijanis of the North as """"aderbeijani tatars"""" - I have evidence of that as far back as 1880 in British census estimates and in the 1897 official Russian Imperial Census. Same word is used by Russian ethnographer Velichko in his 1903 book. Azerbaijani author, Firudin bey Kocharly wrote a book in 1908 """"Literature of Azerbaijani Turks"""". 

Anyways, Azerbaijanis simultaneously fought against both Iran and Russia at the time, and some sided with either one side or another. Unfortunately, you won't find much on that in libraries - but just one such translated book would allow scholars to reconsider mistaken assumptions. What is more important however, is that Karabakh khan (khan being a Turkic term derived from kagan), was that it concluded its own treaty, that it minted its own money (one of the typical examples of independence), and fought several wars with Iran, some handily winning, others, like 1797, ambgiously  but still Shah Muhammed Qajar gets killed. And I don't know who told you about Vagif and Ibrahim  by the later you probably mean Ibrahim khan, right? Well, Vagif, the poet and vizier, was executed in 1797, AFTER shah's death, and was executed by the temporary ruler, Mamed bey Jevanshir, who was nephew of Ibrahim khan. While details are murky and contradictory, the Qajars didn't have the primary rolse in this  indeed, once shah was killed, Iranian troops withdrew, it screwed up all the plans to re-conquering other parts of Azerbaijan and Georgia. Meanwhile, Ibrahim khan lived and ruled the khanate until tragic error - or so it is explained  in 1806. But anyway, the Kurekchay Treaty was signed by him. Thus, once more, Karabakh khanate, for one, was totally independent, and Iran had no legitimate or otherwise claims whatsoever to it. Meanwhile, few other khanates were nominally dependent - like Poland was to USSR, or Armenia to Russia (Russian speaker of Parliament, #3 person in the country, openly called it """"forepost of Russia"""" whilst in Armenia).  

""",1,benign
53756,Link to previous discussion. —talk,1,benign
51877,"The Verge seems to be creating a lot of links by basically introducing their editorial comments into around 1,000+ articles. Is this really valid?",1,benign
99659,"this is what is wrong with wikipedia, you people follow this guidelines without any common sense. I said his nationality is British, however he has referred to himself in many radio shows (as do most English people) as English. In the introduction it would not be incorrect to state he is a English....",1,benign
14221,"Thanks
Thanks for copyediting the Tim Henman article, and all the other articles you've copyedited. I really appreciate it; considering the fact that my grammar is not the best, its nice to have users like you around ) Even so, thanks. My exams are finished on Tuesday, so I'll probably begin expanding the Henman article on Wednesday or Thursday.",1,benign
55586,"UZI edit 

That was interesting. Strongly believe GF. A completly different name. New biographical info? It piqued me too. Hope the ed wanders over. Cheers!",1,benign
115411,"Woops, I checked some words with my Norsk-Engelsk/Engelsk-Norsk dictionary, but I missed that sentence. Thanks.  

review
GA review – see WP:WIAGA for criteria

Is it reasonably well written?
A. Prose quality:  
 
B. MoS compliance: 
 
Is it factually accurate and verifiable?
A. References to sources:  
 
B. Citation of reliable sources where necessary:  
 
C. No original research: 
 
Is it broad in its coverage?
A. Major aspects:  
 
B. Focused: 
 
Is it neutral?
Fair representation without bias: 
 
Is it stable?
 No edit wars, etc: 
 
Does it contain images to illustrate the topic?
A. Images are copyright tagged, and non-free images have fair use rationales:  
 
B. Images are provided where possible and appropriate, with suitable captions: 
 
Overall: 
Pass or Fail: 
 

Congratulations on the article, I'm awarding GA-status.",1,benign
153671,"""
Not the same people? I""""m a regular joe, and I am interested in Feynman diagrams. I suggest that articles should start with the simple and progress to the complex. Opening with a mind-bender sentence like this one shows a lack of consideration for anyone with less education than a PhD. A few sentences is all we're asking for. Im sure Mr Feynman would agree that any science concept can be explained in everyday terms, and Wikipedia is certainly an appropriate place for such explanations. Perhaps someone familliar with his works could look up what he himself said about his diagrams? Surely that would be an appropriate opening?   """,1,benign
42606,"""

Geographically, no matter how you look at it, we are not part of Asia but are our own continent. Heck, other continents such as Europe and Africa actually touch the continent of Asia, something that Australia does not do. Now, no one would ever claim that """"Europe and Africa are geographically Asian"""". Even the North American continent (tip of Alaska) has a point almost touching Asian continent.   

""",1,benign
44828,"Edits to Khamis al-Obeidi
Thank you for experimenting with Wikipedia. Your test worked, and it has been reverted or removed. Please use the sandbox for any other tests you want to do. Take a look at the welcome page if you would like to learn more about contributing to our encyclopedia.",1,benign
94784,"Editors will see the above as nothing but more bad faith personal attacks done to avoid dealing with the legitimate issues raised.   
I think this edit  makes matters worse rather than better, turning the weasely-implied into the unambiguously stated: that Koons' involvement in and financing of ICMEC was done to make it (and make any mention of his involvement in it) into an ongoing attack against his ex-wife. Even though this is not a blp article, this is a blp issue.",1,benign
88876,"""You sad sod. Libel. Hmmm, it seems you have just violated one of the Wiki-rules and alleged the commission of a crime. You are on the """"to be banned"""" list, and even more!  

""",1,benign
102160,Hi this is my Wikipedia page!!! Love you!!! TRimspa Baby!!!,1,benign
152179,"""

 Reference content check on Abkhazian Air Force 

I've discovered discrepancies between sources reporting on the air force inventory published 9 February 2007 by Nezavisimoe Voennoe Obozrenie and what was added to the article. The cited source, Segodnia.ru, differs from the article in that it reports """"7 вертолётов Ми-8, 3 вертолёта Ми-24"""", not 1 each. Two English translations I've found both list 1 each, but identify the MiG-21 fighter incorrectly as """"MiG-23"""" (a mistake not found in the Segodnia report), and specify the Mi-8 as a """"Mi-8T"""". Do you have access to the original Nezavisimoe Voennoe Obozrenie source so the actual text can be checked?  Thanks,  (Talk) """,1,benign
32348,"TWA 800 

Any thoughts on including TWA 800 as a possible ?  212.121.210.45",1,benign
118196,"""
Alright, , look at the page now. I've added a new header under """"Supreme Court nominees"""" which lists his votes. How do you feel about it?   """,1,benign
25239,"Morrison mentioned Clinton had at least five personal background characteristics of an black person, which is a lot more than just saying how that the essay was only deploring to just the way Clinton was being treated by the hands of Congress during the Lewinsky Scandal.",1,benign
151728,"Family and death 

I have added some historical perspective on the events in this section.",1,benign
107615,"A suggestion
Having just looked through your contributions and deleted contributions, may I suggest that you stop adding articles about yourself and your mates, and other equally non-notable subjects? Take some time out to look at what is acceptable on Wikipedia and what is not - and try to learn from the deletions you have already had. If you go on adding inappropriate pages, it could be regarded as vandalism and lead to you being blocked from editing. Wikipedia is an encyclopaedia, not a playground.",1,benign
31286,"""== Courtlandt Gross - Lockheed ==

Hi there, I wasn't sure what you meant by """"... subject is in your list of notables ..."""". Which list is this? About copyright, we cannot normally accept material just copied from other sources. If you want to write it in your own words and resubmit that would probably be fine. Any other questions, please ask.   """,1,benign
60648,"""

It wasn't candalizm, I was making it grammatical. """"A veggie"""" says nothing, I wanted to say """"she is""""""",1,benign
140493,"So basically, the user Johnuniq is to follow the user Jagged85 to every single article he edits. Than, Johnuniq (an islamophobe) continues to blindly argue that the sources must be wrong because they are introduced by Jagged85. Score 1 for Bias.",1,benign
121984,"It sounds reasonable enough.  Thanks! - 21:27, 3 December 2006 (GMT)",1,benign
9479,"Recent talk page comments
Have a look at WP:CIVIL.",1,benign
158889,"]]

 (1908), left to right: Fritz Klimsch August Gaul, Walter Leistikow, Hans Baluschek, Paul Cassirer, Max Slevogt (seated), George Mosson (standing), Carl Max Kruse (standing), Max Liebermann (seated), Emil Rudolf Weiß (standing), Lovis Corinth (standing).",1,benign
62390,"""

 Thank you for your input. When I violate the CVU's policies of being uncivil to vandals or biting newcomers, I will aquiese to such a request. Until then such a thing merely makes you look rather petty, for you cannot be suggesting such a thing for any other possible reason than to goad me. Talk| """,1,benign
132141,"""
Well, I saw it as two different points, such as """"used in Japanese and Hindu music"""" and """"considered by many to be a theoretical and experimental mode"""".  However, doesn't Japanese music use mainly pentatonic scales?  98.217.61.141  """,1,benign
47659,"Very good investigating there. Maybe you should work that into the section, and merge that into an appropriate area. -  (talk) 03:08, August 25, 2005 (UTC)",1,benign
8417,"Now.. For the picture page to remain, what do you need remove on the pages.

Two, can you remove the fraud external links, you make all Nigerian look like fraud or con artists....
this is my request.",1,benign
87572,"""I'd also like to make note that, for the most part, only 2 users have edited the """"Eunice"""" article, further giving the impression that people probably aren't viewing the page for reason they believe it's an article on the character.

""",1,benign
15523,"Trevor Hunt 

Pretty much one of the weirdest people in Roanoke.  Obessses over video games and his cats.  About two weeks ago, he ran straight into a mailbox and destroyed it.  That's pretty much the only reason anybody talks to him.",1,benign
153700,"Hi Jfreer,

Wikipedia is an encyclopedia, not a website to advertise your company, organization, or even theater. Its purpose is not to give people a forum to publish their mission statement for example as you did in that article. That said, please also read WP:COI and do not come to Wikipedia to advertise.

Another problem with the article is that it did not prove Wikipedia:Notability. If you want this article created please cite independent sources.",1,benign
105208,"Please review Wikipedia:Talk page guidelines

Talk pages are not for general chatter; please keep discussions on talk pages on the topic of how to improve the associated article.

Talk pages are also not strictly a forum to argue different points of view about controversial issues. They are a forum to discuss how different points of view should be included in the article so that the end result is neutral. Partisan debates do not align with the mission of Wikipedia, and get in the way of the job of writing an encyclopedia.",1,benign
156591,"""
I would add some of the text already in the history section such as McKinsey's death. Reference """"ninetytwo"""" metadata is not in the draft even though it's called a few times.    """,1,benign
115443,"""__NOEDITSECTION____NONEWSECTIONLINK__
Narayana Guru and Atheism

I disagree with the text in this section. Associating Narayana Guru with atheism clearly shows the lack of knowledge of the originating author on the Guru's philosophical and metaphysical works and perspective and reasoning of the Universe. Proclaimed atheists being associated with an individual in social reform initiatives does not by itself make the individual an atheist.

Also there is a clear distinction between rationalists and atheists.

This section needs to be edited.

Aaroamal

5 Feb 2005

Narayana Guru and Sahodran Ayyappan

Narayana Guru had disagreed with Sahodaran Ayyappan when the latter tried to corrupt Guru's teachings with Atheism.In fact Ayyappan requested Guru's permission to modify the slogan  'Oru Jati , Oru Matham, Oru Daivam Manushyanu' as 'Jati Venda, Matham Venda, Daivam Venda'. However, Guru ridiculed him by asking """" If Ayyappan wants to collect Rs.1 from each person to set up a library,  you will ask ' Give One Rupee,Give One Rupee,Give One Rupee'. Does that mean ' No Rupee,No Rupee,No Rupee """" ?

This 'Sahodaran' kept quiet at that time.However, he renewed his Atheist activities after the samadhi of Guru, thereby corrupting Guru's ideology. Vested interests fully exploited this confusion to corrupt Guru's teachings by projecting this 'Sahodaran' even above Guru. 

Krishnan

06-Feb-2005

Clarification on Atheism

No where in the article did I say that Naryanaguru was an atheist. What I wrote was “his attitude towards the existence of a personal god is considered quite ambivalent” and that many of his followers had considered him an atheist.  Can somebody point out which sentence of the article gives such an impression that he was an atheist?  It goes to the credit of Sri Narayanaguru that in spite of being a theist, he openly accepted even atheists as his core desciples. The importance of this can be guaged only if one consideres the period in which he lived.

One also has to be clear about the kind of thiesm Narayana Guru adovocated. It definitely was not the one associated with the brahaminical/casteist Hiduism.

I find it bit difficult to comprehend why this section on atheism and atheist followers of Narayanaguru should be edited out.  A discussion/debate on the philosophy of Narayanaguru is thoroughly understandable but I find it puzzling that the followers of Narayanaguru are getting overly agitated on hearing the word atheism. Pity indeed! 

And I agree with Aaroamal that there is a distintion between rationalist and atheist. That is precisely why I assert in my user page of wikipedia that I am both an atheist and rationalist.

 09:02, 10 Feb 2005 (UTC)

 Clarification on Atheism 

Manoj, True, you did not explicitly write that Narayana Guru was an atheist. However, you implicitly structured a (misinformed and incomplete) statement as follows:

 “When Sahodaran Ayyappan modified Narayana Guru's famous catchphrase, Oru Jati, Oru Matham, Oru Daivam Manushyanu (One Caste, One Religion, One God for Humanbeing) and re-written it as Jati Venda, Matham Venda, Daivam Venda Manushyanu…the latter did not protest”. 

Obviously by stating that “…the latter did not protest”, here you are clearly implying that Narayana Guru accepted Sahodaran Ayyappan’s atheistic view as amendment to the famous catchphrase. I am sorry to say that this is absolutely false!

Everybody appreciates that Narayana Guru was tolerant of atheists because he respected an individual’s fundamental right and freedom to belief, or disbelief, in the exitence of God. That tolerant attitude however should not be misinterpreted to imply otherwise.

As Krishnan has already pointed out, Narayana Guru’s reaction to Sahodaran Ayyappan’s revised version of the slogan was a clear protest, so it is not true to say …”the latter did not protest”.

Please could you explain what you mean by saying, “his attitude towards the existence of a personal god is considered quite ambivalent”; are you referring to any of Narayana Guru’s writings, if so which one? Which serious scholar of Narayana Guru has so commented? Also, in what context is that statement being included under the heading “Narayana Guru and Atheism”.

Futher you state that “M",1,benign
65938,""" talk:LlywelynII|LlywelynII]] 03:19, 5 October 2013""",1,benign
32454,"Repeated vandalism by anon users 

Just thought I'd let you know that there are anonymous users using their IP's vandalising the page Battle of Hubbardton, deleting my source as a British / German victory and citing it as an American tactical victory. (  )",1,benign
66496,""":Feel free to ask me about anything you need to know as far as wikipedia goes and I'll probably be able to assist you. It'll be my pleasure to help. Also feel free to converse with me about anything (such as music or bands, as I enjoyed our conversations on this talk page).  If you would like to communicate with me, go ahead and respond on your talk page (I will put it on my watchlist), or you can click on my name and go to my user page/talk page (if you click on the grey Odin next to my name that will take you directly to my talk page).  If/when you do choose to talk to anyone just remember to sign after your comment with the four tildas, ~~~~, so people can see your name and more easily know who they are talking to. Good luck.  $ODIN$ 

""",1,benign
103480,"""

 August 2005 Scientific American article 
The article should show up eventually at the sciam.com site, but in the meantime, pp 16-18 has some interesting comments. On p. 18, it says the lahar of the 1980 eruption was """"the largest landslide in recorded history"""". Someone should work this bit into the text. """,1,benign
24612,"I agree Wikisunn. This information should be removed. But at the same time, it makes one wonder about the mental state of the few alleged victims who claimed they experienced exactly that. The information about suicides should also be removed (even Thatcher alluded to it as well). This article is a mess and I am personally tired of arguing.  talk-email 

Girija Prasad Koirala
Girija Prasad Koirala is a devotee of Sathya Sai Baba: See Ref  talk-email",1,benign
146479,"""
I agree with, Alteripse. When I stated """"By grow, you mean puberty?,"""" I was speaking of the """"end of puberty."""" As Alteripse stated, """"The 'end of puberty' is often defined by the twin criteria of achievement of reproductive capability and the achievement of adult height. By that definition, no one grows after the end of puberty.""""   """,1,benign
154867,"""

 The Naked Brothers Band (TV series) 

Hey YellowMonkey, when you get the chance can you take a look at The Naked Brothers Band (TV series)—no rush.
Thanx!
 . Talk """,1,benign
77589,"""

 Shiloh Shepherd Talk Page (re: Content #6.1""""Support All Points"""" 

Hi Trysha,
I have posted a question toyou under your entry in this section of the Shiloh Shepherd Talk Page.  If you get a chance, would you mind responding below my question on the page, since a couple other contributors also asked me to inquire and I'd rather they see a response directly from you rather than indirectly from me?

Thank you very much.
Miles D.""",1,benign
94754,"It says that summons play a major part in the story, much as in FF6, 9 and 10. Summons play a large part in the story of FF8, too, although admittedly this isn't revealed until late in the game. If someone could add this, it'd be great.",1,benign
64989,"I have written a text under the heading Mettoy-Corgi, but as this relates to 'Corgi Toys' - the name of the brand from 1956 to 1983 (ie) the Mettoy years, and clearly establishes Mettoy ownership, maybe it should be filed under a heading 'Corgi Toys'.

Nick Crowe.",1,benign
19552,It's called common sense... I guess having a Phd. doesn't make you that smart after all...,1,benign
159075,"""

 LHC """"Spam"""" 

Hi Mark.  On what basis do you claim that an article informative written by the head of the LHC project in the magazine of the Royal Academy of Engineering was spam of any kind?    """,1,benign
80036,"""

 WOW. 

I  can""""t believe  it  !!!
Thanks !!!
""",1,benign
140397,"The article's nothing to do with me, but I just can't see how it's spam. The main subject is a discontinued model, and this is a reasonably informative stub. Could do with a bit of work, and categorising. I'll start with a copy-ed.",1,benign
98405,"""

 """"Motto"""" 

I was very surprised to see the motto on this page say """"Sonora is for hardcore Mexicans.""""  Not only had I never heard that, it sounded very wrong.

http://www.sonora.gob.mx/BusquedaSitioIntegrada.asp is the official Sonora state web site.  Under the logo of """"Sonora"""" it says """"vamos por soluciones.""""  That sounds like a motto or """"lema"""" to me.  That means """"we go for solutions"""" or """"we go by solutions.""""  I know that motto on this wikipedia page is wrong and probably is a joke of some type.  I don't feel qualified to take it down but the state's logo and """"saying"""" is what I just said. I haven't looked at all the information pages - but they are definitely not up to par with the pages on Mexico in Spanish.  AmySterling""",1,benign
3667,"Keeping Family Guy pages open 

I've noticed that a number of the Family Guy pages are up for partial deletion due to the cultural refences having no citation, etc.

As someone who enjoys the Family Guy pages (not getting all of the references in each episode as I'm not an American) then I'd appreciate it if they were expanded or left as they are. Thankyou.",1,benign
63291,"""

Agree with the first part, the injunction is notable, the extra-marital affair is not. Until the coverage of this goes beyond a couple of rather obscure Irish media sources, it fails WP:BLPNAME and WP:UNDUE. (talk to me) """,1,benign
132491,"""
In the Plot section, Mike de Wolf and Horace Hackett should be referred to by either their last name or first name. You refer to the former by his first name and the latter by his last name.
In the Plot section: Up there - God? Is this an em dash or en dash?
In the Genres section: Roland J. Green of the Chicago Sun-Times also described the work as a """"classic"""", and wrote positively of Hubbard's novel Final Blackout. I don't think that Final Blackout is relevant here.
In the Reception section: """"Typewriter in the Sky, which first appeared in Unknown in 1940. is widely considered to be one of his best works."""" You may have misquoted this because the period in the middle of the sentence seems odd.
In the Influence section: I bet if L. Ron Hubbard had written Purple Rose of Cairo they'd have given it a Hugo ... I mean, it is sort of a hip, updated version of Typewriter in the Sky. Is Purple Rose of Cairo and Typewriter in the Sky italicized in the corresponding reference?   """,1,benign
125472,"""

 A barnstar for you! 

  The Defender of the Wiki Barnstar Thanks for your work on paid editor cleanup -) Best  (talk · contribs · email) """,1,benign
79880,"Why do you refer to me as an owner of the article? Because I corrected several mistakes from the sandbox version which would have made this article even more unencyclopaedic? Get a life.... Most of your points are invalid, but those which are valid I will fix.",1,benign
68778,"""

Speedy deletion of Sundeep khadka
 A tag has been placed on Sundeep khadka, requesting that it be speedily deleted from Wikipedia. This has been done under section G1 of the criteria for speedy deletion, because the page appears to have no meaningful content or history, and the text is unsalvageably incoherent. If the page you created was a test, please use the sandbox for any other experiments you would like to do. Feel free to leave a message on my talk page if you have any questions about this. 

If you think that this notice was placed here in error, you may contest the deletion by adding  to the top of the page that has been nominated for deletion (just below the existing speedy deletion or """"db"""" tag), coupled with adding a note on the talk page explaining your position, but be aware that once tagged for speedy deletion, if the article meets the criterion it may be deleted without delay. Please do not remove the speedy deletion tag yourself, but don't hesitate to add information to the article that would would render it more in conformance with Wikipedia's policies and guidelines. Lastly, please note that if the article does get deleted, you can contact one of these admins to request that a copy be emailed to you.   S93 """,1,benign
91529,"RTA Furniture 

Why did you delete my contribution on RTA Furniture?? Do you know how long it took me to write that up? There was no stolen work there, it was all hand written on this computer, specially for the RTA Furniture page. What right do you have to delete my hard work??",1,benign
148819,"Welcome!

Hello, , and welcome to Wikipedia! Thank you for your contributions. I hope you like the place and decide to stay. Here are some pages that you might find helpful:
The five pillars of Wikipedia
Tutorial
How to edit a page
How to write a great article
Manual of Style
I hope you enjoy editing here and being a Wikipedian! Please sign your messages on discussion pages using four tildes (~~~~); this will automatically insert your username and the date. If you need help, check out Wikipedia:Questions, ask me on , or ask your question on this page and then place {{helpme}} before the question. Again, welcome!  —' (talk) 

The article Sarah Ford has been speedily deleted from Wikipedia. This has been done under the criteria for speedy deletion, because it is a very short article providing little or no context to the reader. Please see Wikipedia:Stub for our minimum information standards for short articles. Please also note that articles must be on notable subjects and should cite to reliable sources which verify their content. Please only repost the article in a form that meets these standards. Feel free to leave a note on my talk page if you have any questions about this. —' (talk)",1,benign
90441,"""

 Please do not vandalize pages, as you did with this edit to Robert Downey, Jr.. If you continue to do so, you will be blocked from editing.   (talk • contribs) """,1,benign
52723,"there are many sources that go into detail showing how recaptcha and other such cloud labour sites are actually slave labour
http://www.sciencetext.com/cloud-workers-laborers-addicts-or-slaves.html
for example

also removing dicsussion from talk pages that directly relates to the article in question is cencorship you FuckWit
94.168.193.75",1,benign
147102,"??? ==

I didn't attack you, you weirdo! 

==",1,benign
20152,"""
Thanks, I already saw it.  I knew it was coming.'''''' • hasspoken """,1,benign
64779,Thanks for letting me know.  I'm looking at this now.,1,benign
56450,"Engelbert Humperdinck 

Thank you for your help 'altering' the links for Engelbert Humperdinck. You are super awesome.. You have saved my sanity ) ツStacey (talk)",1,benign
148896,"""

I have corrected the two bios that were causing confusion.  These two bio-stubs were not done by me.  I have now expanded them and hope it makes more sense to you.  I had only posted the """"Common Chishtiyya Chain in South Asia"""" only as I found them in historical books like """"Mashaikh-e-Chisht"""".  I do not know how the other people came up with other branches.  They clash with recorded history.  However I am not going to get into the argument.  My immediate target was to complete the bios of the common chain and alhamdulillah I have done it.  I shall next be expanding them slowly.  Then I shall cover the branches of Chishtiyya Order and then go to other order.  Finally my goal is to cover all Sufi concepts such as Latif-Sitta, Dhikrs, Shaghals, Manazil's etc.  I hope some day I will do comparitive study of Sufi concepts with Jewish Kaballah, Christian Gnosis, and pagan pantheism to show how they are different  """,1,benign
62394,"""

 Newly Discovered Documentary Evidence That Affects this Article's Accuracy

I have recently found a 1979 booklet of questions and answers with Rawat printed and distributed by Divine Light Mission, Inc. which bears heavily on some of the issues central to this article.  This document was published at least five years after the family split, seven or eight years after Rawat came to the west and when he was either 21 or 22 years old.  In other words, at the time he uttered these statements, he was an adult who was long familiar with western culture, spoke good English and was very much his own man.  Here are a few of the questions and answers:

Some people say you are a divine incarnation, and some people say other things about you.  What's the truth?

You yourself must realize what is the truth.

So God cannot teach anything, except through a Master?

What is God?  You don't know what God is.  God cannot be a human being.  God is Light.  God is Power.  God cannot talk.  Electricity cannot give light, only the bulb gives light, but electricity has to be put through the wire for the bulb to give light.  It's power.  Power cannto do anything.  It has to be put through a medium.

Why does a Perfect Master have to have a living body to give Knowledge?  Why is he necesssary?

Are you feeling thirsty?  Can you see that photo of Lord Shiva?  You see the water coming out from the top of his head?  Drink that water.  Drink, drink.  Can you?  You can't drink that water.  It is a picture.  You need everything living.  If you have doubts, you cannot ask Lord Krishna questions.  What's why you need a living Master for the circumstances of this world today.  When Jesus was here there were no nuclear bombs.  But now there are nuclear bombs, and the Perfect Master, the Perfect Savior [sic], has come to save you from nuclear bombs.

Is the living Master able to reveal Knowledge?

Yes, that's why you call him a living Master. 

Guru Maharaj Ji, Jesus Christ performed many cures.  Can you do the same?

At His time there were not so many doctors, that's why he did that.  But I am curing mental sickness.  If you have got mental sickness, come to me.  And when you do meditation, you become so natural that any other diseases you have are automatically cured.  That's why I tell you this Knowledge is very practical.  It makes people natural.  They stop being plastic.  They become natural and the best way of ending disease is by nature.

What happens to a person's karma when they receive Knowledge?

It starts choking up. It starts finishing up, because when you realize Knowledge, you've got to go and be one with God.

Will this Knowledge save us from rebirth?

Yes.  Once we have this Knowledge we reach the heaven from where we cannot return.  

Guru Maharaj Ji, are you permanently in God consciousness?

......[torn page] ...permanently in God consciousness.  

The lower part of the last page in the book is intact and it's a quote that reads:

""""I have found that missing link.  As soon as I found that missing link, I became one with everything.  And therefore I became everything.  Not as an individual but by merging into that infinite thing which has no beginning, which has no end, which cannot be destroyed.  And I have that for you to experience.""""

He signs this last quote:

""""Guru Maharaj Ji""""

I maintain that there are several aspects of the article that need to be corrected or, at minimum, balanced by this evidence.  For instance, it flies in the face of the 1999 quotation from Rawat's then-website wherein he said:

People through the years have tried to place me in a mold, and from the very early years I have not been able to oblige them. When I was very young, people were looking for the """"old silver-haired Guru with flowing white robes."""" I was only eight. When people were flocking to India for their search, I was in the West. When people were looking for sophisticated discourses, I spoke of simple things. When people wanted nirvana, I said, """"You need peace."""" When people said, """"Tell us of the scriptures,"""" I said, """"Look within you."""" When people asked, """"What is your qualification?"""" I said, """"Judge me by what I offer."""" To this day, some people see me the way they want to. After all, I guess it is rather inconvenient to see things as they really are. I have evolved, but my message stays the same. Externally, I have changed but within me, something stays the same. 

Long after Rawat was """"only eight"""" he was playing games about whether or not he was God, he was saying that the reason he doesn't cure people like Jesus did is because we have lots of doctor",1,benign
108608,"Busy 

Hi Arrow740, 

I am currently swamped. I'll try to work on it whenever I got free. Cheers,",1,benign
124224,"wikipedia 

wikipedia is love",1,benign
65444,"That is very big of you, and I appreciate it, and all is forgiven and forgotten. Thank you for being a stand-up guy.",1,benign
103449,"Yes, there was criticism in the article, suggesting evaporation as the source of the thurst. However, it was (together with all criticisms) removed/censored by POV pushing editors. No control for mass was done in either experiment, and evaporation of order of less than microgram per second could easily explain the effect (especially in the NASA case); even more so, if there is some moisture. What you are essentially doing, is microwaving the interior of a cone, and - surprise surprise - there is a small force in the opposite direction. Then you turn off the heating, but your interior is still at higher temperature, measure it again, and there is still a force - yet smaller. Nothing to do with exotic physics, everything to do with experimental error due to unforeseen effect of evaporation, i.e. ablation (though some moisture might play an effect, especially if there are parts other than metal; this is, in my opinion, the most likely explanation - EM radiation cannot cause such effect at these power/force ratios (that part was also removed from the article, though all was sourced). So, if there is no some weird effect (and QED effects, virtual plasma included, boil down to EM radiation reaction, there is no violation of impulse conservation there, so that is excluded too), it should be reaction from some loss of mass - and evaporation is an obvious source. However, they did not check for that. Also, some of experiments were done in atmosphere (at atmospheric pressure, even in chamber?! according to brief paper), so other possibility is interaction with heated air. However, in vacuum, ablation seems to be most likely explanation. Why all this sourced material and all criticism was removed, beats me. 213.198.221.171",1,benign
156507,"March 2008 (UTC)
Actually, Paterson would not be the first blind governor in U.S. history. Bob Cowley Riley, who lost his left eye in World War II and later lost vision in his right eye, served 11 days as Governor of Arkansas in 1975. 68.174.27.152  13:22, 15",1,benign
139628,"Not really relevant anymore, but why is it that you are looking only at the fact that I'm blocked on must not comment there? You could at least have pretended to be looking at the content of what I was getting at. — Dorftrottel⁠",1,benign
96218,16. Sources 14 and 17 are exactly the same.  I have removed one of them.,1,benign
109403,"Thank you 
for the (much appreciated) random smiley. -",1,benign
33888,"""

Further, the comment that it """"is little more than an intellectual construct"""" leads into/speaks to bell hooks' comment about the lack of institutional infrastructure of black supremacy; it has little impact beyond the confines of its believer community.  If I understand the objection raised about """"documentation,"""" this fact is readily apparent.  There is no network of black supremacist institutions capable of denying significant numbers of whites:  access to equal education, employment, housing, healthcare; capable of segregating or otherwise oppressing whites.""",1,benign
1991,", 9 June 2009 (UTC)
They could be bluffing, or this could be a Joe Job.  Unless there is technical evidence connecting a functionary to sock puppets, I don't think there's much to go on.  Talk 22:59",1,benign
134151,78.62.185.24  BInsert non-formatted text hereold text,1,benign
86036,"""

For goodness sake, read my message. I have copy&pasted; the page to Dragonball Z power levels on Wikia. OK, so it was promptly redirected but you can still see the Wikipedia version via the edit history. If you think the target of the redirect is shit, don't moan at me, take the matter up with Jeangabin666 who created the redirect. Do you understand? Please reply. —  (talk · contribs) """,1,benign
62967,""":: This suggestion can wait to try out once the basics are done but I was wondering about perhaps making a """"Community Relations"""" sub topic? In that I think Bread and Life can be incorporated and also the expansion issue that currently is in the 'controversy' section. Furthermore the university seems to have some sort of business relationship with the surrounding local businesses that could be incorporated as well. I found that on their website but I'll see if I can find more sources. I'll help with the links as well.   

""",1,benign
49967,"You may be viewing very old re-runs, AFHV is currently hosted by Tom Bergeron. -  (☎)",1,benign
119020,"[Explosiveoxygen]
You keep assuming these conclusions which are not written in my edit.
I'm going to make another version of my edit and if you guys keep removing it then you are in fact guilty of bias in hiding the statistics of what a kinect can or can't do.
Criticism is a fine heading, I will gladly rename it or move it to another section if this helps you sleep at night. You are so being biased and then accusing me of it.
Whatever you think is a conclusion is based entirely from your opinion, I did not write those things even in the first version last week which had you guys censor me.
What happened to free wikipedia? Your willingness to censor information is disgusting and you guys are killing the idea of wikipedia being neutral with your bias while claiming you are neutral.
  ExplosiveOxygen",1,benign
87463,"Clifton Steamboat Museum 

Hello I work for the Clifton Steamboat Museum in Beaumont Texas.  Since our competitors are using google to provide a biography for their museums - and after briefly reading through the posting rules - I posted a page for CSM which was immediately deleted as spam (I think) - Please explain the correct procedures for posting and explain which procedures I did incorrectly that lead to the deletion in the first place.

You may reply via email or through our email form at http://www.CliftonSteamboatMuseum.com/
You may also contact us directly via the phone, number is listed at the website.  

Thanks
Plaka@Hughes.net
CGraham@Cliftonsteamboatmuseum.com",1,benign
59163,"lol
you couldnt give a flying fig? One that's a really flaming aussie expression. Second if you really didnt give a fig then why did you bother writing so much shit on my discussion page when I couldnt give more of a flying fog of what you people think? Btw do you know who was sent to Australia when England colonized it? take care homes",1,benign
82592,"Hello, . While there had been some discussion here about whether your username met Wikipedia policy on what usernames editors can use, the result was to allow it, and that discussion has now been closed. If you would like to see what concerns were raised, you can still find that discussion in the archive.  You do not need to change your username. However, if you ever wish to do so, it is possible for you to keep your present contributions history under a new name: simply request a new name here following the guidelines on that page, rather than creating a whole new account. Thank you.    (Need help? Ask me)",1,benign
21347,"Regarding your  template; It seams informative (I'm always FOR them), but even though its named Economy of Argentina, its heavily centred in the Economy crisis of 2001. Perhaps it could be good to swap the title Economy of Argentina with Argentine Economy Crisis? That would make it more coherent. Good wiking,  .",1,benign
38110,"This article contained a link to the Centre for Marcionite Research Library Website (which contains a full copy of the gospel hyperlinked to the sources used for reconstruction).  That website is part of GeoCities, and so is due to go offline tomorrow when GeoCities closes.  I have fixed the link so that it now points to a mirror of the website and will continue to work when GeoCities closes.149.254.58.10",1,benign
78720,Hey Joanne are ur female ay.. how old r u??,1,benign
19987,more players recieving more detailed,1,benign
157417,"Thanks for you attention to this trouble. Users can attack content proposals vigorously and I'll have no problem with it; when they repeatedly attack personal motivations or attitudes, it's unacceptable in my view.  (talk)",1,benign
114223,It appears that I approved Jer10_95 by mistake.  I've fixed the name - see if it works now.  '''' Let us reason together.,1,benign
35197,"""

 You noticed something? 

I wanted to make a page about WhatPort 80, the successor to Encyclopedia Dramatica. I wanted to write it because on my comment (click the link), I commented that ED has this notice up about it being closed soon. Tell me if you have time to give me a go-ahead on the project, OK? And maybe we can help on creating it. Thanks.  | Contact the Council """,1,benign
81077,my username at gmail com,1,benign
5044,there's nothing wrong with the 4 train image that was reverted because the b and l train articles also have two identical photos too and i explain why to vochen and there's nothing wrong with the edits that was reverted at the 14 street 8 avenue article you guys are just being complete dickheads and hypocritical retards at best,1,benign
134991,"Hi Charles, it's Dave. The people who have posted are certainly not sock-puppets of mine; a few have offered contact details to verify their identities to +prove+ they are not sock-puppets.

I'm really tired with all this and very keen to find a compromise. I offered what I thought was a reasonable compromise tonight and Felix immediately deleted it (including the enhanced section on global warming that you wrote and I much preferred). 

Felix and I are clearly going to keep alternating edits, me putting them in, him cutting, me putting them back, etc etc, which seems like a real waste of time. That isn't good for wiki, and it's frankly very tedious.

If you could check in to the discussion and just adjudicate on (a) the public domain picture I keep posting, and (b) the sections on nuclear disarmament, global warming and the line and the environment, it would really save a lot of time. If you decide against me I will totally abide by that; if you decide against felix, I hope he will too. - Dave",1,benign
21171,"Cutler 

Excellent detective work finding the Cutler obituary.",1,benign
109763,"""

 I made clear revisions to the paragraph, and posted it below. Its only minor, mind.

 As grunge came into being from a hardcore punk scene and was highly influenced by the genrea a whole, it is believed by some that grunge is a variant or subgenre of hardcore punk. In the video documentary Hype!, there is a scene in which a guitarist implies that grunge is essentially the same as hardcore punk. by plays two riffs on his guitar, claiming one as """"punk"""" )in reference to hardcore punk)  and the other as grunge. This has caused debate about the similarity of the two riffs, , and the similarity of grunge and hardcore punk as a whole. Still, .... (insert Welsey and/or Leyasu's contribution here)

 In my eyes, it reads a little better (minor gramma fixes), and sounds a little less POV. Suggest this has a template for whatever else is added.  """,1,benign
43123,"I wish to have this article failed. I want to continue to work on it, but I feel your requirements are unreasonable. I plead with you to just fail it and release me from this review. Best wishes,",1,benign
99615,"""

Any objections to insertion of the following?

Rape in the United States of America

The FBI keeps very detailed national records on crime. In the United States in 2005, 37,460 white females were sexually assaulted or raped by a black man, while between zero and ten black females were sexually assaulted or raped by a white man. In other words, on average, every day in the United States, over one hundred white women are raped or sexually assaulted by a black man, and zero or one black females are sexually assaulted or raped by a white man.. 

Source is United States Department of Justice """"Criminal Victimization in the United States, 2005""""  """,1,benign
108576,"STD

is this an STD? can it be transmitted through rimming?",1,benign
134336,"""

 USRD Newsletter - Issue 4 
   
The U.S. Roads WikiProject  Newsletter Volume 1, Issue 4  24 March 2007  About the Newsletter Departments: Features: Project news March 16 IRC Meeting Deletion debates Kentucky and Utah projects demoted Featured subproject A quick look at the structural integrity of state highway WikiProjects Featured member  From the editors  Archives  |  Newsroom   Shortcut  WP:USRD/NEWS
Want to help on next month's newsletter? Don't want to receive these in future? Don't want it subst'd next time? – It's all here. — Let's Go Mets - Stats """,1,benign
77508,"It is stated in this article that Diana, Princess of Wales was the first non-Princess to hold the title Princess of Wales.. forgive me if i'm wrong but what about Joan of Kent or Anne Neville. They too were not Princesses (or were they? i'm not sure). huw",1,benign
130668,"""
Dear ,Welcome to Wikipedia!Unfortunately, using your e-mail address as your username is not a good idea. Wikipedia content is extensively copied and the site itself is one of the most visited sites in the world. Any edit you make on Wikipedia will have your username attached to it, and using your email address will make you a tempting target for spammers. We recommend that you change your username at Wikipedia:Changing username in order to prevent abuse.  However, if you have very few or no edits, it might just be easier to create a new account.If you need any help, simply contact me on my talk page, or go to Wikipedia:Help desk. Another option is to place  on your own talk page, and someone will come shortly to help. Remember to sign your posts on talk pages with four tildes (~~~~). Again, welcome!➨  """,1,benign
33354,"Hello,

Twice now I have undone your revision to the glowplug page. The link you keep adding, to Planet Hobby, does not belong on the automotive glowplug pageit belongs on the Glow plug (model engine) page...where it already is.",1,benign
48763,Enough experience to spot a POV pusher when I see one.   Talk to me!,1,benign
60717,"I think (obviously), if an edit is in bad taste and came from an IP, it obviously needs to be blocked.",1,benign
97372,"Please see the image talk for further details

I'm concerned that important issues been raised on the image talk page, such as potential deletion of the image, are occuring unawares to those users who are less familiar to wikipedia than the regulars, who seem determined to defend this piece of child abuse to the last under vague and naieve conceptions of what art is and how censorship operates. Please pay attention to potential deletions of the image, as the last deletion process went through with only a half dozen respondants, ludicrous considering how many users have accessed this page in the last few days. This is a serious issue which could affect the future of wikipedia as a viable project, and it is up to all editors who use this website regularly (Such as people like me, who have never edited before but have read lots of stuff here) to contribute to this debate, which in reality goes to the very murky depths of human nature itself.",1,benign
53081,"""
Okay, I'm going to try and explain this to you again.  There are a few points which you don't seem to be understanding, so I'm going to number them.
Infoboxes contain links to various sites which contain information.  For instance, an actor's infobox will often contain a link to their official web site as well as a link to their IMDb profile.  These are not meant as sources or references.  They are simply links to other reference type sites which are well known for their content as it relates to actors.  The reason that they are included is summed up on WP:EL which states in part """"... information that could not be added to the article for reasons such as copyright or amount of detail, or other meaningful, relevant content...""""  IMDb and IAFD go into a great amount of detail which we don't include.  This is why they are linked in the infobox.
IMDb, much like IAFD, cannot be used as a source for biographical information.  This is because there is little, if any, fact checking done for that information.  For instance, for my IMDb profile (yes, I have one and no, I will not share it with you since it has my real name), I could supply IMDb with a date of birth, ethnicity, and so on and claim to be me but they don't actually know that I am who I say I am.  The filmography on my profile though is supplied by the directors, production companies, etc. which have had me work for them on their films.  Filmographies come to IMDb from official sources.  IAFD works much the same.  Biographical information is not very well fact checked and comes from the average user/reader/whatever you want to call them.  Filmography info comes from the production companies.
You keep asking me for a source.  I don't have any other source than what is already supplied in the article.  If you go to Bitoni's article and look at the ethnicity in the infobox, you'll see a little number """"2"""" next to it.  That number refers to a reference in the references section of the article.  When you look there, you'll see that all the references are numbered.  Click on the second reference and that is the page that is being used as a reference for her ethnicity.  The """"a, b, c"""" that you see there means that the same source is being used for two other facts within the article.
That source is from Bitoni's publicist.  It's as credible as can be and is trusted.
There, now that I've explained all of this, do you have any questions?  If so, please explain which point you don't understand.  |(talk) """,1,benign
136900,"Brighton Transport Hub 

Template talk:Infobox#Intermodal freight transport

Hello again, I've been chatting with another editor on getting an infobox created for Freight terminals such as the Brighton Transport Hub, However this editor is asking for feedback which i alone do not feel confident answering. It would be great if you or anyone else who can be of help can comment on the construction of this infobox. Cheers  ian",1,benign
105516,""":::: It's good to see you admit that your edits are illiterate and incompetent. But you are still restoring your destructive edits, while making false claims regarding them.

 You deleted the links to full chaptersor in one important case, large portions of a relevant chapteravailable for free of the main books referenced in the article. Back in January 5, 2008, another person (170.171.1.5) made an edit getting rid of aforesaid links to the chapters, and his edit was quickly reverted by the Wikipedia administrator Irishguy.

 Your other edits still involve illiterate reference practices.

 Regarding your false claim that """"Tipler is not known for either the """"purported physical proof of God"""" nor any recognized quantum theory of gravity/TOE"""": that's what Prof. Tipler is known for claiming, hence """"purported."""" In his 2005 Reports on Progress in Physics article, Tipler claims to have presented the quantum gravity Theory of Everything (TOE). And in his writings since that time, that's what he continues to maintain. It's not our job to say whether he's correct or not, or as you are doing, become indignant over his claims and attempt to rewrite history.

 You obviously have no shame.  

""",1,benign
84967,"GAC 

I appended the article to provide a quick reference guide, all the text was original and as you clearly have World of Cricket, you might see how their articles on time spans were written. I have not got the time to learn the wiki way. I believe my article contained no factual errors at all, not one - it was unfinished however. In the current re-write RO Schwarz is referred to as a leg break and googly Ccricketer it might surprise you to find the first reference to The Golden Age. As you are a know all I suppose you know it. I am, incidentally, a working writer and journalist who contributed to two of the books I referenced, and to one in the current list for the article. Why people need to be rude astonishes me but as I know who you are, author of what? It doesn't",1,benign
63096,"""

 Mormon handcart pioneers  
Hello, I am translating the article Mormon handcart pioneers into Chinese. I wanna know abuot the title of a book listed in the references, which is """"Hafen and Hafen"""". What does """"Hafen"""" mean in this case? Does it refer to """"heaven""""? Or does it mean """"harbor"""" in the German language? Looking forward to your reply. )   """,1,benign
58463,"Thanks for your answer. Yeah, I just saw that from the admin list. My bad (sorry!). But that makes sense. Cheers,",1,benign
103428,"Early WWF career 

Does anybody know where the 1st part of Hennig's WWF career the 1982-1990, lots of its missing, and it only starts at his title loss to the Texas Tornado, in mid 1990.",1,benign
94989,Please sign your posts on talk pages per Wikipedia:Sign your posts on talk pages. Thanks!,1,benign
122817,"re List of office bearers of the National Union of Students of Australia 

WP:USERFY - 
Userfied the page, now located at '''",1,benign
79271,"""
I saw that too and was concerned about whose word it was.  I googled and couldn't find anyone else using the word """"revolution"""".  It's not in quotes in the article, so at a minimum, it shouldn't be in quotes here.  There are probably ways to incorporate that thought and the next thought into a single sentence that doesn't put words in anyone's mouth.   """,1,benign
89101,"Whether it looks professional or not is not for you to decide. I am following the Wikipedia guidelines. I belive you were the one (maybe it was Gwenol) who told me that the actual title of the article did NOT have to match the subject. A song title is a proper work of art and is capitalized by the artist in a particular way. There are no guidelines stating naming conventions within articles. If you still disagree, I think we should have a third party administrator address the issue, because I am definetely not breaking any Wikipedia rules.",1,benign
2548,Please familiarize yourself with WP:NOT. Wikipedia is not a Soapbox to promote your RACIST POV,1,benign
75168,"Iamge sizes 

The image sizes on this article are (still) a mess; portrait-format images should be marked up with |upright, per the MOS.  (User:Pigsonthewing); Andy's talk; Andy's edits",1,benign
2411,The Christians actually created the idea of Satan by demonizing the god that the Wiccans worshiped.,1,benign
117333,"""

 
I am aware of wikipedia policy and don't need to reread it. I broke policy knowingly. I apologize for doing so. It was for the sake of whimsy. That impulse has left me, and I make the promise that it will not return. I do not retract anything that I said. The bigger issue which I have been addressing is the flaw within the system itself. After repeated requests to actually read what I'm saying here and what I actually said on the Beat Generation page, you clearly have mistunderstood me. Your claim that you have ignored evidence in the prosecution of my punishment is one among many disturbing signs of the flaws within the Wikipedia system. What you call extraneous issues are indeed central issues. You have done little to convince me otherwise. For example, the sockpuppetry was a bad idea when considering rules of civility, and I won't let it happen again. It was a good idea in that it was funny, but like I said, that's out of my system. The bigger issue  a central issue, not extraneous  is that admins claimed I was being dishonest. This is evidence of laziness and lack of real concern for the real job you are meant to do. If the real problem is that I was uncivil, then I apologize and make an honest promise that I will never do it again. I don't believe that really is a central issue. I'm not blaming anyone else for me being uncivil; I chose to do it and have never claimed otherwise. The problem is Wikipedia is a toilet. Why is it a toilet? Wikipedia is a punchline. Why is it a punchline? Because people who passionately care about truth get angry (even if it was pretend) on occassion? No. I realize uncivil behavior can be a contributing factor in that it can fail to lead to a positive change; I was practically begging for a positive change on the Beat Generation page, and nothing was happening. Certain other editors were relying on Wikipedia rules to stymie progress. Block me or don't block me, I don't care (and judging from the history of this process and my history with Tao  I fear you'll scan this for trigger words, see """"I don't care"""" and say, """"If you don't care, why are you wasting my time?"""" totally missing the point of what I'm actually saying)  but please look in the mirror and think about the real problem here. If you skip the first part where I genuinely apologize for the actual infraction and said I would never do it again (just as I genuinely apologized for the infraction last time and said I would never do it again  and I can keep saying this over and over again) and if you once again just look at this part and claim I'm focusing on extraneous issues and incorrectly claim that I'm blaming others  blaming others for my rant? no, please actually see: my rant is my responsibility, and once again I apologize for it  whatever you do, despite my lack of faith in anyone's ability to genuinely take some time and think about these things, please just consider what's right and what's wrong here on a larger level while in the short term focusing on my genuine heart-felt apology. (Not short, sorry, but I do have a soul and genuinely care about truth.)  """,1,benign
15933,"and the DVD commercial, both of",1,benign
22947,"Wikipedia is ruled by mobs. And you are a fine example. Please note as well that the people who object to undeleting the photo of Heleen Mees, like Natuur12, are the same as the people who gang up on the Heleen Mees article.",1,benign
158604,"""

Near the end the section is found... 
""""The last of these three, No. 13, KV. 415, is an ambitious, perhaps even overambitious work, that introduces the first, military theme in a canon in an impressive orchestral opening: the last movement is considered to be the best.""""""""

Isn't that a very clumsy sentence, concluding with a POV statement?   """,1,benign
41898,Bletch just reverted the article.,1,benign
157543,I am discussing on the talk page. I am using quotes every time you revert something challenging it's accuracy. You have 3 reverts on the article. I have zero. This is a problem.,1,benign
74395,"""You wrote """":Elockid has clarified that the block on the IP was not targeted at him, but, rather, at another user who apparently was spoofing Ldm's IP. Since he's convinced I have a """"conflict of interest"""" regarding his block (from what I don't know), I'm not going to take any action. And honestly, now that the issue of block evasion has been cleared up, I'm not going to complain if he creates another account with an acceptable username and userpage. Thanks.   """"   """,1,benign
34198,Yoyoyo say what you want.,1,benign
5908,""" July 2008 (UTC)
Why, that is, or rather, was, written in the article... Hey, Xasha, surely, that one statement sums up the stance of the EU on that matter - """"Call it as you want, we're not interfering, let's all live in peace, bros.""""?   19:16, 24""",1,benign
96124,"What else is Admin worth of, if complaints are raised. Block and silence the critics.",1,benign
14044,"""Ivins was probably a Mossad asset. He was a Jew, and the anthrax case fits a pattern of Israeli false-flag operations. See the books by Viktor Ostrovsky, a former Mossad case officer, current status """"defected"""".   

""",1,benign
146460,"""
In case it is not clear, he is asking for a reconsideration of the deletion, which he believes was improperly done. Ruindofman and I have been in ofShalott  

""",1,benign
106094,"Hey, what's with those DBZ Saga articles? 

They're nothing but a useless sentence and the DB template. Since this seems to be your fault, do something about them. -",1,benign
72079,"Your Opinion Ed

Even though you and I don't see eye to eye Mr. Poor, I must confess that what you on user talk Augusto Pinochet was correct, I have done a lot of research on the subject, and got knocked out in a fight with one of my communist friends because I thought Pinochet stopped a Marxist dicatorship in Chile. Thank you and God Bless Mr. Poor  04:53, 18 Mar 2004 (UTC)",1,benign
3346,", 27 April 2006 (UTC)

 The Game is an abstract mental game, the objective of which is to forget its existence.
 There is no point in calling The Game a meme, the majority of stuff on Wikipedia is a meme. A meme is simply any idea or concept. I think what this refers to is a common misconception of the word meme, basically meaning a fad. The Game has some interesting memetic properties, but these should be described elsewhere in the article if anywhere. Whoever wants the meme version up should read the meme article first.  11:04",1,benign
132,"Well, it still needs expansion in areas, citations in others, more images (was going to get a pic of the Stanley Cup banner tonight at the Hitmen game, but forgot my camera) and a thorough review/copy edit by someone with a better flair for words than I, but work progresses.  lute",1,benign
63501,I want it done immediately though,1,benign
131370,"""

As I said, the general re-work (to me) is fine, and WP policy and recommendation is that valid additions or re-works should NOT be undone or reverted, and most of the time I stick to that...(it's NOT my article or anyone else's)

but the problem is that you had removed the name """"Mormon"""" (or LDS) completely, as a good EXAMPLE of how RCC does NOT (officially) consider some professed """"Christian"""" groups as """"separated brethren"""".   Remember, this is a WikiPEDIA article, and NOT a dictionary definition or stub, so the thing, if anything, should be ADDED TO, and NOT taken away from. 

In other words, if you were to ELABORATE AND EXPAND on the article, I'd be your biggest fan probably, but it seems that 99% of the stuff you've done (on this article at least) is REMOVING REMOVING DELETING TAGGING TAGGING REMOVING SUPPRESSING ERASING GETTING RID OF REMOVING...and it gets a bit annoying and unnerving, that even WELL-SOURCED THINGS, like the Mormon matter, gets removed by you.    It was bad enough that you manuevered the removal about """"Anti-Catholic rejection of 'separated brethren' concept"""" cuz arguably it was not very well-sourced, but the Mormon thing (which IS a big thing in Roman Catholic positions and apologetics) to be obscured by you too?    Why?   If, as you say, you couldn't care less?    By the way, can you FINALLY tell me if you're male or female?   I've been curious, and also, I'd like to address you as """"sir"""" or """"ma'am"""", instead of some vague thing.....I have a feeling you're a woman, but I'm not sure...     Can you tell me maybe?   (if you don't want to say, I'll understand...but just wondering.)   """,1,benign
70539,"""==Ireland stubs==
Hi Playnine9

I forgot that we have stubs for everything, everyone, and their mother, including """"Ireland-related stubs.""""
well its better than having a couple of hundred thousand stubs in one category ) no problem with changing it (BTW most countries have their own geo-stub for places, almost all just CountryName-geo-stub).  - kiss the lizard 
Essex, Vermont as a City
Hi, thanks for your note. As I understand it its a municiple, political difference. City status doesn't automaticly come with size. This is clearer in the UK where there has to be a cathedral, a university and other factors (such as population size), then the Queen grants """"city"""" status. Here in the US I think its a little less rigorous, but the State grants the city """"status"""" if the town and state desire. I'm not sure what that status brings with it, but its likely to change the way the place is administered / financed and governed. I hope this helps  

According to the Vermont Citizens' Guide, (published by the Vermont League of Women Voters), """"The usual connotation of a city as a densely populated urban area is alien to Vermont.  Of the thirty largest local government units, only eight hold city charters and one must continue down the list to the 72nd largest community before reaching the ninth City of Vergennes with a population of 2,741 ... It is the form of government, not population, which distinguishes Vermont cities from towns.""""  Thus, it seems that something in Vermont is a city if and only if it has a city charter. 

 WoW 

I didn't here nothing about a Willy attack. Where'd he attack? GangstaEB• ice slides) 

Never mind. GangstaEB• ice slides)

 RE: Thank you from User:Playnine9 

No problem - I did it for exactly that reason as I didn't want primate researchers to be confused. Exopedians can be like that ;) (jk) — / 
And I like your userpage! — / 

 Your last edit to George W. Bush  

I've reverted it, because there shouldn't be such information in opening paragraph (see Wikipedia:Manual of Style (biographies)).  

 Your vandalism to User:2nd Piston Honda  
Please do not edit the user pages of other contributors without their approval or consent, as you did with User:2nd Piston Honda. It may be seen as vandalism.  -   

 User talk:Cobaltbluetony 

Please deal with other contributions in a polite and constructive manner.  Rude behavior is discouraged by Wikipedia policies.  See Wikipedia:Civility.  Thank you.  Talk to me! 

Your edit to User talk:Playnine9
Please do not remove messages from your talk page. Talk pages exist as a record of communication, and in any case, comments are available through the page history. You're welcome to archive your talk page, but be sure to provide a link to any deleted comments. Thanks. 

It is important to keep a cool head, especially when responding to comments against you or your edits. Personal attacks and disruptive comments only escalate a situation; please keep calm and remember tha",1,benign
63155,to a theater near you,1,benign
84439,"""

 RFA Card 

My RFA →→→
Dear Malinaccier, here is a little note to say thank you for your kind vote on my request for adminship which succeeded with a final result of (29/5/5).

I cannot thank you enough for you're support on my RFA. And now that I am a sysop, I will work hard to improve the encyclopedia with my new editing tools. Please do not hesitate to contact me with any queries you have. I would be glad to help you along with the other group of kind and helpful administrators.

Thank you again and I look forward to editing alongside you in the future. — T C """,1,benign
9964,"""==:Devbagh beach==
A tag has been placed on Devbagh beach, requesting that it be speedily deleted from Wikipedia. This has been done under the criteria for speedy deletion, because it is a very short article providing little or no context to the reader. Please see Wikipedia:Stub for our minimum information standards for short articles. Also please note that articles must be on notable subjects and should provide references to reliable sources that verify their content. 

Please do not remove the speedy deletion tag yourself. If you plan to expand the article, you can request that administrators wait a while for you to add contextual material.  To do this, affix the template  to the page and state your intention on the article's talk page. Feel free to leave a note on my talk page if you have any questions about this.  talk """,1,benign
26793,"""

The information is perfectly reliable.  Some other folks have apparently given me some help and added references.  The """"some people claim"""" information you are disputing is all over the internet.  You seem to know something about editting wikipedia - perhaps you should have given me a hand rather than arguing with me.  The fact you choose to argue rather than help out really makes me (and probably others) wonder why and weakens your own argument significantly.  ps This note was really added more for anyone who may read your page here and wonder how this issue was resolved - for you folks, please go see the MSG talk page and you'll see the debate is clearly in our favor.  Especially see how these guys made citations to argue with another guy that actually prove my original """"some people claim"""" point.  VERY odd.
  """,1,benign
116219,"I just didn't want you dragged into something, that's all.",1,benign
72196,Those words are perfectly acceptable descriptive terms used in the english language.,1,benign
58378,I just did a geolocate.  Having your friends do something for you is meatpuppet! 24.239.153.58,1,benign
112311,"""

 Trolls and Trollys 
I have been muffled from the discussion page so I cannot really defend myself against the darkness (the user darkness shine) so let me have my say please the user has also attacked others calling them """"dimwits"""" and reverted more 10 times today as have I so if justice is to be done we both should be blocked or warned or whatever the admins do to punish cheers again 109.150.60.235  """,1,benign
113026,"Combination! To post it, just type {{User:Dinosaur Fan/Christmas Songs}}. It would be like this:",1,benign
58275,"Read the section properly, tío.",1,benign
83738,"Add 47 year old television signals bouncing back to Earth? 

Seems a relevant addition to the article - but my skillz don't extend so far as making WikiEdits.

Checkit - http://www.rimmell.com/bbc/news.htm and add if you think appropriate.  I thought it was pretty cool.   
~~~~",1,benign
138793,"Its only fair if GDI And Nod gets a military Doctrine.

Also the Scrin gets a military section and a technology section.( )",1,benign
78002,"""

 more NPOV issues 

This article is pretty sloppy, as I think most people can tell.  I took out the section on first cause as revised by Nodem, which went beyond just poor style and outright called one side of the debate fallacious, which isn't really appropriate in an article on a philosophical topic.

Maybe I went a bit far?  I just object to statements like, the entirety of space-time came into existence at some point, unless you define this point embedded in a larger space-time outside of our own. The fallacy comes from implying that both the statements, space-time is everything, and something exists outside of space-time, are true. However, I work in computer software and don't do physics (although this is really about philosophy), so maybe I'm just using the the wrong kind of logic?  

If time is finite, then there must be a beginning (which is what I think is meant by """"at some point"""").  I don't think the phrase """"came into existence at some point"""" necessarily implies any metaphysical cause (ie: thing/being 'outside' the universe), does it?  06:59, 22 Dec 2004 (UTC)

I wasn't really comfortable with the version that came before it, though.  First cause is a complex topic, or at least a lot has been said about it, and the previous version of the paragraph was presenting a rather severe dichotomy.  If someone could write a good article about the first cause debate, and maybe link to it from this article, that would be good.  I'm not really qualified to do it.

Also, and I haven't made an edit about this, I'm uncomfortable, as a physicist, with the statement that most astronomers hold to scientific determinism.  While many do, and they may be right, I can tell you that by far the dominant interpretation of quantum mechanics in physics circles is a nondeterministic one.  Oops!  forgot to login.  I'm misterbailey if anyone was wondering.

You are right to question the most astronomers bitI'll put in a qualifier about macroscopic forces.  I've been working on deterministic system (philosophy), where I put a bit more about quantum physics and determinism, but it is a complex subject.    

I agree that it would be nice if there were a separate article on first causes.  And I agree that this article is sort of sloppy.    Perhaps subheadings could be a first step to clearing it up?
  11:45, 21 Dec 2004 (UTC)""",1,benign
121747,"""

 Hello, thanks for responding so quickly. Could you please forward his mail to """"permissions-en (at) wikimedia.org"""", so the license can be properly confirmed. I hope his wording was explicit in such a way that everybody will be allowed to use it, not just we here on Wikipedia, because otherwise we'd unfortunately be forced to decline (see WP:NFC for reasons). If you managed to get a real free license for this image, good job! It's a beautiful picture.

 BTW, below is our standard """"welcome"""" blurb, just in case:

Welcome!

Hello, JaanMatti, and welcome to Wikipedia! Thank you for your contributions. I hope you like the place and decide to stay. Here are some pages that you might find helpful:
The five pillars of Wikipedia
Tutorial
How to edit a page and How to develop articles
How to create your first article (using the Article Wizard if you wish)
Manual of Style
I hope you enjoy editing here and being a Wikipedian! Please sign your messages on discussion pages using four tildes (~~~~); this will automatically insert your username and the date. If you need help, check out Wikipedia:Questions, ask me on my talk page, or ask your question on this page and then place {{help me}} before the question. Again, welcome!   ☼ """,1,benign
31604,"Image copyright problem with Image:Kanzibonobbbbo.jpg

Thank you for uploading Image:Kanzibonobbbbo.jpg. However, it currently is missing information on its copyright status. Wikipedia takes copyright very seriously. It may be deleted soon, unless we can determine the license and the source of the image. If you know this information, then you can add a copyright tag to the image description page.

If you have any questions, please feel free to ask them at the media copyright questions page. Thanks again for your cooperation.",1,benign
45413,""":Ok, please read this carefully. A user by the name User:Mclay1 is currently """"supporting"""" any change made by Chipmunkdavis, or vice-versa. That account has been focused in making minor changes about the band The Beatles. Very suspiciously until recently (May 2010) he started editing in the same articles Chipmunkdavis actively is, as well as some minor edits to articles that Corticopia account used to edit. Both seem to be online around the same time of the day. 

Mclay1 is just like Chipmunkdavis, until recently, editing in the articles: List of European countries, List of Asian countries, List of Oceanian countries... the same articles Chipmunkdavis was introducing changes to. Check their contribution list and you'll see. Mclay1 also is """"interested"""" in Turkey, Cyprus and Eurasia . And has done """"small"""" changes to at least one article that Corticopia used to be obssesed with such as UN geoscheme for the Americas .

As an experienced administrator dealing with sockpuppets, I believe that you could agree with me that those are just too many coincidences. Well, guess what? Mclay1 is also from Canada. He just deleted that info from this user page and changed it to """"England"""". 

I noticed this because just now, Mclay1 reverted to an edit made by Chipmunkdavis. It seems that """"he asked him"""" to do it in his talk page. I guess Chipmunkdavis didn't want to drag more attention to his account and that's why he stopped edit warring with me. Guess what kind of edit they both reverted? One related to clearly denoting Central America.  ( Talk? ) 

""",1,benign
123878,"I'm a native speaker of Turkish, don't worry:).. I will put a Babel soon.. well, I see your point, and you are absolutely right.. My intention was not to be fierce, but it actually seems so.. After putting my comments about the article (Denial of the Armenian Genocide) on some (actually two) users' talk pages, which I will probably not do in the future, I have made a comment on the talk page of the article, too.. I will do editing on other (more reliable and less tense) topics, as well, in the future (after starting on a tense topic:).. Thanks for your warning:) Kolay gelsin.. Kalkim",1,benign
143011,"""

 Wikipedia.info redirection? 

After reading the earlier discussion about the domain wikipedia.info, I visited the domain in question, and got a """"wiki does not exist"""" message. When I go to wikipedia.com, I'm """"redirected"""" to wikipedia.org.  Why not with wikipedia.info?   18:03, 16 Nov 2004 (UTC)""",1,benign
157360,"A ewe is a female sheep. Since the word is pronounced 'you', there is some confusion surrounding this word. Strictly from spelling 'an ewe' seems more appropriate, but from a pronunciation point of view, 'a ewe' is superior. While I'm not sure which version is more gramatically correct, a google search suggests that 'a ewe' is more common (oddly, some websites use both methods of spelling), so I'm inclined to keep it at 'a ewe'.",1,benign
10361,"If you want any further confirmation, please email me and I will explain (privately via email).  I have had problems with a person accusing gfwesq and me of being sockpuppets because we share similar interests (we are both lawyers) and therefore both edit law articles.",1,benign
22686,"""Thank you for experimenting with the page Rubik's Magic on Wikipedia. Your test worked, and has been reverted or removed. Please use the sandbox for any other tests you want to do. Take a look at the welcome page if you would like to learn more about contributing to our encyclopedia.  A link to the edit I have reverted can be found here: link. If you believe this edit should not have been reverted, please contact me.  e {T C @} """,1,benign
15403,"sure, understood.  part of whats going on here is me (the newbie) learning the boundaries of things like G11 (because you can read about it as much as you want but its how it works in action that counts) so your summary log comments are most helpful, like the one for S4 League, which i must admit i was borderline about. so thanks )",1,benign
140776,"""
By the way, has anyone asked you to """"spend hour and hours and hours compiling examples""""? No, we haven't. I've asked for an example. Why recast my question as an unreasonable one? Why not try to accurately restate my position, rather than exaggerating it into something that I wouldn't say? It comes off as rather disrespectful. I don't think you intend that. - """,1,benign
83717,hey i'm just wondering why it says he was born in 1911 but enlisted in the navy at 1904?,1,benign
103541,"""
""""Verifiability in this context means that other people should be able to check that material in a Wikipedia article has been published by a reliable source"""" - currently this image is IMHO without proper source, only with specified author. Your opinion is different - I suggest to wait for result of deletion request, as this discussion is rather not very productive   """,1,benign
18102,""", 2 July 2012 (UTC)
Yes and no. Yes because, well, it's a technical decision made by the developers; they change the config files at the direction of their bosses, the userrights change. In theory, it is a decision we could make without consulting the community. In practise - look, I've been an editor for 6+ years now, most of those as just an editor (I've been contracted here for, I think, 9 months and change). I know how silly a decision that'd be, both for practical reasons (people would get totally up in arms about it, and for good reason) and ethical ones (we owe a duty to involve editors in decisionmaking wherever we can, because we're a bottom-up organisation, not a top-down one). So generally speaking, I think editors should be able to disagree and I think editors should at least be asked their opinion before a change is made. That's what I believe, and that's why I held that RfC.
That's also why arguing with me is likely to be futile ). Not because this is a WMF decision, not because this is my staff account, but because we asked people what they want and they said """"give this to rollbackers too"""". I believe this was a perfectly valid expression of the community's opinion on the subject, and that it's much more applicable than the 2008 RfC, which was held when the community was in a much different state, addressing an (in some respects) radically different question, and not explicitly prohibiting these actions. So I'm not going to be persuaded by appeals to that, and it's not me you should be looking to persuade - if you want the situation to change, as said, hold your own. If you don't want to do that, I'm stuck in a situation, hired as a person to ensure the community was listened to, where the only way out is to ignore the opinions of those editors who spoke up when presented with the opportunity. And I'm not going to do that.   13:59""",1,benign
124253,"""

Sorry for the delayed response.  An NeTi comes from Jung, the common parent.  It means what Jung says it means.  Socionics is not free to redefine what NeTi means either in a general sense.  Again the more reliable sources have a meaning for NeTi.  If you want to use words in non standard ways that needs to be explicated Socionics can define things however it wants within the field but you cannot make the assertion that an ISFP is Si-Fe and not Fi-Se.  It makes no difference what socionics literature says on this point, the more reliable souces have it the other way around.  That's why we need to clearly seperate ISFp and ISFP.  Talk """,1,benign
151366,"""
Bridge name
continued from WT:RJL#Inclusion of major water bodies
 Ref 1: https://gis.mainroads.wa.gov.au/roadinformationmap/ → tick """"Structure"""" (in map contents on the left). Search (top left) → Search all → type in """"1612"""" → gives result """"Structure (1): Murray River & Pinjarra Road"""". Click on """"Murray River & Pinjarra Road"""" to expand the details, which includes """"Crossing Name: Murray River & Pinjarra Road"""". So that's what Main Roads says the crossing name is. If you want to look at some others, 1168→Redcliffe Bridge, 0914 and 0932 → the Causeway (Perth end and Vic. Park end), and 0608→Clackline Bridge. - 37 [talk] """,1,benign
107973,"Eunuchs
Schimmel says they are part of the culture and some have jobs, these eunuchs were created.",1,benign
9481,"I have made more than 100 contributions and all of them were valid.

As far as images are concerned I am requesting not deleting them by myself.

So if you want to block me block me now. I am not going to stop, as the article is about islam and it should be viewed and respected by muslim views.",1,benign
117888,"Previous copyvios
 Southwick, Ooty
  It was established on July 14, 1946. This union collects milk from its members residing in and  around Ooty and supplies it to customers. The dairy complex within the infrastructure has a cheese manufacturing facility.
The youth clubs within Nehru yuva kendra work in the areas covering education and training, awareness generation, skill development and self-employment, entrepreneurship development, thrift and co-operation, and also conduct sports and adventure programmes
with collections of life-size look-alike wax statues depicting Indian history, heritage and culture, housed in a 142 year old bungalow.
 Government Rose Garden, Ooty
the Rose Park was established at Vijayanagaram in Ooty in May 1995, covering an area of four hectares in five curving terraces
 It has a distributed rainfall throughout the year with not much change in temperature, which provides a long flowering season. Thousands of visitors visit the garden throughout the year,
The collection include Hybrid Tea Roses, Miniature Roses, Polyanthas, Papagena, Floribunda, Ramblers, Yakimour and roses of unusual colours like black and green.",1,benign
155985,"""

WikiProjects interested in """"Militant Atheism""""
Could you please explain more about why you have recently removed several WikiProjects mentioned as being interested in the article """"Militant atheism""""? The article discusses issues which clearly involve Christianity, and other religions, so I think they could be restored.   """,1,benign
139380,"""
I think that saying that nobody has a problem with VK except John is hyperbole. I had (and continue to have) a problem with VK seeming not to be able to take advice or rational guidance from other Wikipedians and being offensive when he """"reasons"""" his point of view. Sorry for butting in but I have to call it like it is. What's the point of being on probation if the probationer is unwilling to learn from past mistakes of behaviour?...(kiwiexile at DMOZ)  • """,1,benign
81549,"You make fair arguments about the content, so I've started a discussion for you here. There's no need to gain a consensus for removing it first, but explaining somewhere why you're removing it would have been the correct move.",1,benign
6232,"""
Oppose per Shudda. If the content was merged back here, it would likely make up a significant portion of the article; IMHO, the """"Credits"""" section and snippets already present throughout are more than enough for a main article; WP:SS.  (t·c) """,1,benign
80819,"""

 References 

i don't like deleting other people's work, so i put the list of references here, it is way too long.   

 Ausserer, A. (1871a): Beiträge zur Kenntniss der Arachniden-Familie der Territelariae Thorell (Mygalidae Autor).Verh. zool.-bot. Ges. Wien 21: 117-224.
 Bertkau, P. (1880a): Verzeichniss der von Prof. Ed. van Beneden auf seiner im Auftrage der Belgischen Regierung unternommen wissenschaftlichen Reise nach Brasilien und La Plata im Jahren 1872-73 gensammelten Arachniden.Mem. Cour. Acad. Belg. 43: 1-120.
 Bond, Jason E. (1994): Seta-Spigot homology and silk production in first instar Antrodiaetus unicolor spiderlings (Araneae: Antrodiaetidae).J. Arachnol. 22: 19-22.
 Bücherl, W. (1957): Sôbre a importância dos bulbos copuladores e das apófises tibiais dos machos na sistemática das aranhas caranguejeiras (Orthognatha).Anais Acad. bras. Cienc. 29: 377-416.
 Bücherl, W., a Timotheo Da Costa & S. Lucas (1971): Revisão de alguns tipos de aranhas caranguejeiras (Orthognatha) estabelecidos por Candido de Mello-Leitão e depositados no Museu Nacional do Rio.Mems Inst. Butantan 35: 117-138.
 Cambridge, F. O. P.- (1896): On the Theraphosidae of the lower Amazons: being an account of the new genera and species of this group of spiders discovered during the expedition of the steamship """"Faraday"""" up the river Amazons.Proc. zool. Soc. Lond. 1896: 716-766.
 Caporiacco, L. Di. (1947a): Diagnosi preliminari de specie nuove di aracnidi della Guiana Brittanica raccolte dai professori Beccari e Romiti.Monitore zool. ital. 56: 20-34.
 Chamberlin, R. V. (1916): Results of the Yale Peruvian Expedition of 1911. The Arachnida.Bull. Mus. comp. Zool. Harvard 60: 177-299.
 Coyle, F. A. (1984): A revision of the African mygalomorph spider genus Allothele (Araneae, Dipluridae).Am. Mus. Novit. 2794: 1-20.
 Coyle, F. A. (1986): Chilehexops, a new funnelweb mygalomorph spider genus from Chile (Araneae, Dipluridae).Am. Mus. Novit. 2860: 1-10.
 Coyle, F. A. (1988): A revision of the American funnel-web mygalomorph spider genus Euagrus (Araneae, Dipluridae).Bull. Am. Mus. nat. Hist. 187: 203-292.
 Coyle, F. A., T. C. O'shields (1990): Courtship and mating behavior of Thelechoris karschi (Araneae, Dipluridae), an African funnelweb spider.J. Arachnol. 18: 281-296.
 Coyle, F. A., T. E. Meigs (1990): Two new species of Ischnothele funnelweb spiders (Araneae, Mygalomorphae, Dipluridae) from Jamaica.J. Arachnol. 18: 95-111.
 Coyle, Frederick A., O'shields, Theresa C . & Perlmutter, Daniel G . (1991): Observations on the behavior of the kleptoparasitic spider, Mysmenopsis furtiva (Araneae, Mysmenidae).J. Arachnol. 19: 62-66.
 Coyle, F. A. (1995): A revision of the funnelweb mygalomorph spider subfamily Ischnothelinae (Araneae, Dipluridae).Bull. Am. Mus. nat. Hist. 226: 1-133.
 Dörr, Tobias, Andreas Halbig and John Osmani (2006): Auf Vogelspinnensuche in Costa Rica.ARACHNE 11(2): 4-20.
 Gamache, Martin and Amanda Gollaway (2006): Exkursion nach Trinidad: Psalmopoeus cambridgei POCOCK, 1895 in freier Natur.ARACHNE 11(3): 22-26.
 Maréchal, P., C. Marty (1998): Réhabilitation du genre Harmonicon (Pickard-Cambridge, 1896) et description d'une nouvelle espèce de Guyana française (Araneae, Mygalomorphae, Dipluridae).Zoosystema 20: 499-504.
 Mello-Leitão, C. F. De. (1924b): Quelques arachnides nouveaux du Bresil.Ann. Soc. ent. Fr. 93: 179-187.
 Mello-Leitão, C. F. De. (1926a): Algumas Theraphosoideas novas do Brasil.Rev. Mus. Paulista 14: 307-324.
 Mello-Leitão, C. F. De. (1937a): Aranhas novas ou raras.Ann. Acad. brasil. Sci. 9: 1-12.
 Mello-Leitão, C. F. De. (1941a): Notas sobre a sistematica das aranhas com descrição de algumas novas especies Sul Ameicanas.Anais Acad. bras. Cienc. 13: 103-127.
 Mello-Leitão, C. F. De. (1941b): Catalogo das aranhas da Colombia.Anais Acad. bras. Cienc. 13: 233-300.
 Mello-Leitão, C. F. De. (1945c): Some interesting new Brazilian spiders.Trans. Conn. Acad. Arts Sci 36: 169-175.
 Paz S., N. (1993): Aspectos de la biologia reproductiva de Linohele megatheloides (Araneae, Dipluridae).J. Arachnol. 21: 40-49.
 Paz S., N. & Raven, Robert J. (1989): A new species of Linothele from Colombia (Araneae, Mygalomorphae, Dipluridae).J. Arachnol. 18: 79-86.
 Pedroso, D. R., R. L. C. Bapatista (2004): Redescription of Trechona venosa (Latreille, 1832) and designation of its neotype (Araneae: Dipluridae).Revta Ibérica Aracnol. 10: 149-156.
 Raven, R. J. (1983b): Notes on some mygalomorph spiders in the Musée Royal de l'Afrique Centrale (Dipluridae, Hexathelidae, Ctenizidae: Araneae).Revue Zool. afr. 97: 549-562.
 Raven, R. J. (1984c): A revision of the Aname maculata species group (Dipluridae, Araneae) with notes o",1,benign
131180,", Welcome to Wikipedia,",1,benign
149945,"Your edits to Tourette syndrome 

 Please stop. If you continue to vandalize Wikipedia, you will be blocked from editing.   (t·c)",1,benign
76376,"""
Basically, as long as it isn't the case that WP:OR is being introduced into the lead with respect to speculation of a spectral causal relationship between fascism and WWI, fine. Needless to say, WP:RS and WP:NPOV apply. I have no qualms with improvement. 連絡 見学/迷惑 """,1,benign
37650,After adding another citation that leaves no point of doubt that the source of the phrases in question is the webpage of the Society for Army Historical Research. I felt justified,1,benign
22842,"""
FYI, I did not copy anything """"from the other website"""".  Apology, please.    speak! """,1,benign
30457,"Confusion 

You seem to have made some contributions to the Chord progression page, as evidenced by the history and discussion pages. I am confused by a certain aspect of the page as posted at Talk:Chord progression. If you have any insights, could you reply? Thanks.",1,benign
35330,"Image positioning
's positioning of the image (upper left) was pretty good, but I have changed it again.  I have put the image at the upper right, and moved the Minor Planet box down.  If anyone has a better idea, go for it.  12:58, Sep 30, 2004 (UTC)",1,benign
15362,"Thanks, and the more people who speak up the better, to avoid a small number of people thinking they have immediate general consent. ''''''",1,benign
44144,mill dickwad admin]] = Hilarity ensues by blocking me from editing,1,benign
44398,"Calling someone gay is not defamatory.  Only homophobic people think it's defamatory.  It's a well-known fact that Wang Lee Hom is gay.  Apparently, some people don't approve of the gay community.",1,benign
144185,"""

 Please do not vandalize pages, as you did with this edit to Trebuchet. If you continue to do so, you will be blocked from editing.    """,1,benign
77338,I've been reading different campaign articles on wikipedia for about a year and this article is very good and indepth. Deleting half the article makes no sense so I would ask the individual who keeps doing this to please stop.,1,benign
120262,There is no need for a formal WP:RM if all concerned party agree on the new name at this talk page.,1,benign
110263,"i need to leave fisherQueen a message...WE'RE BACK!!!!!!!!!!!!!! well only on this page.. but soon we will be after you!!!!!!!!!!!! Just kidding...maybe...you will never know! THEY are after you and your lesbian friends!!!!!! And merope, you cant call that comment pearsonal offence because it says on her user page!!!!!!!!!!!!!!!!!!!!!",1,benign
85992,"""==Notability of Bibliography of Mirjana Detelic==
A tag has been placed on Bibliography of Mirjana Detelic, requesting that it be speedily deleted from Wikipedia. This has been done because the article appears to be about a person, group of people, band, club, company, or web content, but it does not indicate how or why the subject is notable: that is, why an article about that subject should be included in an encyclopedia. Under the criteria for speedy deletion, articles that do not assert the subject's importance or significance may be deleted at any time. Please see the guidelines for what is generally accepted as notable. 

If you think that you can assert the notability of the subject, you may contest the deletion by adding  to the top of the page (just below the existing speedy deletion or """"db"""" tag), coupled with adding a note on the article's talk page explaining your position, but be aware that once tagged for speedy deletion, if the article meets the criterion it may be deleted without delay. Please do not remove the speedy deletion tag yourself, but don't hesitate to add information to the article that would confirm the subject's notability under Wikipedia guidelines.

For guidelines on specific types of articles, you may want to check out our criteria for biographies, for web sites, for bands, or for companies. Feel free to leave a note on my talk page if you have any questions about this.   """,1,benign
156438,"""

 Whoops. Nice job, kiddo. 

You said, one some poor guy's talk page:

I hope you will use this block time to consider a few matters that could make you a better editor, should you decide to continue. First, Wikipedia editors aren't nearly as stupid as you think they are. We include many people with advanced degrees who work in scholarly professions. Many of us can see through the kind of lies that you tried to use better than we can see through glass. Secondly, disruptive editing, lying, and attempts to sabotage the system not only get you into trouble, they also defeat the very goals that you are trying to achieve. If MattyBraps is deleted, one of the major reasons (but certainly not the only reason) is your behavior as creator of the article. You did serious damage to your own efforts to keep the article on Wikipedia. And finally, take some time to read Wikipedia policies. Start with WP:5P, and every time you see a blue link, click it and read what you see. If you can do these things, you might stand a chance of becoming a good editor. Otherwise, you need to move on to somewhere else to spend your time. Think about it.   

I would contend that Wikipedia editors are, in fact, as stupid as I suspect, as you still fail to grasp that the BT guy and I (the IP user you believe he sockpuppeted) are not the same person. All it took was me mirroring the way he types, pretending to be angry, and claiming """"I made the [Mattybraps] page,"""" and boom, I got him blocked. Thanks for helping me settle a bet about whether or not I could get the creator of the Mattyb wikipedia page (it's an embarrassment that it exists) banned inside of a week. I too have an advanced degree  turns out nobody gives a shit, champ. Keep up the excellent work. 75.64.190.21  

""",1,benign
9927,"for your knowledge 

 Regards",1,benign
139201,"""
Thanks -) But I'm not done yet... gabsadds """,1,benign
128888,"""

 Proposed merge with The Wedding Ringer (2015 film) 

The two were redirected to the Screen Gems page until production had start, since they are the same page and no need for the """"2015 film"""" with it, I suggest they be merged for the film page and not the redirect  • talk """,1,benign
87130,"Do these figures of population estimates include the Kurds of Turkey in them, I know that many people of the Kurdish community speak Turkish.",1,benign
35639,"Larentian Reference==

In all my years of association with the school district I have never seen ANY references to the district owning and operating the Laurentian Environmental Center.  Yes, students do attend the camp but so do students from hundreds of other schools throughout the midwest.  I am deleting the reference, please feel free to revert my deletion if you can post a reference to school district ownership of the center.

==",1,benign
57374,"Weapon? 

I first wrote tanto after the DOA Wiki editors, but personally I'm pretty sure it's wakizashi - unless it was officially confirmed as tanto somewhere.",1,benign
106509,"""

 Restricted biotech a characeristic of nanopunk?! 

The 2nd sentence in the article reads the following:
""""The genre is similar to biopunk, but describes the world where the use of biotechnologies are limited or prohibited, so only nanites and nanotechnologies are widely use (while in biopunk, bio- and nanotechnologies often coexist)""""
I'm really doubting the truth content of it. Basically I don't think that it's a characteristic of nanopunk that biotech is limited or prohibited even if some novels feature that. Additionally I'd rather say that this is a characteristic of biopunk with which a contrast is seeked here. Also """"so only nanites and nanotechnologies are widely in use"""" is a non sequitur - it's not a logical conclusion that """"only nanites"""" and nanotechnologies are widely in use because biotech is limited. Furthermore what's the """"only"""" referring to? Only in which area of life - medical? social? every?! Also I don't think it's not impossible for biotech to coexist in nanotech even though it probably (and eventually that might be a core characteristic) plays a subordinate role.
So I basically think everything about that sentence is false. I might be wrong about it (parts of it). So please post whatever you think of that here.
If there are no objections I'm gonna delete that sentence and somehow get the """"in nanopunk biotech plays a subordinate role to nanotechnology""""-part in there (which isn't really what the quoted sentence conveys).   """,1,benign
47817,"His blogging is now misrepresented 

Clearly I missed an entertaining edit war here.  But claiming that his writing is primarily about science fiction, without including his extensive writing about (against) feminism, gay rights, and communists appears to be POV from here.  Why do we think this is either not relevant, or not appropriate?",1,benign
11575,"Hindi 

Seems like you got confused with pro-Hindustani editors. Here is 65 year old statement: 

Article 351. Directive for development of the Hindi language- It shall be the duty of the Union to promote the spread of the Hindi language, to develop it so that it may serve as a medium of expression for all the elements of the composite culture of India and to secure its enrichment by assimilating without interfering with its genius, the forms, style and expressions used in Hindustani and in the other languages of India specified in the Eighth Schedule, and by drawing, wherever necessary or desirable, for its vocabulary, primarily on Sanskrit and secondarily on other languages.
http://rajbhasha.nic.in/UI/pagecontent.aspx?pc=MzU=

Hindi emerged as Apabhramsha, a degenerated form, in the 7th century A.D. By the 10th century A.D., it became stable. 'Braj, Awadhi, Khari Boli etc are the dialects of Hindi'. The present literary standard of Hindi is based on 'Khari Boli'. Hindi became the official language of India after 1947
http://hindinideshalaya.nic.in/english/hindi_orgin/briefhistory.html

Where are other languages of India ? What about Braj bhasha, Khadi Boli, Awadhi, Chattisgariya  ? They can call Hindi as much as Urdu speaking people are calling Hindi as Hindustani. The Hindi I speak has more Punjabi & English words than Urdu. The list goes on.

65 years are more than enough to change a language. We know that Hindi of 1960s is not same as Hindi of today. Even Indian English has emerged as major L2 speakers of English in last 65 years.",1,benign
12081,"Could you help me? 

I want to do a family tree chart on illyrian godsin the same format as thisAeneas Family tree",1,benign
135083,Wikipedia email re Newspapers.com signup,1,benign
71609,I started by updating population in Lavalleja Depertment in the Catalan wikipedia. I had to also update the template to take in the 2004 data. But I will not extend to other language wikis. I still have lots to do here (not only INE updates) that will never be done if I go too wide.  Talk,1,benign
41113,Maybe you could have a word with Tryde because it seems a hobby of his to make moves like this. regards,1,benign
52355,"I am very sorry 

I am very sorry. Over the last 3 days I have continued to create socks. I am not going to do it again but may I have my talk page access/e-mail restored.",1,benign
144832,"Images ==

On looking through some old images, I thought you'ld appreciate a heads-up on the following.  It was just a quick scan, so I may well have missed something.

No obvious fair-use rationale
 Image:KimZetter1.jpg
 Image:PangbocheHand.jpg
 Image:Bald Book.jpg
 Image:LizMyers.jpg
 Image:Earthworm Jim Nintendo.gif
 Image:Jesus Papers.jpg
 Image:TresorMaudit.jpg
 Image:RyanConferido.jpg
 Image:Journal of Medieval History.gif
 Image:3D Nature logo.png
 Image:Renaissance Magazine.gif
 Image:NY Blade.gif
 Image:Jerry Jacks Bobby Spencer.jpg
 Image:National Safety Associates.gif

Non-free images where free image could be obtained
 Image:KimZetter1.jpg
 Image:RyanConferido.jpg
 Image:Jerry Jacks Bobby Spencer.jpg

Images being used to illustrate other articles
 Image:Bald Book.jpg
 Image:187 Men To Avoid.gif
 Image:LizMyers.jpg
 Image:TresorMaudit.jpg

Perhaps you'ld like to take a look when you have time.    
 Thanks,  I'll take a look. onka 

==",1,benign
139569,my question is: why this guy has not yet banned? Other old vandalism,1,benign
129937,"To be honest, the entire section needs a rethink.  I am sure that every single person will want 'their' subject covered, and everyone elses ignored.  There needs to be some better criteria.",1,benign
45459,Cry me a river Druid.,1,benign
80318,"""

 POV Yahweh Vocalization Side-note 

Hello Cush. Just replied to your latest reply to me in the Talk:Yahweh page, and I wanted to add a personal side-note to that. I don't think we actually disagree on what I was saying, I may just not be explaining my thought clearly enough. I have generally noted that you and PiCo are — for the most part — on the same page as I am on cleaning up the Y article.

Now that we have finally removed the behemoth sections about the vocalization that use to be in the article, I want to be vigilant about making sure all that does not creep back in. That discussion should, instead, go to the Tetra""""n article, and that any discussion about the vocalization that remains within the Y article be kept to a absolute minimum (only present where really necessary, not going into much detail about it) and that it be neutral about that discussion (if people want to know more about it, they can go to the Tetra""""n article for it).

That's a basic summary, and I get the feeling that you agree with these thoughts. —    """,1,benign
128034,"""

that's all exactly what I mean, exactly, with the linking images and all. it's perfect.  talk """,1,benign
82082,"Dominican University

Just took a couple big swings with my meataxe to the article. Already MUCH less of PR piece.",1,benign
130971,Do we really need this in the article?,1,benign
66600,few bars of Molly Malone?,1,benign
92247,"$21,000,000 
Is that a year? or over a few years?",1,benign
13266,"also. Better, not beter",1,benign
151432,"""

 Hello! There is a DR/N request you may have interest in. 

This message is being sent to let you know of a discussion at the Wikipedia:Dispute resolution noticeboard regarding a content dispute discussion you may have participated in. Content disputes can hold up article development and make editing difficult for editors. You are not required to participate, but you are both invited and encouraged to help this dispute come to a resolution. The thread is """"Talk:Balochistan#Recent_changes"""". 
Please join us to help form a consensus. Thank you!  (talk) """,1,benign
25124,"Message==
I've replied to your message on my talk page. Just in case you weren't watching.  

==",1,benign
222,"""::: You are wrong. Although I was blocked on some occasions, I was never blocked for Sockpuppetry or Vandalism. It was because of disputes on multiple topics with various socks of user:Hkelkar & user:VandalPetrol, both of which are permabanned. I have never used any other account. If you are permitted to edit then you should get other accounts deleted which says you are indeffed.  No-Blast 

""",1,benign
120177,"Good luck 

Well I wanted to be the first one to wish you good luck. I have done everything I can to stop this stupidity but unfortunately they keep letting Fram do whatever he wants. I expect to be blocked myself soon because I told that piece of trash what I thought of him on the discussion so I think its only a matter of time before someone blocks me for personal attacks. Of course they'll leave him be to continue his crusade against some other editor.",1,benign
64371,"""

 Please stop your disruptive editing. If your vandalism continues, you will be blocked from editing Wikipedia.   
If this is a shared IP address, and you didn't make the edit, consider creating an account for yourself so you can avoid further irrelevant notices.""",1,benign
19053,"Malmot 

Malmot probably isn't a proper noun. It's probably a romanization of the Japanese word for guinea pig/test animal, モルモット morumotto.",1,benign
127556,"""

 Re: 

Oops, sorry about that flub - it looks like I have multiple threads titled """"718 Bot"""" on my talkpage. Anyway, I was responding to an inquiry from you about being wrongly bothered by bot messages when a fairuse image you upload is converted to PNG - I agree that this shouldn't happen. This was my reply -  """"I can definitely work something out with Carnildo. I was under the impression that  was the only bot that tagged orphaned fairuse images, and I've already made arrangements with its owner to not bother people about images converted to PNG. Thanks for the heads-up!"""" — east718 | talk | """,1,benign
100113,"Citations 

Hi, Hanedan, Wellcome to Wikipedia. I see you have started a series of articles of about the current Ottoman dynasty members. I also noted that you have a problem with the references. (I have Murat Bardakçı's book. But I don't have the others). I suggest you read WP:Referencing for beginners. Please feel free to consult me if you still have problems with the citations. Happy editting.",1,benign
137476,"""

 Please do not vandalize pages, as you did with this edit to Child. If you continue to do so, you will be blocked from editing.  '''rolls''' """,1,benign
151237,"if qing were korean, why did they attack korea, make it pay tribute, force it into hermit kingdom, force them to erect a humiliating stelea in their honor",1,benign
39636,"Mr Khoikhoi, Yes I agree with you on your proposal... those three months shall be my real test and I will prove it to you that what happened yesterday was just a slip.",1,benign
50971,"""

 Please do not vandalize pages, as you did with this edit to Anne Sexton. If you continue to do so, you will be blocked from editing.  gabsadds """,1,benign
49229,Reading these sentences hurts my head.,1,benign
21299,"Dave i raised the sock puppet case because my edits are constantly being needled by single article accounts , i would hope that you would assumme that i have made some good faith edits in 2500 plus edits ,but lets make a deal, i have nothing to hide but i will add content that is sourced to the article,also i will ask you can you watch the article to see that people inclueing me are following the rules and not needling other peoples edits and editors are using the talk page",1,benign
66230,"""

 Some baklava for you! 

  I'm sorry. I don't know howto dispense of the banners because they appear every time I leave you a message. Now would you please stop fussing about the banners and write out the synopsis's for 8213: Gacy House and Anneliese: The Exorcist Tapes.   """,1,benign
17693,"Just to clarify. If we go by the historical classification, we have the following declension classes for strong nouns:

Masculine: A-, wa-, ia-, ja-, i- and u-stems plus a few relics of consonant stems.

Feminine: Ō-, wō-, jō, iō- and i-stems plus a few irregularities, leftovers from the consonant classes and the word hönd which is the sole feminine survivor of the u-class..

Neutral: A-, wa-, ia-, and ja-stems plus the relic fé (u-class).

Those are all declension classes. The weak nouns then have a system of their own.

I hope this answered the question. Regarding the article, when and how it is suffixed is another chapter. All the best",1,benign
67045,"Have you read this, Verbal?  Two years ago you were one of the editors who insisted that large portions of the Seth Material article be moved to a separate page and edited there, instead of in situ.  Maybe you don't know the rules on Wikipedia as well as you think.",1,benign
39260,"""

from wordIQ. definition """"Holocaust denial is the claim that the mainstream historical version of the Holocaust is either highly exaggerated or completely falsified.""""  Bali and his cohorts have claimed repeatedly that the mainstream historical version of Holocaust history being covered in this article on the New York Times and the Holcaust is false or exaggerated, and they have denied including authortative facts, figures and quotes from the New York Times itself, from the directors of the Holocaust museum and the Wyman Center for Holocaust studies.  you may disagree with my use of this term, but it is a use about which reasonable people may differ.  i am not going to apologize for using it.  the apology is owed to me for being abused for speaking out for the truth about Holocaust history.  the fact that bali admits he has been called a holocaust denier before should be an absolute red flag. this is not an accusation people make for no reason. i have too much respect for Holocaust history to do that - something the administrators at Wiki evidently lack. you should all be ashamed of yourselves.  this is a scandal.  cimicifugia""",1,benign
158800,"""
I haven't looked at this page for years, but have a feeling I've edited it in the past. I would have thought that the Brussels Stock Exchange was right up there with the best examples of Second Empire Architecture; whereas, one or two of the American examples are what I believe Americans call 'chateauesque' and I call Franglifried. Not that it really matters, all these 19th century styles are largely a matter of personal opinion and taste.  """,1,benign
81478,"""

 From what I have been able to see when looking at  he only likes captions like B-57 in a hanger and B-57 flying - useless information.  Captions should spell out who, what, when, where (this a the basic when taking an class on basic writing).  Real aviation historians want details - I say as a aviation historian that if you have a photo then you have to give its history.  Bill say that this information should be spelled out in the artile, fine - lets delete all photo captions and go back to cave paintings.

 Bill also did not mention that when he reverted back to an earlier version that he also destroyed a lot of information that was added to the notible section - this is vandalism and I feel that maybe Bill need to be removed from being an editor for a few months

  states that an image is to illustrate different points in the article - this is a garbage statement if every I heard one - if that was the case lets remove every picture that has
 """"B-57 sitting in a hanger"""" and YOH-5A LOH or even Croatian Bell-427 landing (gee an airplane landing) -lots of details lots of research there.  As far as specificilly with MilborneOne I did a random sample of his article (aviation) and a vast majority do not have any phots associated (in fact most of his articles seem to have been lifted right out of Jane's Encyclopedia of Aviation or The Illustrated Encyclopedia of Aircraft - doe not take much to to copy work already published   """,1,benign
63988,"I believe that the troops that are staying are helping to train the Iraqi army and police, as well as Iraqi intelligence. At the very least, that's the impression I've gathered from this. ''''''",1,benign
75714,"""
Nevermind. It has been fixed. –  (talk) """,1,benign
131797,"Effects under £3000 - dated 24th August, 1863.  Letters of Administratior [sic] (with the Will annexed) of the personal estate of Constantia Grierson, late of Rathgar-road, County Dublin, Ireland, Spinster deceased who died 10th August, 1863, at same place were granted at the Principal Registry to George Abraham Grierson, of Manor House, Malahide, County Dublin, Esquire - the acting executor of Charlotte Dorothea Forster Grierson, Spinster deceased the universal legatee.",1,benign
89061,""":So Barnstar Bundy is once again living up to his nickname, that's real big, give him another barnstar for profound contributions! Perhaps he should be so kind though, as to first explain what exactly the consensus he is fantasizing about was and which and how many users consented to it? In the version supported by him it says e.g.: This section appears to contradict itself about the relative dates of reviews. Please help fix this problem. And this is far from the only problem with this section. If, however, someone tries to fix it Barnstar Bundy reverts because he apparently thinks the contradictions represent """"consensus"""". That's some strange logic. Well, qualification does not matter on WP as we have heard. But the question of motivation is important because it is quite obvious that the only reason some people keep editing (reverting) the article is because their purpose is to disparage its subject, which is a criterion for speedy deletion according to Wikipedia:CSD. —78.42.120.74  

""",1,benign
107683,"Btw: I am very personally offended by the allegation that I don't contribute to the encyclopedia enough. Kidding. As I said, you're right. I'm constantly trying to change that -/ See secondary antisemitism for one example of me writing something. Or Template:Archive Box Collapsible, or the rewrite I did on WP:WAF. But there is so much to do and so little fucking time. (for the record: I am now confirming this posting as going without an edit summary, as a Kudos to your whole input which I honestly appreciate) — Dorftrottel⁠",1,benign
131895,"I have no clue what your on about, the UK system is completely different =|.",1,benign
4499,"""

The primary objective of Wikipedia?

From,  """"Wikipedia exists for the people who read it, not for the people who edit it. Every edit should either improve the factual accuracy of Wikipedia or make it easier and more useful for the reader. Any edit which does not serve these goals is a waste of time and energy, and quite possibly counterproductive.""""
-adapted from Beyond My Ken.

It is not true that wikipedia exists only for the readers, editors have a role to play too.  Should Wikipedia become nothing but a bunch
of quotations cut and pasted here and there?  Besides, I am unable to think of any encyclopedia that is free from original research.
Furthermore, who made you guys the Wikipedia police?    """,1,benign
104795,"Wareh  instead of cluttering your page, I've put a long post on my page with a question at the end.  Thanks.",1,benign
114882,", and used it as an advertisement",1,benign
13202,"Comment 

 Not vandalizing 

I was not vandalizing, I was removing a repeated paragraph.",1,benign
59770,"""
I will add that if there is consensus that only alumni that have their own articles should be listed, I won't argue against that.  But I am saying that it's not policy to do so - and frankly, I dnn't see a reason for it here.  The disputed short list seems like an ok addition, even if every person doesn't have their own artlcle, but I'll leave that up to consensus.   † """,1,benign
17675,"Double deckers 

Should add some pictures of trams, other taxis and also Double decker buses.",1,benign
58902,Why are such biased references added to the Honours section? 188.81.115.107,1,benign
153068,""":Almost every project is moribund these days. But Stacey, what's your rationale for having this as a separate article instead of merging it with Children Act 1989?  Corbett 

""",1,benign
115019,"Thanks for pointing this out. Nearly all the contributions to the discussion were from administrators, who probably regularly check ANI and saw what had happened, so there was probably no harm done. However, it is just as well to be sure, so I have belatedly informed everyone who took part in the discussion, inviting them to start a new section if they have any more to say on the issue.",1,benign
9915,"""This editor is changing Infobox information concerning the official languages ​​of the """"African Union"""". He is editing that are 4 Official Languages ​​(Arabic, English, French and Portuguese) without any source of information, when Official Languages ​​of the Organization (attached in this PDF information) are 6; (Arabic, English, French, Portuguese, Spanish and Swahili) thanks and regards.

""",1,benign
124824,Please do not delete the speedy deletion tag - if you wish to dispute the deletion please do so on the article's talk page. If you continue to act in breach of the rules you will be reported. Thank you.,1,benign
51758,"I do not appreciate your aggressive tone and uncivilized language. Wikipedia:Civility 
It's becoming clear that expecting anything sensible from you like good faith or constructive editing is an exercise in futility.",1,benign
95449,"AQuestion forU 

What is a mid-life crisis? 86.179.40.116",1,benign
74789,"Recent status 

I saw this in the news today, and looking at the current article is seems a bit dated. Not really eager to get involved, but I think some updating is needed.",1,benign
118910,That's minor enough for you to correct yourself. There's no need to ask for advice. Be bold! ),1,benign
102114,"Attempting to discover the exact point where you can get blocked for personal attacks is probably not a good use of your time. If you perceive that an article is not neutral, there are well-known ways of addressing that problem that don't require abusing other editors.",1,benign
142397,"""lol. Regardless of intent or accident - I actually wish that GoingBatty would listen to my request and avoid pages that I'm working on. GoingBatty was (and still is) not interested in  Brazilian Hip Hop unless he's a secret gangster rapper. Maybe after a hard day in the hood with his scout charges this scoutmaster relaxes by expressing himself through rap. Anyway I'm bored by him and a whole bunch of other editors - all of whom seem to be here either as incognito moralists, conservatives, protectors of childhood, nationalists, etc. I imagine that many of the neo-nazi groups are here also. Its my experience of right-wingers that on the whole they don't want you to know what they are up too. I remember an arts center open mic night which I was attending being infiltrated by five or six or them. It was a surreal situation because none of them were actually musicians - they pretended to be comedians which allowed them the right to attend and perform. The woman who ran the night and who had no idea of how the BNP (British National Party) worked had put one of them in charge. I emailed the arts center due to the fact that I knew some of the people who ran the open mic nights (including the woman who had been put in overall charge and had made the decision to put him in charge) and got an email back saying the open mic nights were for everyone regardless of their political views. A week or two later I received another email saying that the arts center had decided to separate the comedy from the music by having separate nights for both. I'm  not too sure why but I do know that at one of the open mic nights the leader of this small BNP cell had been put in charge and after one of the singers had finished (she was colored) he said something that was really strange. I can't say what because people who were there may be reading this but it was racist. About a hundred people witnessed and heard what he said and everyone just sat silently in shock not knowing how to react - after all he was in charge. Now that is power. When you can persuade others that your intent is one thing and then position yourself to impose your will or views upon those who believe your original lie - well that is political power. Its not even a right wing thing since many left wing leaders have used to same ploy. It is the nature of a dogmatic personality who is seeking power to follow such a course when faced with opposition to their dogma. Here's what happened after the torrent scene released the membership list of the BNP and I spotted that one of them was a town planning consultant employed by my local council. I sent an email to my council of course. Evidently my council believe that hiring a BNP member as a town planning consultant for one of the most highly diverse ethnic towns in England was fine because his racist views shouldn't affect his ability to provide good advice. lol 

  
Sicko. Mike Godwin was sooo right. ''¡digame!¿que pasa?'' 

That old chestnut Godwin's Law. Here's a new one: Sluffs Law - whenever anyone throws Godwin's Law at you then you can assume that they are not a member of a minority and have no idea of what you are talking about. lol  

  

END END END

 One Corpse Too Many  vandalism of reference's url 

Thanks for all your changes to spelling, date formats, use of dashes, etc in this entry.  I did not appreciate that you randomly altered part of the long string that is the url for Ref 8 in the article.  I have fixed it now, so the link goes directly to the google book of the 1911 Encyclopedia Britannica article on Shrewsbury Castle, on page 1022.  Please leave that unchanged.

I do not understand why you are undoing links to the 'year in literature' articles, and to the 'year in British television' articles.  It took me time to get each book in its proper year, and to make sure the television adaptations were correctly described as to series, episode and year, and matching that overall page as well as IMDb information.  Not every novel was adapted for television. So I put those links back, for consistency across The Cadfael Chronicles articles in Wikipedia, the 20 novels and one short story collection.  

Is this some new rule in Wikipedia, though the articles for the year in literature and year in television still exist?   
There is general consensus that [",1,benign
35377,"""

I have reviewed the changes by user """"Bueller"""" and I would just like to say I agree with his assessment. This article is becoming a hobby-horse upon which to hang any negative quote, article or opinion piece on Feith is being dredged up and tacked on. Its extremely unencyclopedic. In my opinion, the article should stick to historical facts that are _manifestly true_, such as the fact he served in the Bush administration, under which bureau, some of his acts and accomplishments there etc. All this subterfuge smacks of character assassination by editors out to paint this man in a negative fashion. You can dig up negative articles on nearly any public figure, that doesn't make them encyclopedic nor scholarly.""",1,benign
40796,"Daniel Clark 
My recent edit of this article is not at all a disruptive edit, I was just adding something that I read in a magazine, and I couldnt find the source. So dont be threatening to block me or anything.",1,benign
104187,"BTW, Professor  welcome to collaboration.  If you INCLUDE the relevant editors they may even approve of your edits.  Granted, it may not feel so triumphant, but it gets us all there together.",1,benign
82552,"""

(Sorry for the late response). I reverted my block because Marsmanhu had not vandalized, and the sockpuppetry is suspected, not confirmed. If you are 100% sure that he is a sock, then feel free to re-add him to AIV. ·  Talk 

Yeah... you have a point. I'm about 95% sure or so... I'll add him to the sock report that's been sitting there for a week, as another sock, and wait for the block. He's being somewhat disruptive, but as you said, I don't have absolute proof, so I'll let the admins decide. I will keep an eye on him though...  """,1,benign
63884,"Citations Provided 
Hello, Blade.
I have provided some citations in Rajus page which are taken from famous hostorical books from famous historians.
There are more historical books which give more mistory and glory about this Kshatriya Raju caste, but due to time constraint I am not able to pick them all. 
It is unfortunate that Mr Sitush is removing citations from historical persons, and citing some odd quotations from infamous/ left out historical books. Mr Sitush has removed citation from  The History of Andhra Country, Yashoda Devi. Yashoda Devi is a famous historian. Please check about Historian Yashoda Devi and her book.

Its seems there is some allergy for Mr Sitush in accepting Rajus as Kshatriyas which is making him to remove valuable historical content on Rajus page. Please cross check the WP you would come to know.

I request you to go through my citations provided and protect the Rajus wiki page.
I always feel genuine things prevail.

Thanks",1,benign
52874,"""

After Arkansas Preservation redesigned their web site a few weeks ago, there are a number of issues with the NRHP part of the site.  I have found at least two instances of listings that are missing from search results, and numerous PDFs of listings are also missing.  If you find what seem to be missing entries, you can try to find them the NRIS mirror run by Elkman, which has all listings up to about April 2010 (i.e. it has no listings or delistings after then).  If they show up in Elkman but not on the Arkansas Preservation site, contact them (info@arkansaspreservation.com), they're pretty good about responding.  On the old web site, I would report errors or omissions that would be fixed within a business day.  Sometimes the omission from their site is caused by an imminent delisting.  For bridges, you can also see if Bridgehunter has images or other information (like better lat/lon, which these two listings need).

In this case, listings for """"Cove Creek Bridge"""" and """"Cove Creek Tributary Bridge"""" both show up in Elkman (Tributary=95000644, Creek=95000645), and are given separate resource identifiers (in the """"Other Names"""" field in Elkman: Tributary=LO0051, Creek=LO0050).  Unfortunately, Logan County appears to be one of the counties whose nomination forms are not currently available on the web site, but they can send copies by email.  Bridgehunter has images of both bridges (look nearly identical), provided by the Arkansas Highway Dept. ''''♪piano """,1,benign
46322,"The quote certainly sounds familiar, and I think that it might be in either the 2ed Eldar book or possibly in the Codex Imperialis book from the 2ed game set. I don't have access to those right this moment, but I'll check them when I get back home. 

I think that the relation between the Eldar and Japan is more tenuous then between the Eldar and Tolkien though; there are some very clear parallels between Elves and Eldar, right down to some of the naming used. Unfortunately I don't know much about feudal Japan, so I'm going to spend a bit of time brushing up on that and see what parallels exist.   15:28 EST, May 12 2005.",1,benign
77563,"You're correct LKludin, Natalie Portman, Tom Sizemore, Ashley Judd are not starring roles.",1,benign
36622,"Thank you for experimenting with the page Islam on Wikipedia. Your test worked, and has been reverted or removed. Please use the sandbox for any other tests you want to do. Take a look at the welcome page if you would like to learn more about contributing to our encyclopedia.   (Talk)",1,benign
61570,"""

OK, thanks for the speedy reply ). At this point, I guess all instances of the word """"Ambersnail"""" should be capitalized, because I've already standardized it that way.  """,1,benign
68260,""" August 2011 (UTC)
Indeed, the irony of throwing around stereotypes about the looters/rioters and the """"local residents"""" and """"business owners"""" was revealed with recent television media reports about the occupations of some of the looters/rioters who were being processed by the Courts, which included accountants, university students, student dentists and a """"highly respected"""" teaching assistant.  Talk 11:54, 11""",1,benign
22468,"I agree about weasel words.  I think there is a balance here, because wp also doesn't like the lede to be too encumbered.  Anyway, I see your point about the myriad back and forth revisions.  It does make it hard to move forward, doesn't it.  Best.",1,benign
105397,Right I draw a line under this now.,1,benign
32294,"""
It was 89.57. You rounded up. I love how have to type sentence after sentence about a subject you clearly know nothing about. It was a 27.3 m (89.5 ft) female caught off the South Shetland Islands in January 1925. Whether it was measured or not I can't say. It wasn't measured by a scientist in the standard zoological manner (in a straight line from the tip of the rostrum to the notch of the flukes) though, so it probably wasn't measured accurately (if at all). It was most likely measured alongside a factory ship during flensing (unless it was taken to the Deception Island station). This was just before the widespread use of stern slipways, so it would have been difficult to measure if it indeed was. The cited source should be Mackintosh and Wheeler (1929), which cite Risting (1928), which I don't have access to. Mackintosh and Wheeler simply say it was """"27.3 m. or 89 ft. 6 in."""" (p. 321). Risting probably originally gave it in Norwegian feet, which Mackintosh and Wheeler converted into meters and English feet to conform to their figures. Also, you're a dumb bitch who runs her mouth about shit she knows nothing about. Say hi to Hiroski for me. )   """,1,benign
21834,"""

Hello , and Welcome to Wikipedia! 
Welcome to Wikipedia! I hope you enjoy the encyclopedia and want to stay. As a first step, you may wish to read the Introduction.

If you have any questions, feel free to ask me at my talk page — I'm happy to help. Or, you can ask your question at the New contributors' help page.

  
Here are some more resources to help you as you explore and contribute to the world's largest encyclopedia...

 Finding your way around: 

 Table of Contents

 Department directory

 Need help? 

 Questions — a guide on where to ask questions.
 Cheatsheet — quick reference on Wikipedia's mark-up codes.
 Wikipedia's 5 pillars — an overview of Wikipedia's foundations
 Article Wizard - a Wizard to help you create articles

 The Simplified Ruleset — a summary of Wikipedia's most important rules.
Guide to Wikipedia — A thorough step-by-step guide to Wikipedia.

 How you can help: 

 Contributing to Wikipedia — a guide on how you can help.

 Community Portal — Wikipedia's hub of activity.

 Additional tips...  

 Please sign your messages on talk pages with four tildes (~~~~). This will automatically insert your """"signature"""" (your username and a date stamp). The  button, on the tool bar above Wikipedia's text editing window, also does this. 

 If you would like to play around with your new Wiki skills the Sandbox is for you. 

, good luck, and have fun. """,1,benign
85209,"You do realize that you are the one who began removing referenced information from the article, despite a RFC, and without achieving consensus on talk.",1,benign
55399,this was the statement as dailytech posted as THEY recieved it from a toshiba PR rep.  there is nothing for me to go back to look at as I dont have access to dailytechs email.  The word they used with dailytech was cancelled.. CES is going to be interesting to say the least.. I can't wait to talk to HD DVD on the show floor and see how they spin it.  wether its the death blow for the format who knows but it certainly puts a huge damper on things.. NY times says blu ray will now have 70% marketshare... thats huge. -,1,benign
2678,"Issues with Knox 

Knox run things like Gala Days, festivals etc. and you know what? Along Redleaf Ave and the Pacific Hwy, they illegally park. Now, I know a friend who lives on the Pcfc Hwy in Wahroonga, and the snobby bastards from Knox come along and completely block people's driveways. They can't get out! However, it's not illegal and the people of Wahroonga complain to Ku-ring-gai Council and what do they get? Nothing! It's ridiculous that bastards like that can get away with it. Somebody needs to add another section on this article talking about this issue, so that people who want to know more about the school and also people who attend the school can realise just how much arrogant and jerky they are!",1,benign
70091,"Prokaryotes 

There's >2700 species in humans. doi:10.1016/S1473-3099(15)00293-5  | T@lk",1,benign
102047,"In other words, you made it up that Gamaliel identifies as male 

nt",1,benign
61841,"Novaliches High School 

School",1,benign
150043,"Help! 

Hi Marek69. I'm in a situation of trouble...people telling me that I've broken copyright (even copying withing wikipedia). I just need to get some things straight!

 Firstly what do you have to do to attribute (I read the page, but it gave me wikipedia creep; please simplify it)?
 What do you do if you've done edits way in the past in which you've copied from other wiki articles without attribution (I only discovered it relatively recently)?
 Can you copy and paste info from other articles that you've written yourself?

Please make this clear to me. I've been blocked in the past for a misunderstanding, and I don't want to get blocked again!

Please reply as soon as possible. I need to go soon, and I hope to have a reply soon. Please reply...  

Note: This message was removed twice by the IPs in the above discussion, and readded twice by me. Just thought I would point that out, in case you didn't see his original post and thought I had made it up myself. -38.116.200.85",1,benign
49718,"""

Please stop reverting my edits to the """"Oy (Dark Tower)"""" page. I am not vandalizing the page but according to you I am.""",1,benign
138122,I agree with what Rebelguys2 said above. There are reasons to keep the POV tag.,1,benign
131894,"Better version  

http://en.wikipedia.org/wiki/Image:Rujavula.jpg better version http://www.geocities.com/ancientcoinsofindia/norksh1.htm",1,benign
31775,"List of Fraternities and Sororities 

Almost every other college and university on Wikipedia has a separate section about their Greek life (or a section within Student Life) and a list of each fraternity and sorority as well as greek-lettered honor societies, such as Phi Beta Kappa and Tau Beta Pi. This is an addition to the page that is needed in the near future. ~",1,benign
10669,"Copyright problem 
This article has been revised as part of the large-scale clean-up project of a massive copyright infringement on Wikipedia. Earlier text must not be restored, unless it can be verified to be free of infringement. For legal reasons, Wikipedia cannot accept copyrighted text or images borrowed from other web sites or printed material; such additions must be deleted. Contributors may use sources as a source of information, but not as a source of sentences or phrases. Accordingly, the material may be rewritten, but only if it does not infringe on the copyright of the original or plagiarize from that source. Please see our guideline on non-free text for how to properly implement limited quotations of copyrighted text. Wikipedia takes copyright violations very seriously.

For more information on this situation, which involved a single contributor liberally copying material from print and internet sources into several thousand articles, please see the two administrators' noticeboard discussions of the matter,  here and here, as well as the the cleanup task force subpage. Thank you.   (talk)",1,benign
135285,"Actually, now I see that it looks like the specific interview links were removed from a couple of dozen articles at one fell swoop. I need to ask, how closely did you look at the links that you removed?",1,benign
80158,Looks like a good edit.,1,benign
98627,"I don't think I follow your logic on this one Pcarbonn. If we consider the Shkedi and Jones et. al. papers to be genuine academic papers, then their findings can be included. We should not elaborate any further than their authors do about their significance in the debate.  We don't have a source saying why Fleischman left the field, so it can't be included.",1,benign
138369,"""
Yeah but.....
Yes, second imposter in a few days. But what now?  If I voice my suspicions I risk being """"blocked for disruption"""" according to   """,1,benign
81583,long story short. He thinks you are bullying him. - woof,1,benign
22715,"""

In that case, you have a few options, from most preferable to least:
When you see that citations are needed, be bold and add proper citations
Don't do anything; complain instead
The door is thattaway, don't let it hit you on the way out
The reason for the verifiability policy and the necessity for citations is that any user ought, in a perfect world, to be able to check the source him- or herself in order to ascertain the veracity of the article. With over two million articles and who knows how many tens of millions of page views per day, do you really think it's reasonable to expect people all over the world to field calls?  """"Yes, I'm a geneticist, yes, that's what I said.. can I please go back to unravelling the DNA of cancer?  You're my 383792th",1,benign
112931,"""

Debian ISO question

Hello! I just wanted to let you know that question really belonged at Wikipedia:Reference_desk/Computing. Cheers!☮ — | contributions | talk """,1,benign
13919,"What you are doing is vandalism.  You have been checked on it before, i see. 
You should ask for citations, instead of reverting. 
There is much this fat little queer does not know.",1,benign
150146,"congrats on the legal threat ) 

Thanks for a good laugh. As if there is not enough stupid spammers with legal threats on NANAE, now we see WP trolls suing sincere moderators for their right to disrupt the collaboration here! This is probably a WP first — I haven't heard of other cases yet... Keep up the good work!  09:40, 28 Nov 2004 (UTC)",1,benign
99824,"""
   For the record, while i don't regularly see BotAS, i've known a subscriber who surely would have spoken differently about it if it had discussions like whether it """"would melt through the earth to China"""". I respect it as the sort of pub that might discuss how far toward the center of the earth a meltdown could progress. Imputing to it discussions that took comic-book physics seriously is an intellectual crime; on the positive side, it's also kinda like not noticing that you sat down in a pool of your murder victim's blood.•t """,1,benign
71775,"TE's talk page access 

I know it's a bit of old hat at the moment, but he was brought up on a talk page recently and I checked the history to verify a(n apparently incorrect) claim I wanted to make. (It's possible he's IP-socking again, by the way.) Why does he still have talk page access after this? Does the fact that you were the main target of the rant mean that your reverting your own previously restoring his talk page access would have been taken by some as an abuse of admin privileges? Because I really don't think anyone would fault you for it, and I have half a mind to ask another admin to do it anyway.  (聖やや)",1,benign
24254,"""

Let us examine what is considered """"Black"""" in the context of this very article. At the very top it states:

""""It is also used to categorize a number of diverse populations together based on historical and prehistorical ancestral relationships. Some definitions of the term include only people of relatively recent Sub Saharan African descent (see African diaspora). Among the members of this group, dark skin is most often accompanied by the expression of natural afro-hair texture (although a recent scientific study notes that human skin color diversity is highest in sub-Saharan African populations). Other definitions of the term """"black people"""" extend to other populations characterized by dark skin, including some indigenous to Oceania and Southeast Asia""""

This article even mentions Oceanians and Southeast Asians (such as the Great Andamanese, Native Fijians, the Ati,  and the Melanesians) even though these groups genetically have more in common with neighboring Asian populations and are very distant from other people who are considered Black Africans. Ethiopians are black Africans. Some of them have Middle-Eastern ancestry (Ethiopia is a short boat ride from Arabia), but that automatically does not make them an entirely mixed population; nor does it change the fact that their roots are mainly in Africa. Sicilians have some Middle-Eastern ancestry, but they are still considered European. Ancient Romans certainly referred to Ethiopians as black. They used the term """"Ethiopian"""" to describe all Black Africans they came across, regardless of their location outside of East Africa (read this: http://en.wikipedia.org/wiki/Roman_expeditions_to_Sub-Saharan_Africa)

I went to the Beta Israel page and found two very clear references: 

Ephraim Isaac (1974), The Falasha: Black Jews of Ethiopia. Dillard University Scholar Statesman Lecture Series.

Simon D. Messing (1982). The Story of the Falashas """"Black Jews of Ethiopia"""". Brooklyn. ISBN 0-9615946-9-1

Here's more from another article (http://en.wikipedia.org/wiki/Racism_in_Israel#Black_Hebrew_Israelite_immigration)

Rebhun, Uzi, Jews in Israel: contemporary social and cultural patterns

""""The Israeli government has airlifted black Ethiopian Jews to Israel and given them citizenship in the same way it has been a haven to Jews oppressed throughout the Middle East and Africa""""

""""She told RT: “They don't want poor or black children and Depo-Provera gave them the opportunity to have control. If she [a patient] keeps taking an injection every three months, she is not going to have children – you know it is a 100 per cent secure from children I think.”

Hedva says the policy is working – the number of black babies in Israel is decreasing, but there are no official statistics to back up her claim. For community workers and Ethiopian women here, statistics are unnecessary – they feel their reality speaks for itself.

The Health Ministry admits it issues the drug, but says it was never its policy only to administer it to Ethiopian women and reduce the number of black babies in the country.""""

I would say that makes Ethiopian Jew's a valid part of this article.

(Click Here to leave a message)""",1,benign
22902,"Discussion at  Talk:Contemporary Paganism#Moved without discussion
 You are invited to join the discussion at Talk:Contemporary Paganism#Moved without discussion.  —''''''",1,benign
51410,"The company appears in the List of cars article (see under Myanmar), an article I have been helping to expand for months. This simply adds more information. If you still think it should be deleted, please proceed.",1,benign
11114,", because the easiest course of action will be to revert what you have done.",1,benign
151867,Biography at Inosanto Academy Website,1,benign
29669,"Genealogists routinely make the mistake of assuming that the father-of-record is necessarily the biological father.  However, this is not always the case in polygamous Mormon culture, as wives are officially and unofficially shifted from man to man.  Even sisters have been traded.  We will never really know the full extent of what went on in the Mexican Mormon colony the Romneys sprang fromof course, that was precisely why the left the United States to begin with.  It makes sense, of course, that Romney and his political operatives would want to keep these issues from the American people.",1,benign
156713,"I dont see that either of these apply. Its just a fact. Not my opinion and not biased. I am not saying that its good or bad, only that it has happened. Perhaps it is you that lacks a NPOV? 110.174.23.139",1,benign
19905,"Stevie Richards and Mike Knox 
Does Richards ever wrestle? I've never seen him. Does he only do Dark Matches or something?

WWE.com has removed the superstar release article from their main page. This may mean Mike Knox will not be fired, since that seemed to be debated a while back. Haven't seen him since he dumped Kelly Kelly. Dark Matches again?",1,benign
157945,"""== Bruce Campbell ==
U42 """,1,benign
80855,"Ah, I see that you slapped a CSD on the publisher. Is that because you are more decisive or less patient that me? -",1,benign
11215,"Notability of Night nazif
A tag has been placed on Night nazif, requesting that it be speedily deleted from Wikipedia. This has been done because the article seems to be about a person, group of people, band, club, company, or web content, but it does not indicate how or why the subject is notable, that is, why an article about that subject should be included in Wikipedia. Under the criteria for speedy deletion, articles that do not assert notability may be deleted at any time. Please see the guidelines for what is generally accepted as notable, and if you can indicate why the subject of this article is notable, you may contest the tagging. To do this, add  on the top of the page (below the existing db tag) and leave a note on the article's talk page explaining your position. Please do not remove the speedy deletion tag yourself, but don't hesitate to add information to the article that would confirm its subject's notability under the guidelines.

For guidelines on specific types of articles, you may want to check out our criteria for biographies, for web sites, for bands, or for companies. Feel free to leave a note on my talk page if you have any questions about this.",1,benign
135673,"The article right now has it that Ami was supposed to unhuman in some way and that Osabu talked her out of it; we're just missing the specific way, which is I think that she was supposed to be a cyborg. Hence all the computer-related accessories. It's interesting, too, 'cause that same interest in having a cute cyborg girl got passed on to Hotaru eventually.  ♫",1,benign
140625,I'm not happy; Ah hah! meaning I've just discovered.,1,benign
157491,"In addition, tags have been placed throughout tis section, indicating places where there might be a need for either improved or first sources.

Note, finally, as I said at the Liddell article, in the LC section, these are important matters, controversial matters, about which I have no firm opinion; it is simply crucial that they be properly verifiable, and clearly stated. Best of fortune getting this in order. It has all the makings of a first-class article, if the matter of this controversy can be carefully, thoughtfully, and verifiably resolved.  Cheers,",1,benign
15521,"I'm not trying to get myself unblocked.  I never was.  I don't care whether or not I'm blocked for 72 hours.  I'm trying to prove a point.  And it's working.  When you claim that a single revert, coupled with discussion, is an edit war, you're proving that you're a little kid who is a petty bureaucrat with no common sense.  Every admin that upholds your block is proving that the description applies to them too.  It's not a personal attack.  It's an attack on the substance of the issue, and it's absolutely right. -",1,benign
108029,"""==GA Review==

:This review is transcluded from Talk:Fashion (film)/GA1. The edit link for this section can be used to add comments to the review.

Reviewer:  (talk · contribs) 

Checklist
Close paraphrasing - The film is more about the story of models, designers and people connected with the fashion industry. compared with  It is basically about the story of certain individuals connected with the fashion industry and their ups and downs and their personal trauma. 

Quote -  """"I was amazed at the overwhelming attention given to the fashion Industry by the media and the public, and thought delving into the fashion world intriguing."""" would need to be written as a quote due to it being close to """"I was amazed at the overwhelming attention given to the fashion Industry by the media and the public. I thought the idea of delving deep into the fashion world was very interesting and intriguing.""""

""""Bhandarkar (known for researching his subject matter to make his films as realistic as possible) did nearly eight months of research into the fashion industry, attending fashion weeks and shows to gain insight into how the industry was run."""" should have what is in the parentheses incorporated into the article without them.

The article meets Good Article criteria otherwise.""",1,benign
118409,"""
Actually you should remove all pixels from images. In essence you're making them smaller for some folks (like me) and too large for others. Each user should set prefernce for image size by following the """"My preferences"""" link on the left side of page and clicking on """"files"""". There you can set a size, this was news to me but it actually makes sense as extra markup is difficult for some operating systems (remember we're worldwide and many are on old or second-hand computers) as well as being a potential hurdle for those dealing with specially-able interpreting software. Benjiboi """,1,benign
32479,I feel that exaggerations such as these from Rand make it very difficult to take her seriously as an intellectual.,1,benign
49042,"Hello and welcome to Wikipedia.  We appreciate your edit, but unfortunately the text that you added was from the Metropolitan Opera site and is copyright.  (per http://www.metoperafamily.org/metopera/history/stories/synopsis.aspx?id=53)
Please remember not to add material which is under copyright to this site.  Cheers.",1,benign
101752,"You're welcome to keep playing in the WP:Sandbox, but avoid attacks there, or elsewhere.",1,benign
84389,"Evidence on Adil's sockpuppetry 

Hi Dmc, you have had experience with Adil Baguirov socks in the past and unfortunately, his evasion of the ban has continued relentlessly. I have collected some evidence that Adil = user:Ehud Lesar, and  would like you to check it out please. Here it is . I started adding the evidence, I will be adding more depending on how much you request if this is not enough. I am really amazed that no one sees anything in Adil's game. The reason I don't want to add all the evidences at once is that, from experience, I know it won’t even be read. Thanks -",1,benign
2356,As per WP: name conventions.,1,benign
60068,"""
{| class=""""wikitable""""
|-
! Screenshot
! Title
! Airdate
! Episode #
! Production Code
! Stoopid Monkey
|-
| colspan=""""6"""" bgcolor=""""#50A6C2"""" |
|- align=""""center""""
| rowspan=""""3"""" | 
| """"Junk in the Trunk""""
| February 20, 2005
| 1
| 2
| rowspan=""""3"""" | 
|-
| colspan=""""4"""" |
Rachael Leigh Cook smashes more than eggs in her latest This is Your Brain on Drugs public service announcement. Optimus Prime, leader of the Autobots, falls prey to prostate cancer. The outcome is never in doubt during """"World's Most One-Sided Fistfights Caught on Film."""" Outtakes from The Dukes of Hazzard, The X-Files, Battlestar Galactica and more come to light in """"Bloopers.""""
|-
| colspan=""""4"""" |
Stoop!d Monkey logo: He is about to hit his tail with a hammer.
|-""",1,benign
133579,"A note
I have moved the text from here to",1,benign
86448,REDIRECT Talk:Bar Kokhba (album),1,benign
142159,"""
Since Felisopus is complaining about this sarcastic recapitulation of mine, here the correct translation: Hey, I'm contacting you, because I suppose you know the topic, have more sources available [Note of the translator: """"more sources"""" is supposed to mean: more than zero] and hopefully write a better English than I do. I just edited a couple of articles on en.wikipedia (like Ladin language) and immediately 3-4 different edit wars started due to total reverts: right now even the century-long Germanization of the territory is being censured [Note of the translator: wrong, the Germanization is already mentioned in the correct article], I think that shows clearly the level of the discussion. Thank you for your attention and good work.   """,1,benign
84645,"Re: Brandi Carlile page
I've been told by one of the admins on the AgainToday forum, that you are part of Brandi's management team. I was told by one of the admins last night to change her page again, after the copyright issue. If you want to change it back to your previous revisions, that's fine. I'll be glad to leave it alone from now on. I had just noticed the obvious similarities between the wiki page and the myspace page and wiki has clear rules on copyright infringement. Sorry if I came off a little harsh.",1,benign
131528,That is very and disrepectful rude of you.,1,benign
68967,"Your way is overly convoluted, difficult to read, and way too loosey goosey on the one away list.  Please limit one aways to guys who are at least semi-active.  Santino is long retired.  The way things were was fine as is with no complaints...if it ain't broke, don't fix it.   When you have 2 editors telling you to back off, then it's kinda time to fold 'em.  (talk)",1,benign
132121,"Band 

This citation is not very reliable. He did not say he is a fan of Cannibal Corpse himself, so I just deleted the sentence. (Miranda don't start again I have had enough of you)",1,benign
95956,"""While it's difficult to find recent source material online about the correctness of various terminologya friend/professor of political science teaches that """"Global North"""" and """"Global South"""" are the most popular and accepted among the academic community.164.76.185.147  Evan Mann

""",1,benign
48477,"Ok, Sheriff. talk2''''—Expert Sectioneer'' of  Wikipedia",1,benign
5105,""", 30 July 2007 (UTC)
The link doesn't work for me. Do you have a better one? Also, please review Wikipedia:Talk page guidelines#New topics and headings on talk pages: Never address other users in a heading, and avoid provocative and pointless reverts in this regard in the future. Thanks. (talk) 04:16""",1,benign
63256,"A tag has been placed on DJ Tiger, requesting that it be speedily deleted from Wikipedia. This has been done because the article seems to be about a person, group of people, band, club, company, or web content, but it does not indicate how or why the subject is notable, that is, why an article about that subject should be included in Wikipedia. Under the criteria for speedy deletion, articles that do not assert notability may be deleted at any time. Please see the guidelines for what is generally accepted as notable, and if you can indicate why the subject of this article is notable, you may contest the tagging. To do this, add  on the top of the page and leave a note on the article's talk page explaining your position. Please do not remove the speedy deletion tag yourself, but don't hesitate to add information to the article that would confirm its subject's notability under the guidelines.

For guidelines on specific types of articles, you may want to check out our criteria for biographies, for web sites, for bands, or for companies. Feel free to leave a note on my talk page if you have any questions about this.  -",1,benign
19076,"(about which there had been considerable grumbling on the talk page) and then moving around the text that had been in place in accordance with my revision.  There was no attempt on my part to advance, in the article main space, one POV on another on my part.  And I did this",1,benign
147043,"The page made was relevant.
The band has hundreds of followers that want to know about it.
Fortunately I know this information about them as I went to the same school, while most of them were there.

Can it be sent to me?",1,benign
82762,"""iN northern central Pkiastan there appears t be a custom in which th e local taxi driver or bus driver is regarded as """"famous"""" in this """"beautiful village which is best in district"""".""",1,benign
91191,No worries. Take care.,1,benign
108975,"Ms. Marsden is a highly controversial political figure with many enemies.  Let's please keep that in mind when people start posting unsubstantiated criminal allegations (made by someone who's under investigation themselves, yet) without even so much as a charge or even an arrest.   ''''''",1,benign
31169,Please refrain from making personal attacks or you may be blocked from editing. -,1,benign
78566,So the cold wind blows from the north at midday.,1,benign
30751,"Of course, you can. Thank you.",1,benign
33277,"""

 Invitation 

  For Wikipedia's 11th Anniversary! An invitation for you to come and join us for Wikipedia's 11th Anniversary in Delhi on the 15th Jan 2012: Click here for more details.

Will be great to see you! )   """,1,benign
94100,"""Hi. I'll be reviewing this article. Please just give me an hour or two to read through the article fully in order to give you a thorough review. Regards,    Chat   |""",1,benign
121123,REDIRECT Talk:Ferdinand I of León,1,benign
114120,"Thank you... 

... for recognizing that my redirecting a non-notable song title by Weird Al Yankovic to the album that contains the song is in good faith, as my contribution history demonstrates. In this case, the redirection is superior to an AfD, which would have happened if the redirect is not sustained. Thanks again. 147.70.242.54",1,benign
58485,"Vintagekite, what you or nobody has never been able to explain is why Irish Republican Catholics go by a different set of standards than the rest of Wikipedia. John Edwards is in the English-American category, as well as the University of North Carolina alumni category, and the Podcaster category. But John Edwards is not notable for being an English-American, or for being a UNC alum, or a podcaster. John Edwards is only a notable English-American, UNC alum, and podcaster. If you applied the same standrard to John Edwards article that you have set for articles about Irish Republicans, then John Edwards should be in any of those categories. Yet, we don't see One Night In Hackney removing content from articles about Irish Republicans.",1,benign
111251,"Mum? Is that you?? I told you to stay off my user page! ;) Thanks, that's nice of you to not only say, but be bothered to write:) See you around.",1,benign
91633,"""
Yes, that's the one. Where is the existence of this right to """"civiliy express his opinion"""" on Wikipedia? Regardless, he hasn't been asked what his opinion is, it is unsolicited. So effectively he's pushing his opinion on anyone who visits his user page, this may seem minor but it all adds up to create a hostile environment for LGBT people. 86.165.204.5  """,1,benign
25466,"""

 Wikipedia:Articles for deletion/Kelvin Kwan 

Can you explain more clearly why this was closed as """"Delete"""" given that the article in question met WP:ATT and WP:N in general (citations from Taiwan, HK, and mainland newspapers), as well as WP:MUSIC criteria #1 specifically (nationally charted hit - a song of his was ranked as the #4 duet nationally by the central television station in a country of 1.3 billion people). The Delete votes consisted of two guys who voted before the article was sourced/improved, one guy who didn't bother to conduct a proper search and so mistakenly claimed it only had 670 GHits, and one guy with a novel theory, generally not supported by consensus, about how stuff can be notable in one language wiki and not in another. Thanks,  """,1,benign
8839,"classical composition stubs 

Thanks for catching me.  I was going through changing music-stub's to classical-comp-stubs and I forgot the more specific stub was just for compositions and not for classical related articles in general.  I reverted my mis-edits.",1,benign
80677,TexasAndroid is a racist who specifcially targets articles about accomplishments of African Americans.  He is a lonely 40 something who lashes out at others to cover his own insecurities,1,benign
64695,"Rotten Tomatoes - is that allowed here? - may have a review, and a review should count as proof to release of a film. I couldn't get the webpage at RT to work and saw nothing there.",1,benign
69415,"""
 Yesterday I requested administrators at WP:AN to take a look into the case.  Avengers """,1,benign
148307,"""

 Please Read 

If you have remarks about the car, best to put them in the article on the car; this article is on the company.

 Model S Base Price Needs Updating - No longer speculative 

The Tesla website lists the Model S base price at $49,900 USD, and they're taking $5,000 reservation payments.  — Preceding unsigned comment added by 64.53.220.164   

 $465 Million from Federal Advanced Technology Vehicle Production Program 

June 23, 2009 - Tesla received $465 million from the federal government to retool factories for production of electric vehicles. There is extensive detail to be covered.

 Problems at Tesla 

http://www.news.com/8301-11128_3-9849410-54.html?part=rss&subj;=news&tag;=2547-1_3-0-5  —Preceding unsigned comment added by 74.230.23.191   

 Restructuring 

I tried to restructure this by putting in some sections.  Things I wish were a little better:
 The section on the roadster may be getting a little too big, since there's already a page on it.  But I think the specs on the car go towards explaining the company's business model.
 English vs American usage is a bit of a problem here since we have Lotus, an English company, and Tesla, an American company.  I'm staying with American style as per the original version and since this is about an American car.  I tried to avoid constructions that sound odd on the other continent but I'm not sure I succeeded.
 | talk 

 Michael Marks 

If you click on his name in the article, you'll find he's long been dead.   —Preceding unsigned comment added by 71.208.110.210   

 Tesla Motors Marketing? 

This reads to me as a staged bit of company hype until I see footage of a real vehicle and some third party confirmation of the putative statistics. This whole thing reads like a marketing ploy with Wikipedia furnishing the advertising medium. User:69.7.41.230

Seat-of-the-pants acceleration statistics have been reported on by several independent press reporters; see for instance this LA Times article by Dan Neil (including video) and this Forbes article by Elizabeth Corcoran. YouTube has even more video.  While independent test track information has not yet been published, this is to be expected as common practice for automobile companies during development of a new vehicle. It is unusual, however, for Tesla to allow so many reporters to ride in their 3rd gen evaluation prototypes (development vehicles).  The reported efficiency of 133 Wh/km, while quite good, is very much in line with other electric vehicles.  Similarly, reports of the energy (56kWh) and power (220kW) content of the li-ion pack are well within the range of other li-ion battery packs.  How might we improve the article to sound less like a """"marketing ploy""""?  

I agree that the article reads like an advertisment, the Models section especially, and as asuch I will add an advert warning to the section until the advert feel is gone.   

 That single comment is 3.5 years old and is no longer relevant. The article has gone through multiple revisions by multiple editors since that time.   

These revisions evidently did nothing to solve the adverts, you should know you have been editing this page for over 3.5 years.  

 Solar mileage offset calculation 

""""Tesla plans to offer home roof mounted solar-photovoltaic systems through S",1,benign
90708,. People are intrested in youth football,1,benign
156412,"Proof of bad faith deletion was provided on WP:ANI  Deletion blanked out the core section of article without justification, while leaving behind much more problematic sections.  Such behaviour is inconsistent with good fait application of rules.",1,benign
127814,"Notice

Please reference this IP address. It seems this IP has received multiple warnings about vandalism since 2007. This address is a public system based on little rock air force base. Unfortunately some people here think it is all well and good to make bad posts to various pages on this site. Please keep in mind that this is a publicly routed IP for hundreds of people.",1,benign
123024,"""

You are welcome to respond here. I don't see any response, though, am I missing something? –  talk • contribs """,1,benign
115696,"Information 

Sir,
  It's hard to find information seeing as how a tornado destroyed the Lincoln County courthouse with all the records in the 1930's. There is a small historical archive building a few blocks downtown from the courthouse. Also, People from Carney, Tryon, etc. may have information as well. I don't know what's left of the ghost towns like Avery and Parkland, but it might be usefull to look there too.",1,benign
9130,"""

I agree with  that “Georgian scripts“ would be a better title, or perhaps “Georgian alphabets” or “Georgian writing” (although this might be confused with Georgian literature). I certainly agree with the proposer that the present name is unsatisfactory, as the article covers three distinct scripts, and at least alludes to the existence of more than one mkhedruli alphabet. That said, I don’t have a strong objection to “Georgian script”, which would at least be an improvement, and seems to line up with the Latin and Cyrillic articles (the latter seems to me particularly worth emulating) in comprising a range of regional & historical varieties.—1479 """,1,benign
134108,I think what you have suggested would be acceptable. I appreciate you taking time to look into this matter!,1,benign
72549,"""
Cosign that Jivesh and Status! Her label is a mess at the moment, especially with the pregnancy.  STACK STACK STACK """,1,benign
2084,"""

 Hello Machan! 

  My Pleasure It's my pleasure to corporate with you ion your modest work in safeguarding the Sinhalese culture and ethics. Talk to me anytime.  Summon """,1,benign
27458,"It is called the English Channel in the UK and La Manche in France. It has two names. Likewise, Iranians refer to the Persian Gulf and Arabs refer to the Arabian Gulf. That's the truth of the matter.",1,benign
122686,"""

I just came across the expression in a book  """"Stiff Upper Lip, Jeeves"""" by PG Wodehouse.  It's used by Wooster in the context of the article.  The phrase """"mighty white"""" comes up often. (Written in the 1920's in England).""",1,benign
149907,"""== A welcome from  ==

Hello, Adam Wadley, and welcome to Wikipedia! Thank you for your contributions; I hope you like the place and decide to stay. We're glad to have you in our community! Here are a few good links for newcomers:

If you haven't already, drop by the New user log and tell others a bit about yourself.
Always sign your posts on talk pages! That way, others will know who left which comments.
The Five Pillars of Wikipedia
Simplified Ruleset
How to edit a page
Editing, policy, conduct, and structure tutorial
Picture tutorial
How to write a great article
Naming conventions
Manual of Style
Wikipedia Glossary

I hope you enjoy editing here and being a Wikipedian! Though we all make goofy mistakes, here is what Wikipedia is not. If you have any questions or concerns, don't hesitate to see the help pages or add a question to the village pump. The Community Portal can also be very useful.

Happy editing!

–123 (e) 

P.S. Feel free to leave a message on my talk page if you need help with anything or simply wish to say hello. )""",1,benign
34696,I am new to this site and created something in hast not knowing what the criteria was. I will edit this immediately.,1,benign
35276,"This user has vandalized Lady Gaga song articles, by refusing to accept the general consensus that the songwriters should be attributed to the writing credits from the album booklet e.g. Lady Gaga instead of Stefani Germanotta.",1,benign
5791,"But again. The Variety source is a reliable source (even stated again here) that, again per WP:V, will be used until a new or different reliable source comes around that says otherwise. -",1,benign
112666,"Whoops, sorry about that, it was an honest mistake as my first revert came at the same time as the one reverting vandalisim, I thought you were being a smart arse who was reverting the page back to its vandalisim.",1,benign
73349,"Who is in charge of Russia? Putin or Medevev? I gather Putin is still the captain of the ship (he just kept the power made the Moscow White House the new Kremlin), whith Medevev as the honorary counsel.",1,benign
61144,"""

Let us smile

 

 sends his [[Namaskar|greetings and friendly smile to you! I do believe that smiles promote WikiLove and hopefully this one has made your day better. I would request you to please spread the WikiLove by smiling to someone else, whether it be someone you have had disagreements with in the past or a good friend. Smile to others by adding ,  or  to their talk pages. Happy editing and all the best!   """,1,benign
109342,"Yes, indeed, this has been an on-going personality conflict that started long before Wikipedia was even created.  TheBee has, in my view, been quite busy harassing me, following me around and starting discussions on most of the article talk pages and several user talk pages, including my own, for the sole purpose of chastising me.  Here are some examples of his harassment tactics:

He has brought this same discussion to many administrators, using the same diffs - trying to get me banned from Wikipedia.",1,benign
75109,"""

The relevant quote from your talk page is """"respected contributor )

== Blocked for personal attacks ==

I have blocked you for four hours for not respecting the no personal attacks policy I've placed on my user page.  Your comments were a personal attack of User:Ambi and will not be tolerated.  You were warned by the warning at the top of my page, which I also seem to recall you complaining about, so there's no excuse for not being aware of it.

Please refrain from personal attacks in the future.   

The relevant quote from your talk page is """"respected contributor )

Are you saying saying Ambi is your friend is a """"personal attack""""? I doubt many people would agree that's a justified block according to blocking policy, really...  (Α⇔Ω ¦ ⇒✉)   (Α⇔Ω ¦ ⇒✉) """,1,benign
46846,"Welcome!

Hello, Noplann, and welcome to Wikipedia! Thank you for your contributions. I hope you like the place and decide to stay. Here are some pages that you might find helpful:
The five pillars of Wikipedia
Tutorial
How to edit a page and How to develop articles
How to create your first article (using the Article Wizard if you wish)
Manual of Style
I hope you enjoy editing here and being a Wikipedian! Please sign your messages on discussion pages using four tildes (~~~~); this will automatically insert your username and the date. If you need help, check out Wikipedia:Questions, ask me on my talk page, or ask your question on this page and then place {{help me}} before the question. Again, welcome! 

September 2011
This is the English Wikipedia - apart from exceptional circumstances, all contributions will be in English. Further editing in Cyrilic script may find you warned and eventually blocked. Thank you.",1,benign
128899,"November 2007
Wikipedia has no place for rumours and gossip, and I have reverted two of your edits to Oobie. If you have reliable information you should support it with references by citing sources. Otherwise such edits are not helpful. Thank you.",1,benign
5837,"http://www.google.co.in/search?tbm=bks&tbo;=1&q;=gaurishankar+hirachand+ojha&btnG;=#q=gaurishankar+ojha&hl;=en&tbo;=1&tbm;=bks&ei;=xPFYTqL8MMaurAfmv5TUCg&start;=30&sa;=N&bav;=on.2,or.r_gc.r_pw.&fp;=884647e45455b937&biw;=1366&bih;=677

go through this be it harvard university or james tod later revised editions itself show the name of gh ojha, the title of mahapayodhya is given by govt of india and it means greatest of all teachers and it shows why people are afraid of hindi , ojha sir too know english very well but he wrote in hindi and still achieved great heights no historian in modern day india can take the challenge to do that and reach the same height as ojha sir.115.241.247.223",1,benign
74441,But I don't even mention scientists in my proposed version. We really don't want to give claim and counter claim to infinity. Don't you like my proposed version? *is hurt* 86.44.29.35,1,benign
127247,""":""""At the risk of muddying the waters, I would think that those friendly to Objectivism would want to have all these silly quotes in, because they are almost all by people with a political agenda and come off as ideological. """" THANK YOU!  That's (almost) what I've been saying ALL ALONG!  By packing the criticism section with criticisms of trivial matters or which appear to be irrelevant to the boo, you get people to wonder whether there are any serious criticisms at all.  LGagnon, take note. Or is Cooper a """"Randist"""" now?  

""",1,benign
116410,"You can't win that argument, because it is not and you know it.  HOwever, I feel that you are willfully blocking a constructive contribution, and that in doing so you do our future students a great disservice.  In short, what is wrong with telling people the truth?  Or does Jimbo Wales deign that you only speak in lies and half-truths?",1,benign
12780,"IPA-sh 

Hi, 

I haven't yet linked all the articles with SC transcriptions to this template, but once I do (in a couple days?), maybe you could review them? A lot have simple stress marks, and some don't mark accent at all. (Though I don't know how much you'd be able to do with personal names.) Also, I've been going through them pretty quickly, and may not have always made the best choice for the name of the language.",1,benign
123889,"Como? 

Hey Rallph what is up how are you man",1,benign
28251,"""
Said from someone who had some very offensive userboxes on their page till a few days ago. The point in referring to the ads is to reaffirm its historical accuracy which Haymaker ridiculously called into question. WO Please leave me a wb if you reply """,1,benign
102703,"I am aware of the original block request, but thank you for providing me with the link for a third time . The",1,benign
73754,"page, or place {{helpme}} on your talk page and someone will show up shortly to answer your questions. Enjoy your time on Wikipedia.  

 Please do not make personal attacks. Wikipedia has a strict policy against personal attacks. Attack pages and images are not tolerated by Wikipedia and are speedily deleted. Users who continue to create or repost such pages and images, especially those in violation of our Wikipedia:Biographies of living persons policy, will be blocked from editing Wikipedia. Thank you.",1,benign
5381,"""

 Hinckley 

I know it sounds silly but """"this guy is dead"""" seems a little rude.  I am sure it wasn't intentional but could you say it a different way? Thanks and thank you for time in updating the article  """,1,benign
19623,"Wiki-Ed I've just checked out your sources.... where is the mention to the battle of cartagena de indias and the heavy massive casualties suffered? ussi possidetis? what is that a word invented by some random british author who didn't even heard of cartagena de indias in his life? don't be ridiculous, the massive british fleet failed and the spanish ruled the West indies 50 years more.",1,benign
2369,"(UTC) This sentence is an editorial opinion and the information about financing is already included. Being an editorial opinion does not disqualify it per se, but taking account the fact that this is an article about the worldwide company with more than 100-years history, this opinion about one specific aspect related to the company, voiced by non-mainstream magazine, will have undue weight. It may be relevant in some other article (e.g. focused to the climate change denial financing), depending the context.   18:16, 8 January 2016",1,benign
137401,"57, 15 March 2008 (UTC)
Are there any statistics you can provided that can prove this claim? These sites don't seem very diverse in thier coverage of the topic.   15",1,benign
7713,"""
Not really, because the source doesn't cite the initial part of the paragraph """"Dating from the time of the original Super Mario Bros. release, urban legend claimed..."""" and, if you removed that part, then the glitch wouldn't be notable. So no, that won't quite work. It does make it verifiable, but it doesn't verify the part that makes it notable, if that makes sense. Cheers,  """,1,benign
7093,"""

 Award 

  The Working  Barnstar I hereby award The Working Wikipedian's Barnstar to Belovedfreak in recognition of assessing over 3220 articles for WikiProject Biography's Summer 2007 Assessment Drive. less """,1,benign
92703,"Wait a second. Godcast = podcast by a church. From a quick glance at the link in question, it does indeed fit that requirement. What's the problem now? Anyhow, just hurry up and delete this worthless article, lol godcast, I hope by 2007 nobody will have heard of this crap.",1,benign
28792,"Please do NOT change the meaning of the page
I am the author of the page of the Libertarian Movement (Italy), I address the following appeal to anonymous user 82.58.182.118 that stubbornly continues to want to change the following page with enter information irrelevant and ambiguous about the term Libertarian Movement (already mentioned in a separate paragraph about the dual meanings) and on the Marxist view of the Libertarians Italian. This page is dedicated exclusively to the Libertarian Movement not to other Italian anarchist movements, which are cited if they are in special sections in relation to any dispute with the ML. Please avoid adding information without actually affecting the validity and the identity of the Libertarian Movement, particularly as regards its continuous removal from the table of Italian political parties.The Movimento Libertario is a regular Italian political party registered with the competent Italian authorities, that does not participate in elections is not a choice that should not be excluded from the covered between the political parties active in the Italian.Therefore, please avoid the following user 82.58.182.118 to continue the work of tampering and damage to the item, otherwise I will have to report it to administrators of wikipedia because they avoid similar action on this page.Greetings.  Lib3rtarian",1,benign
4661,"p.s. 

I didn't realize that you were sending me messages.  I thought there was an error.  I did put the link on one of those pages with spacing.  If you still think the link does not belong, you may remove it.",1,benign
23724,"1987 Shooting at Ocean Island (water-themed area within the park)
Does anyone have information on the shooting that killed two girls swimming in the wave pool called Ocean Island?  One of the victims was Michelle Sexton, a sophomore at Northwestern High School in Rock Hill, S.C.; the other was a young girl (perhaps 6)?  Seems like this should be in the timeline, if nothing else. 208.58.79.184",1,benign
57582,I know - I am still working on watchlist changes made to articles made while I was away over Christmas. Surprising how much vandalism has not been picked up by others.,1,benign
7109,"Crossmr 

I altered",1,benign
149417,"""

 has offended me repeatedly'''
I attempted to reach a consensus with , but he ridiculed me: 
""""and much less """"CNN talks about it"""". Oooooh, I'm impressed! ) What kind of an argument is that, """"CNN talks about it""""? hahahahahah""""

Someone who makes this kind of comment doesn't want consensus, he wants to shove his view down everyone's thoats.

 has also offended and ridiculed me other times:
""""Are you mentally challenged?""""
""""Now go watch the fireworks in Copacabana and stop crying, Mr Carioca. )""""
""""Man, you really are a nut job! """"
""""Get a life, carioca""""
""""EconomistBR is the one who is being intolerant""""

All I want is to talk with him about this and him to appologize for those uncalled for offenses""",1,benign
93160,"""

Greetings...
...fellow Wikipedian! I come to you with a request for a favour. You see, my friend  - talk """,1,benign
79883,"HASN'T, not has'nt. Please keep that in mind. Oh, and stop using so many commas and use periods instead. I understand your English is  highly flawed but you have to learn sometime. Might I recommend Firefox? It has a built-in spell checker. Also please work on your reading comprehension, as you blatantly missed when I called you presumptuous and asked how you knew I didn't have an account, which I do.",1,benign
92070,"Carcharoth, that would be a little overkill on the redirects.  Yes, if any of them were fairly commonly used, but we have no evidence that they are.  The most importand ones are the ones omitting a middle name or initial when those are included, but it wasn't here in this case.  Yes, the one including the middle name is fine, the others with just initials are likely unnecessary, even if there isn't a whole lot of harm if they are included.",1,benign
158399,"This is a warning notice: On January 10th, 2009 you posted revision 263111948 on Dunbar High School. That revision has been undone. If you attempt to put inappropriate content again on any page. You will be banned from Wikipedia and your Internet Service Provider will be contacted.",1,benign
34005,"Like my Topic? 
I made a topic in Thomas R. Grover Middle School titled school clubs Like it? plzz reply back to my uder talk thingy",1,benign
149922,"The problem is not the editor's knowledge of the subject but the fact that you keep reverting his edits without discussion. Stop reverting edits made in good faith without good reason. That will only lead to being reported or something similar. I would take a break for a day or two and return then. Thanks,",1,benign
32189,"""

 Removal of dubious material. 

I've removed the following information because it is factually incorrect.  The titles listed as grades are hyperbolic names found primarily in open tea markets, often followed by a """"#1"""" to make it seem even higher quality.  They don't actually reflect tea quality at all, although they are the butt of many jokes as was reported.  Although I'm fairly certain of this, my visit to the page was a drive by to clarify what Orange Pekoe refers to to my husband (also inaccurate and uncited, but this bothered me more for some reason), I don't have the time right now to pull out sources.  If I'm wrong, sorry to have been a bother, but if I'm right the labeling of tea is ripe for an interesting subsection on how not to get ripped off.

""""Orange Pekoe is often referred to as """"OP""""; the grading scheme contains several other categories considered to be of higher quality than OP.  The grades for whole leaf orthodox black tea, in ascending order are:
 OP (Orange Pekoe)
 FOP (Flowery Orange Pekoe)
 GFOP (Golden Flowery Orange Pekoe)
 TGFOP (Tippy Golden Flowery Orange Pekoe)
 FTGFOP (Fine Tippy Golden Flowery Orange Pekoe)
 SFTGFOP (Super Fine Tippy Golden Flowery Orange Pekoe)""""""",1,benign
147252,which at the moment is only protecting  personal interests,1,benign
122387,"Theory why you're an annoying girl 

You were popular on Wikipedia, because you developed early and startWikipedoaed giving blow jobs at the age of 11. But now you can'rt bear to look at yourself in the mirror, because all you see is a lesbian. So you pick ob users, just to avoid an inevitable realization that when your body is used up at the age of 28, you're going to be a dried-up, chalky-skinned burlap sack that nobody likes. How's that? Am I in the ballpark? 66.87.130.137",1,benign
102619,"""

You were not blocked just for this, but also for your continuous edit warring. ≈talk≈ """,1,benign
92605,"Changed a lot, Orginized it, added external links, headlines, and added a picture.

- User: Transkar

 Adrian Dodson vs. Alain Bonnamie 2nd Bite Fight 

Has anyone remember on October 5, 1999 when Adrian Dodson was disqualified for biting Alain Bonnamie's mouth in the last round during our Commonwealth title fight in London, England?  —Preceding unsigned comment added by 24.90.178.88",1,benign
91376,"Your argument is invalid 

ok dragonfly67 plz listen closely this time. That article was a BIRTHDAY PRESENT FOR MY FRIEND.A . BIRTHDAY. PRESENT. my computer recently got a virus henceforth all my documented got wiped. I need it back, as it is MINE. MINE. NOT YOURS. I. NEED. IT. I wont post in on wiki i promise I just need it back in my files so i can send it to my friend. It most deffinetly needs to be emailed to me. thanks",1,benign
104334,Discussion on the speed of light,1,benign
77170,"WP:GRFA is an ongoing effort by at least eight users. There might be more at this point. It first developed a few days ago, and has been under development since. It's not 'final' yet (nor should it ever really be), and so it's not been linked into WP:RFA and associated pages. However, as you note, it does carry significant material advice to potential administrator nominees. I've used it a couple of times so far in directing people. So far, it's been received well. I guess that's the beta test ) With regards to self nom; I recommend that someone else nominate you. I've been keeping track of RfA statistics since late June. There have been 144 non-self nominations for users with more than 2,000 edits*. There have been 38 self-noms. The success rate of non-self noms is 83%. For self noms, it's 68%, a 15% difference. If you want me to nominate you, I'd be willing to consider you against . My standards to nominate are possibly the strictest around. First, you need to clear 3,000 edits. Note that those standards are for me to nominate; they do not affect how I vote on a nomination. Based on your average # of edits over the last 30 days, you should reach 3,000 edits by the end of this month. Your current average # of edits per day overall is 12.65. Over the last 30 days, it's been 33.76. 

* - I did  of 126 nominations from late June to mid-September. I found a glaring difference in the success of nominees with <2000 edits vs. >2000 edits. That's why I limited my success comparison of self/non-self noms to users with >2000 edits, as <2000 edits is a different case. 

All the best,",1,benign
78907,"How can I be sure? 

http://www.copyright.gov/circs/circ07d.html

Federal LAW.
ALL PUBLISHED BOOKS IN THE UNITED STATES MUST BE REGISTERED MANDATORY WITHIN 3 MONTHS OF PUBLISHING.

That means ALL books.

Not eBooks, which is what hers are.

She has NO listings at all, for her name, for GODDESSY, for any of her book titles, even the numbers. NOTHING nadda.",1,benign
100581,See Wikipedia is not for things made up one day.,1,benign
36517,Thanks for participating in the conspiracy against me.,1,benign
113268,"Jyutping 
Hi! Regarding edit, can you please provide the Jyutping Cantonese of the names for nunchaku, Pinyin of which are already present on the page Nunchaku? Ciao!",1,benign
27993,"Wikimedia Canada
Hi there! I'd like to invite you to explore Wikimedia Canada, and create a list of people interested in forming a local chapter for our nation. A local chapter will help promote and improve the organization, within our great nation. We'd also like to encourage everyone to suggest projects for our national chapter to participate in. Hope to see you there!",1,benign
38458,"""

 Crash and Cortex not together enough 

It may just be me, but did anyone feel that Crash and Cortex were not played together enough in the game? Usually at some points, Cortex leaves Crash with that """"Come along!"""" or """"This way!"""" line. It seem to me that the game mostly has you play as Crash as opposed to Crash and Cortex together, because isn't that the whole point of the game? You couldn't even play as both of them in the final level. - B.J.""",1,benign
63561,"Facts matter a great deal to encyclopedias and scholars meticulous about dates, quotes and other minor historical details.  There are even ways to check facts, unlike opinions, assumptions and interpretations.   05:10, 20 Dec 2004 (UTC)",1,benign
121296,"""
I've reverted to the version that is in line with IMOS. That doesn't mean discussion is finished - discussion can continue here - but can we move past the tired """"Ireland is the official name"""" VS """"Republic of Ireland widely known"""" discussion.  The proper place for that discussion is at the IMOS talk page, not here. The editors requesting the change have been given an opportunity to put forward an argument or reasoning on why this article should not follow the IMOS guidelines, and have (for whatever reason) decided not to engage in a meaningful way.  By way of disclosure, I'm very sceptical of anon IP addresses and a new editor turning up making contentious edits in an area that has, in the past, attracted much edit warring and resulted in many blocked editors and the uncovering of sock accounts.  The editing style shown is reminiscent of those times, in my opinion, and the community has a low tolerence for this behaviour.  I'm trying not to let my scepticism get in the way, but for that to happen, I'd like to see some meaningful engagement on the topic of *this article*, and why *this article* should get special treatment and not follow IMOS.  ++   """,1,benign
152506,Trust me...you cant possibly even imagine it!,1,benign
126954,Syrian Civil War sanctions,1,benign
1699,""":::I'm against merging the articles.  I think part of the confusion is that 1028 is interpreting """"African-American"""" as a purely ethnic label.  If it were, 1028's arguments would make sense, but it isn't.  It's a label that makes reference both to a person's ethnicity and to their nationality.   

""",1,benign
154268,https://en.wikipedia.org/wiki/Secondary_source - you need to get a grip and accept wikipedia policy -,1,benign
125897,"'press gang activities' ? Highly unlikely that was still going on in WW2 - would have been highly illegal and counterproductive. Still, if you have verifiable evidence....",1,benign
96286,"Possibly unfree Image:THIS_IS_my_own_work.jpg 
An image that you uploaded or altered, Image:THIS_IS_my_own_work.jpg, has been listed at Wikipedia:Possibly unfree images because its copyright status is disputed. If the image's copyright status cannot be verified, it may be deleted. You may find more information on the image description page. You are welcome to add comments to its entry at the discussion if you are interested in it not being deleted. Thank you.   Talk",1,benign
4398,"""

I understand the confusion. You would think that since a primary source is a first-hand account, it would be the most reliable. However, the person or group involved could have a biased viewpoint. Also, there may be multiple viewpoints on the event in question that differ from one another. That's when a secondary source comes in. A secondary source's author is """"one step removed"""" from the event reducing the chance of bias, and often uses several primary sources to form an opinion, evaluation, and/or conclusion. Furthermore, secondary sources are more likely to be published – the editorial oversight of the publishing process is extremely valuable here. It helps us avoid original research. One of the biggest problems with Wikipedians relying on primary sources is that they often find themselves forming their own conclusions, whether intentionally or not, which would be considered original research. You can read more about why published sources are sought on Wikipedia at WP:RS and WP:SOURCE.    """,1,benign
25665,"""
Hi David, great explanation and thank you.
I acknowledge and accept your main points above.  My only argument is that the term """"British Isles"""" is being used as a substitute for a more accurate term.  If we substituted the word """"Europe"""", we would lose the point that this was the first anglican bishop to not swear allegiance to the British monarch on behalf of a """"province"""" outside the kindoms controlled by the British monarch (in enemy territory).  The scottish anglicans were still within the area (Kingdom of Great Britain).  As a note, the relevance is those two points taken together - not swearing allegiance *and* not being in an area controlled by the monarch.
BTW, what is the connection between the consecration of Samuel Seabury and the founding of the new province?  Is it assumed that the new province was recognized immediately?  If so, what is the relevance of representative clergy from nine dioceses meeting in Philadelphia to ratify the church's initial constitution in 1789?  Is this the actual official founding of the province?
If you are happy to substitute the term with kingdoms of Great Britain and Ireland as a compromise, I am fine with that.    """,1,benign
15154,"We need your help regarding Amateur Radio 
As StuffOfInterest said, please come by  Category_talk:Amateur_Radio_Operator where we are discussing how to organize the identification of Amateur Radio Operators written about and who are users on Wikipedia.  Steve",1,benign
113638,"hey 

PlEASE DO NOT!!!!!!!!!!!!!!!!!!!!!!!!!!!!!!!!!!!!!!!!!!!!!!!!!!!!!!!!!!!!!!!!!!!!!!!!!!!!!!!!!!!!!!!!!!!!!!!!!!!!!!!!!!!!!!!!!!! CHANGE THE LORD LAWSON OF BEAMISH PAGE OR I WILL PUT IN A REQUEST FOR BLOCKING",1,benign
57191,I decided to be bold as Osborn's article does not seem to contradict my argument.,1,benign
85808,"On East Lake Square Mall 

It was a mall of local significance which closed in 1998. Take a look at the article List of defunct shopping malls in which the link was also there. If you want to speed delete this, you will have to look at the other defunct mall articles and put tags on it as well. Thank you. {{user:Moreau36|Moreau36]]; 2150, 21 June 2006 (UTC)",1,benign
24399,"I think the issue here has to do just with overwriting existing data.  There's four things you might want to do to your storage (whether disk, tape, or SSD): 
A) initialize it, B) read from some area; C) Write data to a previously unused area, and D) write data to a previously used area.  Bubble memory can't treat C and D equivalently.  With bubble memory you can't change a one into a zero like you can change a zero to a one  the former requires special processing, the latter does not  and that special processing is several times more time consuming than B or C.  It's such an exceptionally slow process with high overhead, that your perception of your SSD would probably be unfavorable if the manufacturer allowed you to perform it on small chunks of data.  An analogy  if you're going to drive a long way to the store, get everything in one trip  even if you don't need it immediately  because if you have to make two (or three or four) trips you won't be pleased with the result.",1,benign
157374,"""
And you could pick any number from here . For example, """"of all the scientific journals, New Scientist has undoubtedly been the most supportive Of Sheldrake, having published a number of sympathetic articles on formative causation over the years.""""    """,1,benign
135192,Time Times (2008-05),1,benign
112872,"The idea of having an ombudsman of sorts for these pages is in fact rather attractive to me, since I work full time and it is very burdensome to attempt to respond to the hundreds of edits which SlimVirgin in particular is making. However, I think the idea is problematic, because the job would require very extensive knowledge of the history of LaRouche and his ideas, and as Snowspinner has pointed out, there are no neutral sources.

Additionally, for the idea to work, SlimVirgin and CBerlet, whose POV is every bit as partisan as mine, would necessarily also have to agree to withdraw.

Frankly, I was satisfied, at the conclusion of the last round of POV wars with AndyL, that the LaRouche articles had attained NPOV status. It might be useful for editors to go back and look at the mid-October versions.  15:45, 11 Jan 2005 (UTC)",1,benign
47906,"Could you please specify the licence of the photos you download on the server, so if there are following the GNU or CC licence, users from other wikipedia could use them to illustrate articles in other languages. 

Consider also download them on the Commons.

 09:45, 2 Mar 2005 (UTC)",1,benign
30618,I have blocked  as a [[WP:SOCK|sockpuppet}} because it was created after I had already advise you above to stick to one account.,1,benign
80667,"""

 Bibliography Revamp with Serialisation 

I'm proposing a revamp of the Bibliography section including the addition of a second table dealing with the serialisations of the Hornblower novels.
The serialisations were actually the first publication of all the works except the first novel so I think they deserve the space.

Currently I've put my proposed new content up at User:Jaa101/sandbox.

With the main bibliography table the main change I'm proposing is to have separate columns for the US and UK titles which are so often different.
This frees up the comments column for other information.
I've also made both the dates of publication and dates of the stories more precise.

One worry I have with both my tables is that I've linked extensively and repeatedly in them.
Normally one would link only on the first occurrence but, in this case, the tables are sortable so what's first may change.
I think it's acceptable as it is.

Finally, I've added mention of the first and most important omnibus """"Captain Hornblower"""" and also the """"Cadet Editions"""".

I propose to change the main page based on feedback.

  """,1,benign
74015,Thanks.  Didn't mean to be a jerk about it.,1,benign
70829,"Happens to me all the time  copy/paste out of the bottom window on the Edit Conflict page. Also, there would be nothing wrong with taking a break from editing  I often do that when I get irritated with particular editor(s).",1,benign
6863,"""
Have patience, I'm quite sure all will be explained here.    (talk) """,1,benign
147229,"Oppose Merge', even though racial violence obviously and often stems from racism, believe it or not
the causes are not always the same. That said, it's still clear that they're two different things.",1,benign
125552,"Thank you so much for the sandbox warning

Here's a present as a token of my appreciation.

http://www.youtube.com/watch?v=6PaHcZUHI00",1,benign
47141,What do you want to know ?Do you follow Raj thackerey? I don't.,1,benign
159134,"Actually, see this:http://www.thelocal.se/20121106/44262 Studies show that the Swedish women with the highest fertility rate, are, ironically, those who are well-educated. Sadly, most Muslims are not. So, I can come to the conclusion that Muslims definitely will not be the majority.",1,benign
104063,I'm sorry Tito da. But I still don't quite understand why you suggested this page: WP:PEER.,1,benign
16574,"Nice try, but people can see what you did.",1,benign
157024,"Sorry, I didn't realize it was privileged correspondence. My bad.",1,benign
18470,"Make it an indef, so I can move on to my next sock then.",1,benign
118143,"""

""""Generally speaking, thumbnails are the best way to display images."""" See Wikipedia:Picture_tutorial#Thumbnailing. The first figure looks silly as a thumbnail, but all the other figures look okay. """,1,benign
20807,"Seriously? 

This IS a different computer, not no one else's. 72.70.155.205",1,benign
145528,"Accusation of vandalism 

When I came onto wikipedia, a message appeared stating I had new messages, and when I clicked on this I found a message from you saying I had vandalised someone called pigsonthewing's talkpage. Was this meant for me? I'm not aware of vandalizing anything, so am seeking clarification.

Thanks",1,benign
55897,"""

This is my last reply if you continue to present yourself in this manner.  Please write more civilly.

I expect people to go to Oyster Bay just as I expect them to go to Barre, Vermont.  When you type that, do you expect a disambiguation page or do you except the city?  Admittedly, it's not the most convenient, but that's the way it is in all eight """"town"""" states.  Are you going to try to change every single community with this sort of disambiguation?  If so, go ahead — but unless you so desire, don't try to have one or two changed.  You speak of errors that result (for example, the Oyster Bay disambiguation page) — I do my best to fix wrong links as a result of changes such as this, but I don't see why I must be held responsible for every single wrong link.  If you never make mistakes, that's good; but I suspect that you so do.  So what?  It doesn't matter if you make a good-faith error, especially if you try to fix it once you realise that something's wrong.

By the way, if you put """"Oyster Bay, New York"""" into the Census Bureau's Factfinder, you'll get this page: it's the town.  Barre, Vermont is similar to what we'd call a disambiguation page; the city is listed as Barre city, Vermont.  This, I expect, is the reason that these articles are named this way: the Census is our source for the names and the basic information, and therefore we entitle our articles likewise by this reliable source.   """,1,benign
138870,"I don't see that this is required, and in any event can wait until the limited series is over.  Newsarama articles have already dealt with this subject, and noted several discrepencies that no doubt contribute to T-man's confusion.",1,benign
153766,"I am finished playing along with your little game.  So, no.  STOP HARASSING ME.   (Talk)",1,benign
75106,"Possible wp:privacy policy violation
Seems",1,benign
79795,"hi, friends, should we talk about the line marking machine?

(  )",1,benign
19033,"(Er... no pun intended, not that anyone will believe me.)",1,benign
143785,"""

I'm struggling to see what the current dispute is about after my enforced spell in the slammer.  Karbinski argues for """"Philosophy is the science that studies the fundamental aspects of the nature of existence in order to provide man with a comprehensive view of life. Major branches of Philosophy include Metaphysics, Epistemology, Ethics, Politics, and Aesthetics. The word philosophy is of Ancient Greek origin: φιλοσοφία (philosophía), meaning """"love of knowledge"""", """"love of wisdom""""""""

I prefer a return to the main four branches.  Deleting the 'reasoned argument' part is not supported by the sources, of which there are plenty.  Philosophy would be a science in the original meaning of 'science' (scientia) but the modern meaning, while not entirely different, has connotations that it would be best to avoid.  On whether the philosophy of language belongs in the main branches, that is debateable.  My view, given the dominance of the 'Old Logic' (the Categories and On Interpretation) and of the importance of those two to the Metaphysics, I would say it does belong.    """,1,benign
49285,"""

Speedy deletion of Michael hance
 A tag has been placed on Michael hance, requesting that it be speedily deleted from Wikipedia per speedy deletion criterion A7. 

Under the criteria for speedy deletion, articles that do not meet basic Wikipedia criteria may be deleted at any time. Please see the guidelines for what is generally accepted as an appropriate article, and if you can indicate why the subject of this article is appropriate, you may contest the tagging. To do this, add  on the top of the article and leave a note on the article's talk page explaining your position. Please do not remove the speedy deletion tag yourself, but don't hesitate to add information to the article that would confirm its subject's notability under the guidelines. 

If you think that this notice was placed here in error, you may contest the deletion by adding  to the top of the page (just below the existing speedy deletion or """"db"""" tag), coupled with adding a note on the article's talk page explaining your position, but be aware that once tagged for speedy deletion, if the article meets the criterion it may be deleted without delay. Please do not remove the speedy deletion tag yourself, but don't hesitate to add information to the article that would would render it more in conformance with Wikipedia's policies and guidelines.-  (Talk to me) """,1,benign
143498,"""

Could someone please include that Tiresias appears in Igor Stravinsky´s Opera """"Oedipus Rex""""? That, I believe merits being on this page...""",1,benign
91686,"Re: MikaeyTest 

Done.  There's so few pages that qualify under the criteria that I'm searching for that I really didn't have a chance to test whether or not the code would actually work.",1,benign
88657,"""

Will do.  I will be an INCLUSIONIST.  Be aware Wikipedian contributors: the """"tag-team"""" is a serious DELETION machine, esp. when it comes to facts that don't support its jewish-centric activism and its racial and religious views of history.  Jayjg, I have looked at your activity very closely on this website.  It's clear as day what your focus is.  All Wikipedians should look at it closely also.""",1,benign
60716,Well then the article should explain that there is no time before t=0 because the way the article reads hints that there possibly is no explanation when its clearly understood.,1,benign
51306,"""

AS Roma
Hi, i'm the guy who keeps re-adding the hooliganism section of the AS Roma page and you're the one who keeps deleting it. I was wondering if we could converse here and attempt to find some kind of common ground through debate rather than the petty deletions and additions that are currently taking place. Many thanks, SG  —Preceding unsigned comment added by 92.9.151.242   
First of all, post new posts at the bottom. Secondly, I only re-deleted it once, and I said why. I've stated my case already, and I think you should take this to the next level, suggestly to some soccer project.   """,1,benign
10173,"I took the liberty of restoring the section you added to Cotton Mather and touching it up a bit. Probably the material on the trials from the sections above should be incorporated in your new section, or your section should be incorporated there.",1,benign
119846,"I think that this particular issue has not been addressed sufficiently and does not meet the requirements for consensus to emerge and be settled especially with editors who haven't read the full text to be able to reach a founded conclusion. I also consider that editors that have not read the full text of the reference are not allowed to claim establishment of any consensus. Of course other people could be involved in discussion but only those who have read the full text to see some relevance to the topic of the article, memory of dissolved substances and not some vague impressions got by reading only the abstract.5.15.46.114",1,benign
30878,Please do not add commercial links — or links to your own private websites — to Wikipedia. Wikipedia is not a vehicle for advertising or a mere collection of external links. See the welcome page if you would like to learn more about contributing to our encyclopedia. Thanks.   ask?,1,benign
107566,"""
Attribution
Content from this article was merged into EverQuest expansions. This article now serves as attribution for those edits in that article. This article must not be deleted so long as the target article exists. Caw """,1,benign
45657,"WP:ANI question 

Can you just confirm Wikipedia:Administrators'_noticeboard/Incidents#98.234.169.63__.3D_Fastily.3F?",1,benign
116863,"""The following entries have been removed from the Dungeons & Dragons in popular culture article. The reason is that they are trivial or minor references, and may not have a reliable source available. If you want to restore these to the main article, please discuss on the talk page first.

 Comics 
 Unforgotten Realms web series; a spoof of Dungeons & Dragons set in a similar fantasy world. 
 8-Bit Theater webcomic. The character Red Mage views the world as a version of Dungeons & Dragons and plays by the rules as a munchkin.
 Penny Arcade, the main character Tycho plays. Recently, the character Gabe has also begun to play.
 Donald Duck Pocket (comic in Holland), a pocket called, """"De zwarte Bol"""" (the black orb) is about the characters playing D&D; 
 FoxTrot, Jason and Marcus are occasionally seen playing.
 Something Positive, webcomic. The main characters play both in the present time and in flashbacks to high school. Also, the character Mike Dowden was introduced as the stereotypical 'bad geek' Dungeons and Dragons player.
 Goblins, a webcomic which follows a party of goblin adventurers.
 User Friendly, the main characters are discussing the improvements of the 4th edition.
 Simulated Comic Product, a webcomic, shows Dungeons & Dragons monsters playing a game that emulates modern office life in """"Dexterity Roll"""".

 Film and television 
 The movies The Gamers (film) & The Gamers: Dorkness Rising are based entirely based around D&D;, both feature the main characters playing D&D.;
 Buffy the Vampire Slayer (""""Smashed"""" and """"Chosen"""" episodes).
 The final episode of Freaks & Geeks entitled """"Discos and Dragons"""", in which the Geeks invite bad-boy Daniel Desario to play the game with them. He accepts after seeing Harris reading the Monster Manual during school.
 SLC Punk! features a scene where the main characters are preparing for what appears to be a game of D&D.;
On the G4 animated show, Code Monkeys, one of the game programmers, Todd, plays Dungeons & Dragons. Gary Gygax guest starred in an episode and in an episode before that, the two main characters, Dave and Jerry, have to dress up like characters from Dungeons & Dragons.
 In the X-Files episode """"Jose Chung's From Outer Space"""", abductee Blaine Faulkner says that he """"didn't spend all those years playing Dungeons & Dragons without learning a little something about courage.""""
 In the movie Airheads, Chester 'Chazz' Darvey played by Brendan Fraser makes a Dungeons & Dragons reference when explaining the details of his life in his old high school days.
SpongeBob SquarePants, a season 3 episode is titled """"Mid-Life Crustacean"""" which includes SpongeBob, Patrick and Mr. Krabs playing what appears to be a game of Dungeons & Dragons complete with costumes, character sheets and polyhedral dice (except here it is called P and P)
SpongeBob SquarePants, a season 4 episode is titled """"Dunces and Dragons"""" which includes SpongeBob, Patrick, and medieval versions of other characters.
Craig from Malcolm in the Middle claims to have a level 14 elven cleric.
Dexter and his friends in Dexter's Laboratory play a game similar to Dungeons & Dragons in episode """"D & DD"""" called """"Monsters & Mazes"""".
In the Drawn Together episode """"Hot Tub"""", during a game of pool, Spanky calls Xandir (who is a gay parody of fantasy video games) """"Dungeons and Douchebags"""".
In the Drawn Together episode """"Captain Hero and the Cool Kids"""", Wooldor and Xandir say """"When Captain Hero was here, Dungeons and Dragons used to be a lot less about ****Jobs and a lot more about Trolls"""".
Brent in Corner Gas episode """"Happy Campers"""" is more interested in playing D&D; in a basement than go camping with his father.
In the Lizzie McGuire episode """"Gordo and the Dwarves"""" Gordo becomes obsessed with a game similar to Dungeons & Dragons to the point where he joins a club of hardcore gamers.
In an episode of Wizards of Waverly Place Zeke and Justin play a game called Dungeons and Gargoyles with the many models during fashion week.
In an episode of Scrubs JD was playing D&D; when he first met Turk.
An episode of Terminator: The Sarah Connor Chronicles is titled """"Dungeons & Dragons""""
The film ''[[A Nightmare on Elm Street 3: D",1,benign
99529,"HaHaHA 

Check out my edits you morons. Look real close. It's just the tip of the iceberg too. There are many others. Have fun!",1,benign
70111,", but I don't think he could replace Mercury",1,benign
24812,"obviously Russia is the most important partner of Kazakhstan 
this article is very lousy in comparison to the usa relation article. obviously Russia is the most important partner of Kazakhstan as the Russian language and Cyrillic script for Kazakh is official, Kazakhstan has a large russian minority and many russified minorities. Both countries are also part of the Eurasian Union which is based to have common spaces and they have a costumes union. Its supposed to be something like the EU in the future.

http://en.wikipedia.org/wiki/Kazakhstan_–_United_States_relations

Obviously you can see what the majority of wiki writers and admins are in favor of even if it let them look very silly overextending a topic writing about how journalists visit LA etc. instead of improving this article.",1,benign
146653,"""

 more cowbell 

If you like """"more cowbell"""", have you heard Jay Mohr's story about having a tail vs flying?   """,1,benign
85655,"""

 Proposal: Move to """"LGBT community"""" (Part 2) 

Requested move

Gay community → LGBT community — I think the name of this article should be """"LGBT community"""" instead of """"gay community"""". The word gay is an ambiguous and often pejorative term and it doesn't cover anything beside male and female homosexuals. Are bisexuals and trans people gay? According to this name, they are.

We already have LGBT portal, LGBT-related lists, LGBT culture, LGBT people, LGTB history and even LGBT stubs. Do I see somewhere Gay portal, Gay-related lists, Gay culture, Gay people, Gay history and Gay stubs? 

I hereby propose that the article should be renamed to """"LGBT community"""" in order to standardize Wikipedia's coverage on LGBT topics.    

Survey
Feel free to state your position on the renaming proposal by beginning a new line in this section with *'''Support''' or *'''Oppose''', then sign your comment with ~~~~. Since polling is not a substitute for discussion, please explain your reasons, taking into account Wikipedia's policy on article titles.

Discussion
Any additional comments:""",1,benign
73325,"""

It isn't a matter of """"allowing""""; we've been using the word that way for over 1000 years, and nobody was ever given a license to take it away from us.

But even the source you cite supports the three of us, not you. Those billions and billions of labels out there, throughout the world, giving the weight of food and cosmetics and cement and wheel-bearing grease and whatever in grams and kilograms are correct.  """,1,benign
48329,"Fine. I will wait and watch for a while. You can see why I might be skeptical, having waited more than half a year with no progress, despite all this having been discussed before and me suggesting that it would be best if others implement. 
Anyway, if Jayjg is going to remove the list properly, let him remove the list. If he is going to remove only selected items from the list, let him tell us what the criteria is.
As an aside, the only thing impeding progress is all these other voices trying to talk for Jayjg. Perhaps if Galassi and others hadn't supported Jayjg's attempt to subvert WP:BRD, Jayjg and I could have finished the D in BRD and we would have been able to work this out for ourselves. Or perhaps you are both wrong about Jayjg's intentions. It all remains to be seen. I am on the edge of my seat.",1,benign
80735,"""
I see that it is now saying """"Secondary Highway."""" Thanks. ∙piggle """,1,benign
40510,Hello. What can be done about secretarian bias on Wikipedia to improve it?,1,benign
75948,"""

Hello trolling anonymous.  I vouch for Alun, even though we disagree politically.  On matters of culture, Alun and I are """"in sync"""" 110%.  Other chief editors of that article, such as TharkunColl and Enzed Brit, share more or less the same consensus.  To top it off, we have had many bitter discussions.  Despite that all, we have a consensus.  Get an account and come visit on the article's talk page, with polite discussion.  We would be grateful if you could bring some of that over there, because virtuous and altruistic contributions are stellar.   """,1,benign
69436,"Thanks! 

For reverting the vandalism on my talkpage ;)",1,benign
105065,":Basty

A tag has been placed on Basty, requesting that it be speedily deleted from Wikipedia. This has been done because the article seems to be about a person, group of people, band, club, company, or web content, but it does not indicate how or why the subject is notable (see the guidelines for notability here). If you can indicate why the subject of this article is notable, you may contest the tagging. To do this, please affix the template  to the page and leave a note on the article's talk page explaining your position. Please do not remove the speedy deletion tag yourself.

Please read the criteria for speedy deletion (specifically, article #7) and our general biography criteria. Feel free to leave a note on my talk page if you have any questions about this.",1,benign
37435,""", 29 August 2006 (UTC)

Whatever the flight should be called depends on what criteria are used.  If one goes by what the tickets read and what the gate agents and flight attendants announced, the flight is Delta Flight 5191 (or if you want to be real technical, something very similar to """"Delta Flight 5191 operated by Comair for Delta Connection.""""  However, if one goes by how the pilots and air traffic controllers referred to the flight, then it is Comair Flight 191 (their actual words would have been """"Comair 191.""""  Thus far the news media has called it Comair Flight 5191, probably for two reasons:  One, the flight was called 5191 everywhere that wasn't """"behind the scenes"""", and two, Delta wants to make it clear that the flight wasn't operated by Delta, but was instead operated by Comair.  Therefore one winds up with Comair Flight 5191, which works, but isn't really quite accurate.  Alex  07:35""",1,benign
114965,the update should help anyway,1,benign
32146,"You don't need to create another redirect, you already did that when you created Template:User arz-4 and the rest. If you click on it now, that's where it will take you. You sound aggressive. It was only you and one other person agreeing from what I can tell after reading the exchange. If more speakers knew about it, they would have opposed it because it doesn't make logical sense to the people who are going to use these templates.",1,benign
57978,"""

Fiction vs non-fictiom
It is clear from all the writing on this movie that there are documentary style inteviews (non-fictin) that go along with a fictional narrative.   † """,1,benign
127378,"Oh did I forget to mention they have thier own wikipedia, Tarvupedia!",1,benign
30456,"""
Aminz, moving the article specifically will not really clear the misconception. People who don't want to believe the figures are the same will always do that. But in Wikipedia, we can use the actual name for Isa as the Islamic figure that exists in his own importance. It doesn't mean that if a figure also exists in Christianity too that this figure becomes only an article based on the perspective. Isa in his own self can have an article just like Yeahua and Jesu that do exist. It's not simply one perspective of that same person, it's a different belief and the entire reason why the articles is here in the first place. It isn't simply a fact that because a figure exists in two religions that we can not have the real name of the figure being used as the name. It's not something as little as the English language translation, which like I said is not a good argument since we have many articles named on figures in other languages. Just about all the biography articles are that way. a.n.o.n.y.m   t """,1,benign
72783,"""::""""Posting anonymously?"""" I'm guessing that CltFn is not your real name ... Anyway, I'm not hiding that my edits are by me. I just don't see what utility there is to me to get a user account, other than to avoid semi-protects as at Zionism.  DLH

""",1,benign
63230,"""

Telejustice
A {{prod}} template has been added to the article Telejustice, suggesting that it be deleted according to the proposed deletion process. All contributions are appreciated, but this article may not satisfy Wikipedia's criteria for inclusion, and the deletion notice explains why (see also """"What Wikipedia is not"""" and Wikipedia's deletion policy).  You may contest the proposed deletion by removing the {{dated prod}} notice, but please explain why you disagree with the proposed deletion in your edit summary or on its talk page. Also, please consider improving the article to address the issues raised. Even though removing the deletion notice will prevent deletion through the proposed deletion process, the article may still be deleted if it matches any of the speedy deletion criteria or it can be sent to Articles for Deletion, where it may be deleted if consensus to delete is reached. If you endorse deletion of the article, and you are the only person who has made substantial edits to the page, please tag it with .  """,1,benign
156776,http://en.wikipedia.org/w/index.php?title=Moira_Cameron&action;=historysubmit&diff;=323490716&oldid;=323490704 Why do I bother?,1,benign
139320,"""

Image copyright problem with Image:DSC01901.JPG

Thank you for uploading Image:DSC01901.JPG. However, it currently is missing information on its copyright status. Wikipedia takes copyright very seriously. It may be deleted soon, unless we can determine the license and the source of the image. If you know this information, then you can add a copyright tag to the image description page.

If you created this image yourself, please look at Wikipedia:Image copyright tags#For image creators, select one of those tags, and add it to the image. To do that, simply go to Image:DSC01901.JPG, click """"edit this page"""", and add the appropriate tag. Be sure to remove the current tag indicating a lack of licensing!

If you have any questions, please feel free to ask me at User talk:Angr or at the media copyright questions page. Thanks again for your cooperation. —gr """,1,benign
13026,"Yes, you can watch uncreated pages. Just click on the red link, and click watch. I have done it to a few articles I wanted to watch for creation, and it works.",1,benign
23948,"Calvin Cheng

Hi. The edits by Khairulash were reverted because they cited questionable sources https://en.wikipedia.org/wiki/Wikipedia:Verifiability#Questionable_sources and self-published sources https://en.wikipedia.org/wiki/Wikipedia:Verifiability#Self-published_sources",1,benign
13797,"Well, in my opinion high schools are of borderline notability.  Usually high schools have tens of thousands of graduates, each one spending hours and hours there for a four year period with countless memories during a time of transition in their lives.  Some have more students than say Bryn Mawr College.  Also, to try to delete every article on a high school is an unspeakably futile act.  It just can't happen, and even if they were deleted they'd just pop right back up like weeds.",1,benign
76856,and are willing to release the images under such a free license,1,benign
112511,"That is a fairly capricious and subjective thing to do, SmallJim. 

Aren't you supposed to display some kind of objectivity as an Editor?",1,benign
94339,"""
And his PA's go by without any action?  talk """,1,benign
116915,"deletion of article Atmaprajnananda Saraswati 

as your team said i gave all the necessary citations of subject's notability.
But still without any verification you delete it.
can you please go through it twice.
It's a request.
Stallion444",1,benign
82105,"Are you saying Brushaber overturned the holding in Pollock that taxes on income from rents, dividends, and interest are direct taxes within the meaning of the Constitution?",1,benign
109650,"South African Barnstar of National Merit 

Wow!  Not expected and not really deserved!  There are so many WWI and WWII battles and events which are well covered from the British, Australian, Canadian and NZ perspective - but sadly lack the S Afr side of the story.  I was merely trying to start to fill this gap.  Thanks and regards.",1,benign
47449,"Maybe you should read some REAL CHRISTIAN books and not the ones by Anti-Bible bigots. Oh I forget, if the author doesn't hate the Bible then according to the Christaphobic bigots at Wikipedia, they are not REAL Scholars. 

PS I see my other post was removed because I had the nerve to criticize Liberalpedia69.14.97.53",1,benign
153209,"I'm going to be harshere still No we should not remove it. Stenger doesn't have to give a source. TG continually confuses what editors have to do with what authors of source material have do do. As for making stuff up, see Psychological_projection.  What we can see from the recent discussion on SU(5) is not that Stenger was wrong, but that either TG is a pathological liar or utterly incapable of reading technical material. Usually, I apply Hanlon's Razor to these kinds of dilemmas, but your track record here it too long and extensively documented to opt for the stupidity explanation for your actions. Barr is absolutely the first paper to describe Flipped SU(5), derived from SU(5),and his 1982 paper is repeatedly referenced for it, as anyone would discover from even the most casual of Google searches.   Similarly, Stenger was absolutely correct about Derendinger's 1984 paper.  And, I've read the papers, and your statements about them are, to put it most charitably, grossly misleading at best, and less charitably, absolute falsehoods. There is nothing that I can think of that is more disruptive to, or destructive of, the aims of Wiki than the willingness of an editor like yourself to assert blatant falsehoods to try to push your POV on these articles. And yet you persist month after month, year after year, in the most outrageous falshoods, many of which were documented on COIN long before Will or I ever set eyes on this article, apparently with the motive of protecting this article that you wrote and had another editor post at Wiki. It is utterly unacceptable behavior, and frankly inexplicable since your claims are so easily falsified by any neutral editor. This has got to come to an end.  Now.",1,benign
89871,"""
Your repretition of a hoax will not give you a Gobbels result. You are showing your """"true"""" biased colors in this discussion.""",1,benign
144785,"""

User:70.81.117.175
I'm glad to see that you've banned this user for a long time, but I can't help but feel an even longer block is in order. As you can see from their block log they've repeatedly been given long blocks (2 weeks, 3 weeks, 2 months, and now 3 months) and it hasn't done anything to stop this user. I've been following this user for probably 6 months now, and I've pretty much looked at every edit they have made. I have yet to find one single """"good"""" edit that they have done. Every edit they do is about """"ethnic"""" things, either inserting their strangely skewed demographics numbers, or en-masse inserting of ethnic categories to articles on people without providing a single source (I have a feeling they are basing their addition of these categories solely on the last name of the person). In every case Wikipedia is not better off by the edit this user has made.

In addition, it is my belief that  """,1,benign
79082,"""indeed complete clarity. But this simply means that the philosophical problems should completely disappear.""""""",1,benign
50713,"""

 File:Marksandspencer300.jpg listed for deletion 
A file that you uploaded or altered, File:Marksandspencer300.jpg, has been listed at Wikipedia:Files for deletion. Please see the discussion to see why this is (you may have to search for the title of the image to find its entry), if you are interested in it not being deleted.   ''''''(TALK) """,1,benign
113845,"""
 """"You mean any random IP logging in from the Spratly Island can take off a tag and we have no power to fix the vandalism?""""
 Yes.
 The alternative would be for the person reverting to make value judgements on whether something was vandalism or not. As your recent edit history shows that you equate any anonymity with vandalism, that's not a decision you can be trusted with.
 The downside requires you to press the AfD button, not the revert button. Get over it.   """,1,benign
87893,"I'm back... 

...I haven't found the rusty knife yet, but I'm working on it. Now, I believe we have matters to discuss. Like wtf do you think you are playing at?!?! 217.41.238.156",1,benign
66399,"""

 Walking in on the middle of an argument 

Thanks for the message, however the analogy you've chosen is incorrect, when I walk in on an argument then I cannot have heard what has happened before, however on a talk page I can read the whole thing and trace any talk page discussion. When I posted my first question was intentionally dumbed down, as if I didn't know what was going on, then as the replies came in I could respond to them. In terms of NPOV in articles this is how I see it; for example, person A writes and article which contains the phrase """"Scientology is bad"""", there is then an article written about Person A, Mr A was born in..., and on..., and live with..., et cetera. Then under his work it says """"He wrote an article saying 'Scientology is Bad'"""". I could not in all conscience remove that statement from the article, because the bias is from the speaker not the editor. The gist of the talk page on WP:SCN was that any negative comments which had been quoted accurately but were negative should be """"balanced"""" out. And that is not something I could let happen.  """,1,benign
27347,"the existing article implies a brief interlude, while the full list presents a different reality",1,benign
95448,"Some questions to Nicolas: it seems from your proposed definition  that you do not suggest that , because if you did, you would not need to introduce Q. Is this so? Then I find it natural that also  be different from zero. (I think in terms of a free abelian group generated by the real numbers and divided by some subgroup of elements that should be equal to 1, if that helps.) But I am puzzled by your axioms. What about the following calculation: ? I am aware that I use a bit more than the axioms in your list, but it seems from your motivation that you accept implicitly rules like associativity and inverses of each element. I would be interested in knowing exactly at which step of my calculation I violate your intuition. Best,",1,benign
80130,And one more thing you have to comment again because this page says it's locked until disputes are resolved and it sure isn't resolved.,1,benign
899,I've just seen that,1,benign
8832,"Saint Diablo copyright problems 
Greetings, I see that you have claimed on this article's website that the part of the article is copied with permission. However, the Wikipedia rules say that there are only 2 ways to give permission:
 Place a note on the website that use under the GFDL license is permitted. The note at  doesn't specify this.
 Get a note sent to Wikipedia from an email identified with the copyright owner that they release this content under the GFDL.

See Wikipedia:Requesting copyright permission for details. I hope this can be resolved soon!",1,benign
50376,"Invitation: WikiProject Autism 

Greetings! As your username suggests that you may be on the autistic spectrum or have an interest in the subject, you are hereby invited to WikiProject Autism, a collaborative effort to improve the coverage of autism, Asperger syndrome, and autistic culture on Wikipedia.",1,benign
10119,You have vandalized lots of pages and done nothing useful. You have been blocked for 24 hours.  | talk,1,benign
119364,"Just want to drop a note that we got off on the wrong foot here.  I am sorry for mistaking your contribution to the wiki as inappropriate, as it appears to have some valid content.  I have made a couple of minor improvements to the article and hope you'll stay and keep at it.  Feel free to ask me some questions on my talk page and I can help out.  Wikipedia is a great place to work and play.  I have not been here very long, and I'm a big enough man to admit when I'm wrong.  Please accept my humble apologies.",1,benign
62057,"Ref errors, beyond my knowledge to fix 

Folks, We need some one with editing and knowledge of advance references to fix reference #68 and #69.  I looked at them and I fear I will just mess them up more.  Jack",1,benign
71804,"""

AfD nomination of Phil Mims
I have nominated Phil Mims, an article you created, for deletion. I do not feel that this article satisfies Wikipedia's criteria for inclusion, and have explained why at Wikipedia:Articles for deletion/Phil Mims. Your opinions on the matter are welcome at that same discussion page; also, you are welcome to edit the article to address these concerns. Thank you for your time. Talk """,1,benign
76122,"""

 User friendly.  

I propose we add the following content to the genetic section, just after """"inheritance rates ranging from 56% to 84%."""" 
Twin studies have shown a heritability rate of 56%. Study with over 30,000 twins. (Bulik et al., 2006)
Nolen-Hoeksema, Susan. Abnormal Psychology, 6/e. (p. 361) ISBN 978–0–07–803538–8 Yale University: McGraw-Hill Higher Education, 2014. Print.  
It will allow users to draw a better picture of how genes and Anorexia Nervosa are related. It provides a better understanding of the topic with easy to grasp information.

Thank you
  """,1,benign
74599,", 24 September 2010 (UTC)

The Giant's Causeway page is not the place to the discuss the issue of Northern Ireland. Why do you not bring this discussion to the Northern Ireland wikipage instead? Once you correct that page then the verdict should cascade down through all the other Northern Ireland related pages. Also accusations of sockpuppetry is not going to do you any favours O Fenian.  16:25",1,benign
54225,"""

 Please do not vandalize pages, as you did with this edit to Brooks, Maine. If you continue to do so, you will be blocked from editing.   // Talk // Contribs """,1,benign
77279,See my in my talk page. now.,1,benign
95691,"""My meaning of """"physically real"""" is that for the rotating observer the centrifugal force is placed on the force side of Newton's law of motion and treated like a real force. That means it behaves like a vector, adds vectorially to other forces, and should the rotating observer switch origins or orientation of his coordinate system, the centrifugal force transforms like a vector.   

""",1,benign
67836,Thanks! That really helped a lot.,1,benign
143485,"""

Thank you for experimenting with  Wikipedia. Your test worked, and it has been reverted or removed. Please use the sandbox for any other tests you may want to do. Take a look at the welcome page to learn more about contributing to our encyclopedia. nox """,1,benign
59686,"Hi, My Edit option has been blocked. I had edited L Vaidyanathan, C Ashwath and Chamarajanagar wikis with authentic information. This can be valided. Please revoke the blocking. Please let me know if you need any further clarification. Thanks

Surgesh",1,benign
151416,", but given the fact that the painting is so well known and has such high value, and the likely hoods that all involvend in what ever have passed away, is it likely that it would not have emerged by not if it still existed",1,benign
110769,"I can really care less whether 
 you like the gtr or not, lol, just give a credible source to support your POV. thank you!",1,benign
60408,"The 'wedding dress' was a costume used in the set, even if you believe it to be a real wedding dress. The 'problem' of plagarism relates to the 'wedding dress' costume, which would not have been created if not for the film. Hence its relevance.",1,benign
113130,I'm thinking it maybe it was a mistake to create this page.  I created the electric scooters page and then started adding info about electric motorcycles so I thought I would create a page about electric motorcycles and scooters.  Perhaps smarter would have been two separate pages about electric motorcycles and electric scooters.,1,benign
153457,"heil Herr Gott!!! 

before GOAULD ever were , Adamic language was:

Anne Catherine Emmerich, a Catholic mystic, suggested that Adamic was Proto-Indo-European, without using that specific term, but noting that it seemed to share features with Bactrian, Zend, Sanskrit (three Indo-Iranian languages), and German.Anne Catherine Emmerich, Life of Jesus Christ And Biblical Revelations (1790).",1,benign
117825,"There is no way that this is out, it doesnt even have a place in the XBox Live Marketplace, it cant be out now for the XBox.",1,benign
116919,"Josh, J.M. here (the original poster). I suggest that you see the academic articles I cited above. One of them (the Weatherly article) found that both CNN and Fox were left of center. Thus, the premise of your argument - that even a neutral network would appear liberal when compared to Fox - goes out the window. See the parenthetical following the source for more details. Best, J.M.",1,benign
90248,"Template:Infobox_Ship_Class 

Since you created the Template:Infobox_Ship_Class, I left a note to help suggest the proper changes that could be made to this since you are the original coder of the template.  I don't fully understand that code but it would be helpful if you could re-edit it.  You can find my comments in the discussion page of that template.  Thanks",1,benign
2421,"It isn't. Both aren't even theories, but products of simpleton invention without basis and are completely undoubtedly incorrect. I favor none. I delete(d) them both, because AFAIK there are none sources at all on this issue. 
The House of Saint Vladimir is of descent from a Travunian local noble house, with doubtable links to the House of Trpimirovic and most surely no link to the House of Viseslavic. 
However, I must object putting it as a separate line - Tvrtko asserted rule and his line (Tvrtkovic) is historically considered the main line of the Kotromanics. As for the Trpimirovic branches, I suggest following standard historical interpretation of the Svetoslavic being a cadet branch, whereas the other being the simple continuation of the standard Trpimirovic line (Kresimirovic)?",1,benign
12601,"Edit request from Sam9318, 27 July 2011 

update the no of delevires bowled in test cricket from 18 to 78.",1,benign
146465,"It is unfortunate that i was banned before i could comment on these, N4GM, but i would like to now say that i think your additions are extremely valuable. I would like to see them expanded.",1,benign
15018,"A better way of viewing it  perhaps would be  along the lines that there is no such thing  as  rubbish (waste); as  rubbish (waste)  is  just something in the wrong place at the wrong time.  Example: Small amounts of the nuclear industries radioactive 'waste' such as Strontium-90 has found useful applications. Yet it is obtained from the nuclear industries waste, which un-contained  would pollute the environment.",1,benign
19423,"Do not remove the speedy deletion template, plain and simple. Add  beneath it if you want to keep the page. —  (talk • contribs • count)",1,benign
138553,"You have now broken WP:3RR on Timeline of the history of the Falkland Islands, and I have reported this here. '''' talk",1,benign
72664,"""

To Paul B or whomever has taken the responsibility for editting this work. While I admire your dedication to upholding a neutral point of view in this article. I must voice the opinion that you're lack acknowledgment towards the fact that he is/was a controversial figure to Indians is not in-line in general with wikipedia. There are many examples of articles on this website that provide info about controversial issues in a neutral position while usually providing material for and against the issue. I think that that would be the only way to present a truly fair and neutral portrayal of Max Muller. One other consideration for yourself would be what is you consider a mainstream opinion, because I am sure that you are aware of the politics that goes into getting a paper published and the biases that can play for or against it. Finally, your vehement refutation of other sources based on """"who is he?"""" shows your own inability to question and research into ideas contradictory to others. I would recommend that if you are going to portay a neutral article, please do so by giving both sides of the story. Incidentally, I'm not a nationalist and I'm not a member of hindutwa; I am however a person that likes to search for and be presented with all relevant informations whether they are contradictory to my own opinion or not. - Raj""",1,benign
41073,"""

 Please do not vandalize pages, as you did with this edit to User talk:Eagles247. If you continue to do so, you will be blocked from editing.   [FATAL ERROR] """,1,benign
76160,"Thanks for the compliment! I am not working on it right now, as periodic table is my focus and I have limited free time, but once periodic table passes or fails I'll start working on alkaline earth metal again. In fact, I'm trying to model the article after alkali metal, as the groups are somewhat similar. Theory11",1,benign
153812,"I think the 2004 remix of the song was not done by Cam'ron featuring The Game and Jim Jones. I believe that song was on Jim Jones' LP, On My Way to Church, and featured Lil' Flip and The Game while an alternate version replaced Flip's verse with a new one by Cam'ron.

Could someone please fix this, that'd be great.",1,benign
47156,"]] Also, as other users state, this is a competition aka an event which doesn't meet [[WP:EVENT",1,benign
39895,"Please stop. If you continue to vandalize Wikipedia, you will be blocked from editing.  '''''' Talk",1,benign
94177,"Material to be included should be relevant, noteworthy and well-sourced. If it isn't seriously discussed in high-level academic or scientific sources, it doesn't belong at all in a article of this nature. In the Menzies case, for example, none of these criteria are met. As for relevance, the topic is scholarly and scientific, while Menzies' work is entertainment with zero scholarly or scientific merit or value. As for noteworthiness, mainstream sources seriously discussing the topic rarely if ever seriously include mention of Menzies' work. As for well-sourced, Menzies has a reliability rating of diddly-squat as far as scholarly and scientific topics are concerned.",1,benign
151916,"Re: Rollback 

Thanks for your help and support.  I do know better now, although I can't say it was a pleasant learning experience finding out that my greatest enemy was myself. -)",1,benign
87054,"Lol, never saw it that way. )",1,benign
46412,"""Please do not remove content from Wikipedia. It is considered vandalism. If you would like to experiment, please use the sandbox. Thank you.   xd(?!?) """,1,benign
127545,Follow me on Twitter @vargonium,1,benign
5249,"""

 Edit request from 4 Stars about bare links in U2 360° Tour 

In U2 360° Tour, references 6, 7, 36, 48 are bare links. Can you fix this issue? ★★ """,1,benign
70912,"I know they are (and they are also both in the British Isles, of course), but again - if you want GB, find a source.",1,benign
30335,"This article is much improved, as far as POV.  I'd still like to see more examples of TIF mechanics (full lifecycle).",1,benign
68516,"You know Weiji, it's kind of funny being condescended to by you, and told to 'learn something', at the same time as being reminded to be polite. It's all the more odd since it seems doubtful that you've ever studied cognitive science or evolutionary genetics. Perhaps you feel you have the moral high ground. Maybe you should think about approaching this delicate subject neutrally and scientifically, rather than selecting 'reliable sources' which confirm your bias.
Marks is a well known egalitarian apologist, with about as much credibility as Gould. My summary of his 'argument' is accurate (well perhaps I should have written general intelligence instead of IQ (quicker), but the point is clear). If you want I can break it down into words of one syllable. Is this one of the 'reliable sources' you keep admonishing us to use?",1,benign
13453,"I know absolutely nothing about musical notation or notes or anything, but know there is no Satanic messages in Iron Man. however, theoretically i imagine a song's riff could have a message, maybe in like morse code or something. Or in that EGBDC/FACE scale. I guess.",1,benign
94068,"""

 Internal links don't need to be that fancy 

Please stop adding all those http:en.wikipedia.org/... links. One, those aren't external links; if they go anywhere, they go under a """"See also"""" header. Two, internal links just go in square brackets like this: [[Toronto Transportation Commission]] so Toronto Transportation Commission.

 """,1,benign
45498,"Request for arbitration of Ireland article naming dispute 

I have filed this Request for arbitration of Ireland article naming dispute and named you as one of the involved parties. I would appreciate it if you could make a 500-word-or-less statement there.  ·✆",1,benign
93984,"""

Speedy deletion of User:Tatoluiz
 A tag has been placed on User:Tatoluiz, requesting that it be speedily deleted from Wikipedia. This has been done under section G11 of the criteria for speedy deletion, because the article seems to be blatant advertising which only promotes a company, product, group, service or person and would need to be fundamentally rewritten in order to become an encyclopedia article. Please read our the guidelines on spam as well as the Wikipedia:Business' FAQ for more information. 

If you think that this notice was placed here in error, you may contest the deletion by adding  to the top of the page (just below the existing speedy deletion or """"db"""" tag), coupled with adding a note on the article's talk page explaining your position, but be aware that once tagged for speedy deletion, if the article meets the criterion it may be deleted without delay. Please do not remove the speedy deletion tag yourself, but don't hesitate to add information to the article that would would render it more in conformance with Wikipedia's policies and guidelines. Ω612  """,1,benign
119736,Nobody's making anything up. The fact is that there are 8 million adults of working age who do not do any kind of work at all. (92.12.20.168  ),1,benign
74600,"Ekantik, you are reminded that you were the one who made off-topic comments about Sai Devotees that is not relevant to the article. Stay on topic. Please stop with your public posturing. Anyone interested in your real extra-Wikipedia activities against Sathya Sai Baba can read the Evidence Section for the new RFA.  talk-email",1,benign
35471,"""This book gives an interestingly precise number: () """"A neutron dose of 287 rad and an unknown amount of gamma exposure (he was not wearing his film badge at the time of the accident).""""

""",1,benign
107596,"""

""""where the Dallas City Code does not permit merchandise to be sold within areas under the control of the its [sic] Park and Recreation Department""""? Maybe it should be, """"...as the Dallas City Code does not permit merchandise to be sold in that area, which is under the control of its Park and Recreation Department"""".  """,1,benign
83484,"""

 Keshub image and Village Pump thread 
Dear Ragib. I have uploaded my concerns to the Village Pump thread, duly noting what Dragon(?) had posted. I have noted u as a """"Friendly"""" and this is the way it shud be plz, as some of the V.Pump (policy) bitterness repel me. Bikash 69.50.160.154  """,1,benign
37508,28 June 2011 15:01 (UTC),1,benign
106993,"Ip vandal 

Hi, I see you are an experienced user. I'm helping to revert vandalism on wikipedia, and just as I was going to warn an Ip vandal. Something came up called an edit conflict, and a completely different edit appeared on the page, can you explain it to me?",1,benign
123893,"""

 From the Incidents Noticeboard 
Hey RickK, this is in response to your comments at Wikipedia:Administrators' noticeboard/Incidents.  Maybe you weren't following, but the text of poll 4 that I removed was """"should Everyking be voted off the island at the next tribal council"""".  That's all I was referring to in my post there on the board.  The poll clearly had nothing to do with the related article page and was a clear personal attack.  Just to clarify =)  08:09, 4 Feb 2005 (UTC)""",1,benign
78760,Russian 19th motorized Ukrainian trip,1,benign
37261,- ShadowFox S.T.A.R.S.,1,benign
123709,"""
This article as a whole is subject to a confused identity and I have no idea what to make of it. When I have insane nationalists blaming an entire ethnic group with inherited sin and racially abusing me by declaring me a non-native of where I was fucking born and bought up, then I start to wonder why I should care in the first place. But if anything, the article should focus on the cultural exchange between the English and Welsh, if this makes any sense - how each others culture has influenced the other, i.e. loan words, trade, traditions etc, whatever - anything to do with culture (I live in Devon. Some of our traditions and place-names are of """"West Welsh"""" Celtic origins, most of us probably have Celtic DNA but we are most certainly not Welsh or Celtic! And don't get me started on that """"DEWNANS"""" crap). It shouldn't be some political ethnic relations piece. I have no idea who put that lead sentence in, but they are clearly a smiling Welsh or English person, sitting in a cafe (or an English """"footy"""" pub) right now drinking coffee that has been spat in by someone with an ethnic chip on their shoulder. I've met plenty of nice, decent, honest Welsh people - but the die-hard ethno cultural nationalist ones? I've met Irish Republicans, Scottish nationalists...and I find them more agreeable and less inclined to automatic hatred once they know my stance on things, but when it comes to general views of the English from the Welsh side of the nationalist coin...oh by. It's a 1500-year-old blood feud. As for how the worst of the English view the Welsh - it's usually just stereotype mockery or snobbishness, and it's very effing common. Off-hand racist remarks are something I have seen directed towards the Welsh on an almost weekly basis if I accidentally come into contact with the muppets who espouse it (TV, Forums, general street banter). BAH.   """,1,benign
68624,"""

 Really? 

I get that formaldehyde and acetaldehyde are common names, but propionaldehyde? That's pushing it. Is it really used in chemistry more than propanal? I don't know about most people, but I couldn't be bothered to type all that in when I could just type in """"propanal"""". I don't think it needs to be changed, but there should be some sort explanation for why propionaldehyde is used instead.   """,1,benign
20062,"All in all, thank you for the support!",1,benign
136028,"""
Yes, I believe the article was originally called Double placenames, but was then renamed """"List of ..."""" Somewhat confusingly, there is also a Wikipedia page, Category:Double-named places which refers to what would more accurately be called reduplicative placenames such as Pago-Pago. This suggests that """"double"""" is rather an ambiguous term, since various sorts of doubleness are conceivable. Wouldn't """"Amalgamated placenames"""" be more accurate?
As for Budapest, it's the notable example there of a completely merged spelling without any space. It would be good for this page to include a cities list of manageable length, let's say 10 items, but how could one define this: places with more than 100,000 inhabitants?  """,1,benign
71782,"""
Actually it insults the Quran  | Talk  """,1,benign
101722,. I apologize for my mistakes,1,benign
72981,"""

 There is a whole article on the Icons book. There is criticism there. What more do you want? The WP article on Wells says, """"Wells's assertions and conclusion in this book, as well as in his other writings, are rejected by the scientific community."""" That is silly and false. It would be more informative to find someone who has some specific objection to some assertion in the book. But then things get complicated. Some of Wells's assertion are true and accepted. Wells claims that some biology textbooks have been modified as a result of his book. I don't know whether that is true or not, but criticism of Wells in a Wells biography should at least contain Wells's side of the story.  """,1,benign
50086,"""Although given the opportunity, you have failed to document the lede's second sentence with a citation that conforms to WP:VERIFY by being attributable to a reliable, published third-party source appropriate for the content in question. Until you do so, I shall again delete """"Occupy Marines claims no affiliation with the United States Marine Corps, active-duty servicemembers or established U.S. veterans groups.""""   

""",1,benign
22360,"Thanks, Jiang, for working on this.  We need to clean this up and make the text tighter, but maybe later....  –  10:56, 2005 Mar 14 (UTC)",1,benign
108664,"Currently, the Prince of Wales is listed as the father in the article's first paragraph, while Hewitt is listed in the infobox.",1,benign
77295,"Ross Prio was my Grandfather, and he rarely allowed his picture to be taken. I have one or two, but it was difficult to get him to
pose.",1,benign
95996,"Reply
Check 2002, 2003 and even 2004. old date of picture
 18:05, 2 October 2004 68.211.122.18 (→Pictures of Nigeria)",1,benign
28066,"1980, a year prior to their actual formation. No explanation is being given as to why this edit keeps appearing, no source, no edit comments, nothing. There is a source in the article that clearly states activity began in",1,benign
125253,"and that Duklja was a Croatian state, not Serbian",1,benign
112252,REDIRECT Talk:1er Gaou (song),1,benign
44844,""":::::: It is as if he is going on the 9/11 page and writing that there was no evidence that Osama Bin Laden was responsible, other than what CNN says and the Russians and Iranians say that the Israelis were responsible. He is going on other pages, now Death of Neda Agha-Soltan and is making such comments. my point is that he is not out to make a consensus. He is using these pages to propagate """"Russian Media Sources"""". He is trying to debate whether or not the Protests are CIA planned and Neda's death a Conspiracy. He shouldnt be editing articles. Ive nearly had it cause Ive had to babysit this guy for the past 2 weeks. And no administrator is taking a look at what he is doing as Vandalism, they are viewing it as Content Dispute. His edits are, at the very least, disruptive. I have tried talking to this guy and he is just debating with me as to whether im not a Pro-Shah and Pro-American corporate-s***. You call this content dispute? Again, im sorry, but ive had it with this guy. He has his own standard that BBC, CNN and Fox are lies and that Iranian/Russian Media is truth. His edits are disruptive, I have done all i can, and i would greatly appreciate it if an Administrator could do something about this guy.  

""",1,benign
116893,"""

 Sepsis II is a sock of banned user Altetendekrabbe. Malik Shabazz's censoring of this material from the talk page is unethical and reflects a corruption in Wikipedia. 

Sepsis II is a sock of banned user Altetendekrabbe. Malik Shabazz's censoring of this material from the talk page is unethical and reflects a corruption in Wikipedia.

 Sepsis II is a sock of banned user Altetendekrabbe. Malik Shabazz's censoring of this material from the talk page is unethical and reflects a corruption in Wikipedia. 

Sepsis II is a sock of banned user Altetendekrabbe. Malik Shabazz's censoring of this material from the talk page is unethical and reflects a corruption in Wikipedia.

 Sepsis II is a sock of banned user Altetendekrabbe. Malik Shabazz's censoring of this material from the talk page is unethical and reflects a corruption in Wikipedia. 

Sepsis II is a sock of banned user Altetendekrabbe. Malik Shabazz's censoring of this material from the talk page is unethical and reflects a corruption in Wikipedia.

 Sepsis II is a sock of banned user Altetendekrabbe. Malik Shabazz's censoring of this material from the talk page is unethical and reflects a corruption in Wikipedia. 

Sepsis II is a sock of banned user Altetendekrabbe. Malik Shabazz's censoring of this material from the talk page is unethical and reflects a corruption in Wikipedia.

 Sepsis II is a sock of banned user Altetendekrabbe. Malik Shabazz's censoring of this material from the talk page is unethical and reflects a corruption in Wikipedia. 

Sepsis II is a sock of banned user Altetendekrabbe. Malik Shabazz's censoring of this material from the talk page is unethical and reflects a corruption in Wikipedia.

 Sepsis II is a sock of banned user Altetendekrabbe. Malik Shabazz's censoring of this material from the talk page is unethical and reflects a corruption in Wikipedia. 

Sepsis II is a sock of banned user Altetendekrabbe. Malik Shabazz's censoring of this material from the talk page is unethical and reflects a corruption in Wikipedia.

 Sepsis II is a sock of banned user Altetendekrabbe. Malik Shabazz's censoring of this material from the talk page is unethical and reflects a corruption in Wikipedia. 

Sepsis II is a sock of banned user Altetendekrabbe. Malik Shabazz's censoring of this material from the talk page is unethical and reflects a corruption in Wikipedia.

 Sepsis II is a sock of banned user Altetendekrabbe. Malik Shabazz's censoring of this material from the talk page is unethical and reflects a corruption in Wikipedia. 

Sepsis II is a sock of banned user Altetendekrabbe. Malik Shabazz's censoring of this material from the talk page is unethical and reflects a corruption in Wikipedia.

 Sepsis II is a sock of banned user Altetendekrabbe. Malik Shabazz's censoring of this material from the talk page is unethical and reflects a corruption in Wikipedia. 

Sepsis II is a sock of banned user Altetendekrabbe. Malik Shabazz's censoring of this material from the talk page is unethical and reflects a corruption in Wikipedia.

 Sepsis II is a sock of banned user Altetendekrabbe. Malik Shabazz's censoring of this material from the talk page is unethical and reflects a corruption in Wikipedia. 

Sepsis II is a sock of banned user Altetendekrabbe. Malik Shabazz's censoring of this material from the talk page is unethical and reflects a corruption in Wikipedia.

 Sepsis II is a sock of banned user Altetendekrabbe. Malik Shabazz's censoring of this material from the talk page is unethical and reflects a corruption in Wikipedia. 

Sepsis II is a sock of banned user Altetendekrabbe. Malik Shabazz's censoring of this material from the talk page is unethical and reflects a corruption in Wikipedia.

 Sepsis II is a sock of banned user Altetendekrabbe. Malik Shabazz's censoring of this material from the talk page is unethical and reflects a corruption in Wikipedia. 

Sepsis II is a sock of banned user Altetendekrabbe. Malik Shabazz's censoring of this material from the talk page is unethica",1,benign
33609,"""

 Please do not vandalize pages, as you did with this edit to Laurence Fishburne. If you continue to do so, you will be blocked from editing.  (talk) """,1,benign
7767,"There's no bright line here. Like a lot of things, you only know you've gone too far when you've gone too far. For me, telling me that wine is sold by the glass is one of the things that suggests that this article had crossed a line -  not only is this information irrelevant, it's not even unique to this restaurant! Perhaps things are different in your part of the country but in my experience, every restaurant or bar that sells wine, sells it by the glass. I am all for having complete coverage, but in my opinion, this article reads like its written by someone who loves Pepe's Pizza rather than someone who wants to inform others about Pepe's Pizza.",1,benign
90872,Sounds like I need to be referred to Wikipedia's nearest schizophrenia expert.,1,benign
80643,Actually I need to go now so if someone else could do it that'd be great.  Thanks.,1,benign
101255,"worried
haven't seen you on wiki for the past FIVE years. wonder why that might be? LMAO.",1,benign
23735,"""

You still apparently have not learned to take a deep breath and think about what you're reverting before you hit that """"undo"""" button. This hasty behaviour must get you into the occasional needless confrontation, no?    """,1,benign
39099,Revert to redirect and delete the Enterobacteria (disambiguation) redirect. No need to keep the disambiguation at all.,1,benign
150900,"""

 Someone keeps erasing this with no comment to me...very unethical.   

( minutes after posting this it was erased) check it out. this is very suspicious and unethical by the parties involved. senior management (if in existence) asked to investigate)

````Please do not block me for trying to improve the integrity of the article.
Hello, My name is JohnHistory. I was recently blocked for my mentioning of major problems here because I did not assume """"Good Faith"""" when confronted with bad faith. I believe that the biggest problem with this article and thus the best way to improve it is to intensely follow the Jimbo guidelines to the T. I am going to post what I wrote on my talk page after being blocked during the controversy here. I could be more covert in my contempt for violations especially given my long but yet humble ranking amongst the Wiki Elite but abusing editors and monitors must be accountable or we will always suffer from their petty tyranny. This surely does not make me popular amongst them, yet I must assume """"good faith"""" in them so that they will not prejudice their views against me and comfort their own politics in the process.
I was accused of supporting things I never did. All I ask is that criticism be included on par with other presidents. That is all. I don't especially care about Rev Wright, etc but if it is historical record and part of historically long campaign then I will stick my neck out for it.
I have to say that the amount of bashing of media and talk that has nothing to do with improving the article is highly tolerated if it is left leaning but anything even center of that is treated with heavy hand and often banished and erased. that is what struck me about the discussion page - mind you I never made an edit on the actual article I was banned for merely talking on a talk page. it was the idea that these so called monitors are in fact just random non scholars at home abusing the tools of wikipedia to further their almost personal agenda in a group- think environment.
Thin skin is no excuse for being literally fascistic in your approach to the open to the public - controlled by a small group of ideologues - Wikipedia. These political minding ideologues are 80-100% dominated by left wing or leaning people and controlled through even the excessive use of blocking for discussion posts and factual additions. These (not just mine) are non threatening non- offensive language - just the idea of one stating that their is a problem with the editors and monitors is cause to be blocked and potentially banned for not """"assuming good faith"""" or """"positively contributing to the consensus"""". what if the consensus is wrong then? What if about if you have already assumed Good Faith long ago and are simply diagnosing the major illness of the article as you see it? The evidence is more then abundant that these monitors are violating their tools and are involved in subterfuge or at least strong bias as evidenced between comparing Obama with W Bush. Additionally, the Obama Administration through proxies, in my strong opinion, is at work in the Obama article. I say this mainly because it is inconceivable to me that given the current administrations use and celebration of all things internet and aggressive pursuit of media outlets and shaping the publics opinion (as is understandable) that someone out of the thousands of Obama connected likely people is not involved on the Barack Obama page. It is the most visited page on Wikipedia and is one of the top hits for people searching the internet for the name Barack Obama. However, that is secondary to the already abundant supply of ideologue editors and monitors who seem to fill the demographic of the wikipedia junior officer ranks who enough of is all that it really takes. The number of those is in the millions. That is Why Jimbo guidelines must be followed as an example of the integrity of wikipedia as a REAL encyclopedia that could stand out in a scholarly work. The language given the Rulers of Wikipedia gives them broad ability to block and ban anyone they disagree with. OFten the language is contradictory. For instance I was blocked for my comments on the TALK page and cited for """"Making a point instead of wanting to edit"""". How, exactly, do you make a TALK page based discussion about edits without making a point? Another monitor told me I had to assume good faith, yet no good faith was given to me in my quest to improve article. In addition, the """"TALK"""" page says no writing will be allowed that involves """"general discussion"""" however that can be loosely interpreted and it could for instance only be 5% of what you wrote and then be grounds by a prejudiced monitor to remove your entire sections containing many posts. Additionally, the last guideline about general talk is only applied to people making comments critical or potentially scandalous to the President of the United stat",1,benign
141017,REDIRECT Talk:St. Louis Jewish Light,1,benign
55164,"'What makes you think I give a fuck about your political leanings?' - er, you questioned them by saying 'this user seems to be on a campaign trial on behalf of UKIP'
Why is it non-notable trivia? Why did the media cover it then? 
Why is it a 'drive-by' to add sourced material to the article? Is this article yours? 
How does it having nothing to do with Brady when he himself made the comments?
Why couldn't you just be decent about it? Why all the swearing and accusations?",1,benign
143251,systems cannot self-organize. Not everybody knows this,1,benign
87846,"The Rapist 
Hi,Hello I'v noticed you were on the talk page of an wikipedian name Kurt Shaped Box. I am just informing you that he is a convicted child molester...just try not to put any information on your page that can lead to your home address or phone number.Unfortunatly wikipedia allows anybody become administraters.",1,benign
37,"pretty much everyone from warren county/surrounding regions was born at glens falls hospital. myself included. however, i'm not sure this qualifies anyone as being a glens falls native. rachel ray is, i believe, actually from the town of lake luzerne.  —The preceding unsigned comment was added by 70.100.229.154  04:28:57, August 19, 2007 (UTC)",1,benign
110644,"The same group of scum bag tandem editors that have controlled and now want to misrepresent any and all articles connected with Technocracy issues ... even to the point of trying to delete the article now.
http://en.wikipedia.org/wiki/User_talk:Johnfos#The_Signpost:_17_October_2011
http://en.wikipedia.org/wiki/User_talk:Epipelagic
http://en.wikipedia.org/wiki/User_talk:Beagel
http://en.wikipedia.org/wiki/User_talk:Lawrencekhoo

Mostly they collude to give bad information.
TAB
The same group of tandem editors from several years ago still try and control this article. They want to eliminate an article about one of the major social movements ... the group that started it. 
Wikipedia is known for special interest control and buddy editing. Its a pity and the reason a serious article on an important American group is being tried to be done away with by tandem editors that obviously object for some reason to the content. The past clearly shows the same team of tandem editors here.
Beagle and Johnphos are tandem editors as is Lawrencekhoo and Epipelagic... One of the most significant groups in American history and they want to get rid of the article. Its pathetic and shows the weakness of en. Wikipedia. Lawrencekhoo is a mainstream economist who ax grinds economic articles Google his name for his economic 'beliefs' Gino",1,benign
91499,"Category:  Thanks, Anne.  Can you suggest any useful TDS references?  As I don't have a card number, perhaps you can offer a solution?",1,benign
125118,It now reads like a fan magazine. Cut down on the trivia please.,1,benign
104170,"""

Fair use rationale for Image:ShandaSharer2.jpg
Thanks for uploading or contributing to Image:ShandaSharer2.jpg. I notice the image page specifies that the image is being used under fair use but there is not a suitable explanation or rationale as to why each specific use in Wikipedia constitutes fair use. Please go to the image description page and edit it to include a fair use rationale.

If you have uploaded other fair use media, consider checking that you have specified the fair use rationale on those pages too. You can find a list of 'image' pages you have edited by clicking on the """"my contributions"""" link (it is located at the very top of any Wikipedia page when you are logged in), and then selecting """"Image"""" from the dropdown box. Note that any non-free media lacking such an explanation will be deleted one week after they have been uploaded, as described on criteria for speedy deletion. If you have any questions please ask them at the Media copyright questions page. Thank you.   """,1,benign
69995,"Article has been given new name 

Watch the Throne (Kanye West and Jay-Z album)",1,benign
42863,"Also, can you copy the hide twin city format we have for Paris for Aalborg?",1,benign
144901,""":::::Here's hoping for good health for you and your family, especially given the approaching holiday season.  uniquenames 

""",1,benign
8855,word 'experiment' would be too strong (and not really true).,1,benign
78190,"""
@ - Besides the many problems with """"Draft One"""" and """"Draft Two"""" (see related discussions below), please recall that the earlier Consensus Opinion specifies """"a section kept to a limited stature"""" - in any case - Enjoy! )   """,1,benign
46969,"""
Okay, that's fair.  I won't be able to comment there now.  Will you incorporate into the conversation that one of the IP addys I supposedly outed outed Alphonso Soriano?  I think exposing abuse of Wiki policy for the reasons stated in my blog post and violating the privacy rights of a Major League Baseball player could not be addressed if the issues were not raised.  I raised them externally to Wikipedia. Is """"outing"""" a person who used Wikipedia's anonymity to out Alfonso Soriano a problem?  If so, how can one address the serious outing issue, as opposed to the """"outing"""" of the real life outer?   """,1,benign
15332,"""==In response to your feedback==

Glad to hear it!

—  

 """,1,benign
30934,REDIRECT Talk:Chris Black (screenwriter),1,benign
159185,"Lots More Abstracts
Smithsonian/NASA Astrophysics Data System (ADS)
Query Results from the Instrumentation Database
Retrieved 100 abstracts, starting with number 1. Total number selected: 637550.
-
 Bibcode 
 Score Date List of Links 
 Authors 
 Title 
 Access Control Help 

 
1  1977OSAJ...67..399G 
 1.000 03/1977 A                                              C                      U       
 Grosso, R. P.; Yellin, M. 
 The membrane mirror as an adaptive optical element 

 
2  1976SPIE...75...97Y 
 0.456 00/1976 A                                  T  M                                       
 Yellin, M. 
 Using membrane mirrors in adaptive optics 

 
3  1993SPIE.1945..421M 
 0.367 11/1993 A                                  T  M                              U       
 Miller, Linda M.; Agronin, Michael L.; Bartman, Randall K.; Kaiser, William J.; Kenny, Thomas W.; Norton, Robert L.; Vote, Erika C. 
 Fabrication and characterization of a micromachined deformable mirror for adaptive optics applications 

 
4  1991SPIE.1542..165C 
 0.331 12/1991 A                                  T  M      C                               
 Clampin, M.; Durrance, S. T.; Golimowski, D. A.; Barkhouser, R. H. 
 The Johns Hopkins Adaptive Optics Coronagraph 

 
5  2000SPIE.4091...83Y 
 0.322 10/2000 A                                  T  M                              U       
 Yang, Eui-Hyeok; Wiberg, Dean V.; Dekany, Richard G. 
 Design and fabrication of electrostatic actuators with corrugated membranes for MEMS deformable mirror in space 

 
6  2000SPIE.4075...41R 
 0.321 09/2000 A                                  T  M                              U       
 Ross, Alan W.; Graham, Stephen C.; Gundlach, Alan M.; Stevenson, J. Tom M.; Hossack, William J.; Vass, David G.; Bodammer, Georg; Smith, Euan; Ward, Kevin 
 Microfabrication and packaging of deformable mirror devices 

 
7  1994SPIE.2201..762T 
 0.315 05/1994 A                                  T  M      C                      U       
 Takami, Hideki; Iye, Masanori 
 Membrane deformable mirror for SUBARU adaptive optics 

 
8  1999SPIE.3785..160W 
 0.315 10/1999 A                                  T  M                                       
 Winsor, Robert S.; Sivaramakrishnan, Anand; Makidon, Russell B. 
 Finite element analysis of low-cost membrane deformable mirrors for high-order adaptive optics 

 
9  2000SPIE.4348..348B 
 0.302 02/2000 A                                  T  M                                       
 Borovkov, Alexei I.; Pyatishev, Evgenij N.; Lurie, Mihail S.; Korshunov, Andrey V.; Akulshin, Y. D.; Dolganov, A. G.; Sabadash, V. O. 
 Micronozzles: 3D numerical structural and gas dynamics modeling, fabrication, and preliminary experimental results 

 
10  1999SPIE.3591..137Z 
 0.298 06/1999 A                                  T  M                                       
 Zhu, Lijun; Sun, Pang Chen; Bartsch, Dirk-Uwe G.; Freeman, William R.; Fainman, Yeshaiahu 
 Adaptive fundus imaging using a micromachined membrane deformable mirror 

 
11  2001SPIE.4327...13W 
 0.297 08/2001 A                                  T  M      C                               
 Wagner, John W.; Agnes, Gregory S. 
 Optical metrology of adaptive membrane mirrors 

 
12  2002OptEn..41..561P 
 0.297 03/2002 A      E  F                              R                          U       
 Perreault, Julie A.; Bifano, Thomas G.; Levine, Bruce M.; Horenstein, Mark N. 
 Adaptive optic",1,benign
72694,"going to have to agree with the first guy this is totally non neutral, and please if your argument is that other sites are non neutral too, then they should be changed as well   (temple student)",1,benign
135604,No problem I;m still licking my wounds from my last encounter so when I saw what you were doing I though I would shield you from friendly fire.,1,benign
79273,"If you can find citations, this might be interesting to add to the article. -",1,benign
139578,")
Best bet is to ask John Freeman for the specifics and if it is from the printed bio then just add that into the general references area - it might be obscure but it is legit (I added an obscure bio for John Higgins, John Higgins (comics)#References, and as long as it is out there it is easy enough to reference - if anyone raises an eyebrow I'm sure we could get a scan but it should be fine). (",1,benign
71272,Stop leaving comments ab out blockin us ur all talk show us what ya can do!!!!!!!!!!!!!,1,benign
8290,Nope not either yet. Just a disgruntled former high output editor who finally got fed up with being constantly insulted and watching admins get away with murder on this site. 108.45.104.158,1,benign
140121,"My preference: to show how the equation of motion is derived 

I copy and paste from above:

What is represented in the animation that gives the straight-above view is that the overall rotation affects the vibration; the dynamics falls in the category of coupled oscillators. 
 True, the pendulum is not free, the Coriolis effect varies during the motion even if the rotational speed of the Earth is constant.   

In , I present that the Foucault pendulum precession and its sine law are readily understood in terms of coupling of oscillators.  | Talk 

There is a difference of approach between my sandbox article and the english and french wikipedia articles (I intend to integrate the material in my sandbox article into the english wikipedia article.)

I believe that an encyclopedic article that features a mathematical treatment should focus on the derivation. In the material that I have prepared the mathematical treatment starts with first principles, and subsequently works its way towards the equation of motion:

Once the equation of motion is formulated the physics has been taken care of, and I proceed no further.

I find the treatment in the current english wikipedia article and in the current french wikipedia article unsatisfactory in the following way: the mathematical treatment merely states the equation of motion; the physics taking place (coupling of oscillations) is not discussed.  | Talk",1,benign
131244,"Admin Abuse, User Abuse, or Not?
Hello Netaholic. I have a question pertaining to the blocking of  by . John has requested me to look into the matter, and I questioned him if he had done anything wrong. Looking at John's user page shows a massively overdone mess. but what is Wikipedia's stance on things like this? Does an admin have the right to block or ban a user who abuses their own user page?   03:50, July 23, 2005 (UTC)",1,benign
49180,"""

    
I know that the Croatian perspective is somewhat different. This comes from a very specific historiographical school, which had among its roots Grga Novak. Assuming that Dalmatia was one of the most primitive of Europe at the time of Venetian domination, we must also think that since 1797 to the date you specified (1945) they are 150 years. Josip Smodlaka stated in 1911 (1911!) that Dalmatia was still one of the poorest regions of Europe. As you can understand, we can not talk only of the Italian evil foreign rule to explain this fact. I think it is enough the logic to start to demand other questions, which the historiography of your country has not yet met.151.48.28.216      
   
For your info...    
- Marino Bonda considered himself """"the Italian podestà of Ragusa"""", and today is """"the last Italian podestà of Ragusa"""". He never used or accepted the name """"Bundic"""". However, if you want you can croatizate all the names. I suggest: Antonio Bajamonti > Antun Bajamonti; Luigi Lapenna > Alojz Lapennic; Cosimo de Begna Possedaria > Kosimus Benji Posedarski; Lorenzo Benevenia > Lovro Benevenija; Antonio Cippico > Antun Cipiko; Roberto Ghiglianovich > Robert Giljanovic; Natale Krekich > Nale Krekic and so on. Those things are already made by your fellow countrymen in recent years.-151.48.5.145  """,1,benign
30552,", 7 January 2007 (UTC)
 Oppose - for same reasons as Beardo - Operational status changes should not affect WP naming, and if they do we have got our naming standards wrong.   17:14",1,benign
87576,REDIRECT Talk:2003–04 Croatian Football Cup,1,benign
27419,", 9 February 2009 (UTC)
The last version of the article I saw had just one independent, non-trivial source about him, we usually require multiple. Other sources may exist, but someone needs to go and find them before writing the article.   13:33",1,benign
7126,Yeah I checked my keyboard. She did hit E6 and F#5 in chest. She should stay on the category. Im going to add her back on.,1,benign
133364,"""

""""There is no original research here, the point of view is neutral, and the analysis of the chorus is neutral.""""68.116.53.246
Neutrality and bias do not factor into what is (or isn't) original research.   """,1,benign
121645,"Winter Soldier Investigation and Vietnam Veterans Against the War 

These two articles have been unprotected.  I am going to assume good faith.  Please do not start another edit war on those articles.  If you have a problem, go through the Wikipedia:Dispute resolution process.  I am going to make certain that you and the anonymous user follow Wikipedia guidelines.  (talk) 11:35, 10 Feb 2005 (UTC)",1,benign
82666,"""

I don't think your citations are proof that the English name of Großglockner is Grossglockner. It looks to me like they had technical difficulty printing the ß, and printed the closest """"feasible"""" thing, being """"ss"""". Is there a ß in the books you cited, for instance in names? Vienna, Milan, Venice and Cologne are English names, and they're clearly different from the originals. Grossglockner isn't, in my opinion.  """,1,benign
129721,", which incidentally, is considered to be of the same species",1,benign
88066,with the data but the dates disappeared when they made delta.com more compatible for smart phones about a year ago,1,benign
48429,"""

Agree with WLU. I will not remove the revert by Quartet because I want to make sure we don't get personal, but I think the sources he has listed for his article edit do not meet the standards we want to keep. Does anyone know any information about Pride Powerlifting? Are they just a self-published website, or they actually one of the many organizations? My favorite quote on their site is """"Ryan Kennelly has set another insane all time record. After cutting weight and weighing in at 306 pounds, he benched an awesome 985 lbs! Because there is always controversy around all-time records Ryan Kennelly was weighed in front of 4 witnesses..."""" ROTFLOL Four witnesses? WOW! That is a bit short of what we need here, right?   """,1,benign
105035,"""== Signing comments ==

Just because your buttons have gone doesn't mean you can't sign your comments. Here's how to do it using the keyboard:
If you look at your keyboard, you should find a key with a symbol like this on it: ~ If you can't find a key like that, just copy the symbol from here.
When you're editing, just type (or paste) the symbol in four times: ~~~~
There's your signature!

Again, I would also advise you to look at Wikipedia:Editing help. This shows you how to type the text replacements for the buttons.

All the best. Μαν 

Notability of Julia Olteanu
A tag has been placed on Julia Olteanu requesting that it be speedily deleted from Wikipedia. This has been done because the article appears to be about a person, group of people, band, club, company, or web content, but it does not indicate how or why the subject is notable: that is, why an article about that subject should be included in an encyclopedia. Under the criteria for speedy deletion, articles that do not assert the subject's importance or significance may be deleted at any time. Please see the guidelines for what is generally accepted as notable. 

If you think that you can assert the notability of the subject, you may contest the deletion by adding  to the top of the page (just below the existing speedy deletion or """"db"""" tag), coupled with adding a note on the article's talk page explaining your position, but be aware that once tagged for speedy deletion, if the article meets the criterion it may be deleted without delay. Please do not remove the speedy deletion tag yourself, but don't hesitate to add information to the article that would confirm the subject's notability under Wikipedia guidelines.

For guidelines on specific types of articles, you may want to check out our criteria for biographies, for web sites, for bands, or for companies. Feel free to leave a note on my talk page if you have any questions about this.  Excalibur! 

AfD nomination of Julia Olteanu
An article that you have been involved in editing, Julia Olteanu, has been listed for deletion.  If you are interested in the deletion discussion, please participate by adding your comments at Wikipedia:Articles for deletion/Julia Olteanu.  Thank you. Excalibur! 

Articles for deletion
Hi!  I noticed that you've been participating in the deletion discussions at WP:AFD.  Thanks; we can always use the help.  Since AfD isn't a vote but a discussion, your recent contributions haven't been as helpful as you might hope; in addition to a 'keep' or 'delete,' some information about why the article under discussion meets or doesn't meet Wikipedia's standards is needed.  You might find this essay to be an interesting source of advice about how to make your AfD contributions most helpful. - (talk · contribs) 
hmm i dont totally agree with you because why have a vote when the vote doesnt count. a vote should count in when a page is either deleted or the opposite.  
It isn't really a matter of agreeing or disagreeing.  Regardless of what you may think it should be, AfD is not a vote, and doesn't function as one; administrators reading the discussion to determine consensus just disregard any comments that don't include reasons that are based in Wikipedia policy.  You are welcome to continue participating in the way you are, but it is not a useful way to spend your time, since your contributions won't be used to determine whether an article should be deleted or not. - (talk · contribs)  —Preceding comment was added at  
ok. may",1,benign
82276,""" August 2006 (UTC)

I'm pretty sure someone did. I checked Tiwhatevertheheckitis Brass's contribs and I saw his comment to a report on the administrators' noteboard or something that said something like, """"this guy says he's the 'webmeister' of that forum, go check him out"""". What the heck would a webmeister BE anyways.  02:14, 23""",1,benign
77210,"""

Thanks, Gatoclass!  It's a pleasure working with all of you.  The DYK project motivates a lot of my mainspace work, and DYK is the place where I learned about the WP community and process; it's definitely a valuable project to keep afloat.  talk/contribs """,1,benign
5029,"Evrik 16:35, 1 November 2005",1,benign
120997,"""::::Here you go again with your condescension. I know what it means. Are you really this out of touch or are you playing a game? It is called a fool's errand for a reason. Do you seriously not understand this? Do you seriously not understand why that is an insult? Again, you have failed to do your job and simply tell Tribal why what she's doing in inappropriate. Instead, you've mistakenly turned this into a behavior issue by lying about me making """"threats"""" and being a """"bully"""". I've done no such things. I explained to Tribal that if she continued putting non-encylopedic, poorly sourced (or unsourced) content into hundreds of articles, it would be reported and she could get blocked. THAT is not making threats or being a bully, in the context you are trying to have others believe. Not even close. If anything, the bully is use for threatening me with bans, when I am trying hard to improve this project by stopping what I'm confident is very inappropriate editing by Tribal (because of the huge number of articles it affects). Yet all you want to focus on is these completely out-of-context behavior claims against me, instead of using your admin knowledge for an important and useful purpose - to educate Tribal on why what she is doing is wrong. Non-encylopedic content, no sourcing or unreliable sourcing, and adding content to leads that are very clearly not lead-worthy. You see what's happening and you are choosing to ignore it instead of saying directly to Tribal what the problems are with what she's doing. 76.189.121.57  

""",1,benign
117392,she'd only be in her 40s or so if she was born in the 70s! Y'all are waaaaay off!!!,1,benign
158551,"""
PS: can we just have the example (diff) of this dreadful transgression.  Purely for the amusement of our more sane editors.    (talk) """,1,benign
105278,"Given his lack of repentance, or even acknowledgement of the (ongoing) problems with his editing behaviour, I have taken your advice and started an ANI request, here.  I would appreciate your input, as both an experienced editor and as an admin.  I've thankfully never had to do this before, and am unfamiliar with the process.",1,benign
134874,". And since I ended up even more bewildered, I commented on it",1,benign
30253,"""

It is a really touchy subject for a lot of people sadly. They are obviously Nu metal. They pretty much invented the genre and laid out the framework of all many other Nu Metal Bands. But For some reason, people keep classifying it as """"rock"""" which just, isn't true at all in any form. They aren't rock, metal, alternative metal, rap-core, hard rock, or anything like that. The only classification that they can actually be described by is Nu Metal. So it should be that way on the article. 75.139.103.133  """,1,benign
29368,"UNBLOCK: 1. The reason I used sockpuppets was to avoid harassment from user: Dibo who immediately reverted all my edits, ,  and  when I forgot to log and branded me a sockpuppet of some previous user, here  which the checkuser proved did not exist . I got into a revert war with user: Tancred and user: Dibo who from the contributions, seemed to devote their time exclusively to making trouble and aiding each other in edit wars, as is shown here, ,  as well as in the earlier case regarding user: Ehinger222 who they erroneeouslly accused me of being. After several days of edit warring with user: Tancred over the right to call rugby league football, football,(surely a neccessity and not erroneous), user: Tancred's vandalism to the rugby league nations template here , The names of various sports on the Marconi stadium site  and whether the a-league franchises should be referred to as clubs(part of their franchise names, e.g.Queensland Roar FC is a franchise and not a club, but takes the name of a club for marketting reasons) or franchises, and whether minor premiers were premiers or not. Tancred has a history of edit wars, exemplified no better than here. I was banned by user: Chuq although my last free edits from here were this , , my last was this .  is where I made an argument for my case for the A-League case. Earlier, I had asked Chuq to please get a non soccer admin to help sort it out made in language not too different to chuq's .  Funnilly enough user:Chuq sent no warnings to user:Dibo and user:Tancred despite their equally uncivil and accusatry of vandalism here , (I was not one at that stage, as I was not trying to misuse the system and eing honest enough not to use this account to try to sway the argument),  , (note the term POV rubbish). I felt I was hard done by and resolved to annoy the blockers as much as they had annoyed me before resuming as my previous identity and making a large number of useful contributions before being bogged down by a piece of shit like user:Dibo who provoked this whole encounter. User:Dibo and User:tancred are the ones who should be banned if any justice is to be done, and I am resolved upon annoying the whole lot of you unless I am unblocked and the usefullness of my <500 edits is acknowledged as actual contributions and user:dibo recognised as the edit warrer that he/she/ it is.",1,benign
148259,Did you walk around for the entire event with your shoe untied?,1,benign
158457,"""do any change to a picture in the Image viewer of Windows the changes are automatic saved with No alternative! @

I beg them to solve it or at least give us the alternative  Excuse my English (talk me) 
It's already mentioned at Windows Picture and Fax Viewer#Known issues.    
Compatibility
Paul Thurott has written an article about compatibility issues with the Beta, which makes me doubt the final release's compatibility.  

Removed Features
 
 
 _/|\_I don't know why the Removed Features section claims that the classic start menu and taskbar will be
 removed. Nor do I know why the Inkball game is supposedly removed. This section cites no references and these
 claims are the most questionable.  

I'm not sure as the the reasons as to why they we're removed but I can tell you that Ink Ball is not found anywhere in the beta release, I'm not sure about the classic start menu and taskbar, i don't see an option for them but I didn't look all that hard   

 Inkball only appears in Tablet Edition windows products.  Is there a tablet addition of the Windows 7 beta?   
 Hmm... I may be wrong there.  The article mentions that it also appeared in Vista Home Edition.  Still, Can't imagine it's very fun with a mouse.   
It does indeed come with Vista Home Premium, not sure about other editions.   
It also comes with Ultimate. But anyway, mentioning it has been removed if the only evidence we have is it's not included in the current beta is an incredibly bad idea. We need a reliable source saying Microsoft has decided to remove it. There could be plenty of reasons why it's not in beta, only one of them is Microsoft has decided to remove it completely   

 Beta Release 

The date of the release of the Beta should be January 7 (Release on MSDN to TechBeta and TechNet customers) or January 9 (Release to public) ?? -  Excuse my English (talk me) 06:04, """,1,benign
79276,"""

Speedy deletion of Chorty
 A tag has been placed on Chorty requesting that it be speedily deleted from Wikipedia. This has been done under section A1 of the criteria for speedy deletion, because it is a very short article providing little or no context to the reader. Please see Wikipedia:Stub for our minimum information standards for short articles. Also please note that articles must be on notable subjects and should provide references to reliable sources that verify their content. 

If you think that this notice was placed here in error, you may contest the deletion by adding  to the top of the article (just below the existing speedy deletion or """"db"""" tag), coupled with adding a note on the article's talk page explaining your position, but be aware that once tagged for speedy deletion, if the article meets the criterion it may be deleted without delay. Please do not remove the speedy deletion tag yourself, but don't hesitate to add information to the article that would would render it more in conformance with Wikipedia's policies and guidelines. (t)(c)Tell me what you think!  """,1,benign
142,"""

Reply
Are you being facetious? if not, you would have relayed the same message to Jza and MRSC as my words were no more stern than theres. If you would like evidence for any of the claims made on the talk, then I will only be too glad to provide. You also failed to provide diffs in your message to me, in regards to which words you're claiming are offesive, perhaps WP:Assume good faith.

The two users constantly harass and follow me to articles making disruptive edits in violation of numerous Wikipedia guidelines (WP:HARASS is just one). For example the removal of third party references from articles which don't suit their POV, without entering an edit summary (considered by Wikipedia guidelines as bad faith and a violation of WP:BLANK). The violation of WP:NEO by adding derogatory neologisms to the articles of organisations who they do not personally agree with, despite being made aware of the policy, despite not having any reference to the said organisation being described with said neologislm and despite the community majority constantly removing the derogatory term.  The same """"tag team"""" practise can be shown to be used against numerous other editors who edit articles on British culture and trad counties, not just against me. Again, if you would like evidence just ask.

It would seem however, looking at the messages on your talkpage above, especially the lovely intertude under """"UK mediation"""" section, that Jza messaged you (somebody he seems very familiar with) in violation of WP:CANVAS. Specifically the section on Wikipedia:CANVAS#Campaigning may interest you. If you're going to be an admin, may I suggest you please make yourself familiar with the policies and guidelines I have referenced in this message. Rather than accusing me, a user who is being cyberstalked, of """"personal attacks"""". Systematic bias is not acceptable, you're here to make sure that our policies are upheld not to chip in for the sake of a friend. Thanks. -   """,1,benign
134331,If I were King I would split the Continental Congress from the U S House simply for the sake of accuracy even though it would not impact the size alot,1,benign
135792,"""

Fair use rationale for File:Rousimar Palhares.jpg
Thanks for uploading or contributing to File:Rousimar Palhares.jpg. I notice the file page specifies that the file is being used under fair use but there is not a suitable explanation or rationale as to why each specific use in Wikipedia constitutes fair use. Please go to the file description page and edit it to include a fair use rationale.

If you have uploaded other fair use media, consider checking that you have specified the fair use rationale on those pages too. You can find a list of 'file' pages you have edited by clicking on the """"my contributions"""" link (it is located at the very top of any Wikipedia page when you are logged in), and then selecting """"File"""" from the dropdown box. Note that any non-free media lacking such an explanation will be deleted one week after they have been uploaded, as described on criteria for speedy deletion. If you have any questions please ask them at the Media copyright questions page. Thank you.   """,1,benign
102427,"""the root isn't """"wet"""", it is most peculiarly """"wāt"""".
The long o is not """"the lengthened o-grade of the short e in the ablaut system your author didn't like very well"""". The long o is the Germanic reflex of pre-Germanic long a. """"Wōdinaz"""" is proto-Germanic, not pre-Germanic. The pre-Germanic is """"Wātinos"""". The difference between the two also drives home the point of making a distinction between pre-Germanic and proto-Germanic. As for the barred d for the proto-Germanic /d/ phoneme, that's just one possible convention for writing proto-Germanic. Take it up with our Proto-Germanic article, we should aim for some consistency across articles. 
As for a source, I agree that Pokorny is just useful for an overview of non-Germanic cognates, not for an in-depth discussion of Germanic etymology. For that, we have the perfectly academic, recent and insightful article by Rübekeil, which has been referenced in plain views since about 2006.  (𒁳) 

""",1,benign
26335,"from: sabrina 

jOE MONTANA IS VERY LEGENDARY HE HAS COME BACK FROM EVERY INJURY THATS WHY HE WAS NICKNAMED THE COMEBACK KID. HES AMAZING.!!!!!!!!!!!!",1,benign
145681,""": Concerning the prose: """"McGillivray’s many endurance events for charity are legendary""""—peacok term; """"to promote physical fitness in children and help solve the epidemic of childhood obesity""""—puffery, Epidemic?; """"Each year he runs his birthday age in miles, starting when he was 12, and has not missed one yet.""""—not promotional, but also not encyclopedic, recentism; """"He was born on Aug. 22, 1954 – you can do the math.""""—again not an appropriate neutral tone; """"motivating readers to never underestimate their own ability to set and achieve goals""""—POV; """"The book is available from Amazon""""—promotion, serves no encyclopedic purpose; """"A skilled motivational speaker, McGillivray has displayed his signature ability to engage and inspire listeners to more than 1,600 audiences from corporate executives to high school students.""""—POV and promotional; """"and in 2009 the prestigious """"Jimmy Award"""" by the Jimmy Fund""""—POV, peacock term; """"In addition to running one of the top race management firms in the U.S""""—uncited claim, top firm according to whom? Need I go on? 

Concerning inline references: Inline refs should go at the end of the sentence they support, after punctuation. You have formatted some of them correctly but there is also a number at them sitting at the top of the submission that don't seem to be doing anything. Also, in the first paragraph there is an external link acting an inline reference, this should be re-formatted. Additionally, the submission currently displays as a wall of text and should be broken into section in the format of a Wikipedia article—see WP:MOS. The 'bull points' (•) should be removed. If you are struggling with editing in Wikimarkup, check out the cheatsheet for help.  talk to me 

""",1,benign
103807,"Congratulations, Jimbo, you deserve this!",1,benign
20482,"""

 Silly Hilditch.... again 
Picking Brett Lee for T20 WC with no match form. Lee is not going to get a game when he gets back to the IPL....Punjab have no local batsmen (or won't use them ie Srivastava and Kaul), so they can only have one import bowler (Y Abdulla unless they want to drop him for Lee) ....unless they want to drop Katich or Jayawardene for Lee and then possibly drop Sreesanth or Vikramjeet Malik for some Indian batsman they won't trust to bat above Chawla.... so looks like Hilditch hasn't taken into account the fact that Lee might be on the bench..... Then he will have about one FC game before the Ashes when his Test average in England is 45+. Silly. If he was serious he would have gone to county cricket like Hughes. ''''  (cricket calendar poll!'') """,1,benign
85728,"What+do+we+mean+by+oral+culture%22#hl=en&q;=%22What+do+we+mean+by+an+oral+culture%22+%22shift+to+an+oral+mind-set%2C+the+diffi%22&tbm;=bks James D. G. Dunn, The Oral Gospel Tradition, Eerdmans Publishing, 2013.]
 [http://www.google.de/search?tbm=bks&hl;=en&q;=%22",1,benign
80985,"""

Proposed Merger
I have proposed a number of mergers for articles and have placed the following text on the talk pages. I thought it might be beneficial if any general discussion took place on this page.

""""The article is not likely to progess much beyond a stub. I would suggest merging into a single page for minor characters set out in a similar way to other shows such as List of recurring characters from The Simpsons or Characters of Lost. If someone then wants to expand a characters entry they can still do so but it would be a lot easier to work with one page especially when there is so little information. This is consistent with the approach in Wikipedias fiction policy """" """,1,benign
2808,"The truth of the matter is, you have failed to provide evidence there is no Chang at the Genome Project. Again, refer to the sources I've already referenced that attempt to validate Chang's existence, but cannotbut that ALSO don't say it's possible he DOES exist in other parts of the Project. Research it deeper; don't just dismiss something at quick glance or limited researchresearch it until you can't go any furtherand then research why; it may lead you to even deeper areas than you first saw... -",1,benign
27151,"""
My first thought is to merge every specific ETC program into a list in the ETC article. Those systems that have more than one paragraphs of unique information, such as E-ZPass, can retain their own articles. However, perhaps we should do a survey of the articles in the category first. We might find it better to separate the technology and specific applications of that technology. That separation would involve creating a List of electronic toll collection programs to house the programs and maintain the information about the technology, standard procedures, etc., in the Electronic toll collection article. If a particular program has more than two paragraphs of non-unique information, like E-ZPass, it can retain its own article. C  """,1,benign
154798,"""

Perhaps simply working by language rather than by country would have been a better option. I know what you mean about trying to work out the """"nationality"""" of a film - it's a problem we have here in New Zealand a lot, being a small country with a prominent but US-funded film industry. Mind you, even splitting by language would be a problem (one of my all-time favourite films is Wings of Desire, which has sections in French, German and English). ...wha? """,1,benign
30373,"""

Speedy deletion of Phantom penis
 A tag has been placed on Phantom penis, requesting that it be speedily deleted from Wikipedia. This has been done under section G1 of the criteria for speedy deletion, because the page appears to have no meaningful content or history, and the text is unsalvageably incoherent. If the page you created was a test, please use the sandbox for any other experiments you would like to do. Feel free to leave a message on my talk page if you have any questions about this. 

If you think that this notice was placed here in error, you may contest the deletion by adding  to the top of the page that has been nominated for deletion (just below the existing speedy deletion or """"db"""" tag), coupled with adding a note on the talk page explaining your position, but be aware that once tagged for speedy deletion, if the article meets the criterion it may be deleted without delay. Please do not remove the speedy deletion tag yourself, but don't hesitate to add information to the article that would would render it more in conformance with Wikipedia's policies and guidelines. Lastly, please note that if the article does get deleted, you can contact one of these admins to request that a copy be emailed to you.  (Talk) (Contribs)  """,1,benign
25166,"There's a logic problem here guys. If nobody says anything, how can I possibly know what others think? This and my previous post are completely serious. Maybe there's some cultural difference in play here. I see no problem in being open and honest about such realities. You obviously do. Care to explain?",1,benign
124671,"""
Alright! I will be careful in the future hereafter! Sorry again!         X    """,1,benign
141036,"worchester 

is the team proposed or real?",1,benign
139574,"editing Korean articles 
Please note editing without valid sources or reference will result in reverting and it shows how unprofessional you are, don't be an idiot.Korsentry",1,benign
61406,"so they finally got you huh? youre the reason I no longer edit wikipedia with a username you abusive prick, seeing you're desysopped just made my day134.208.33.104",1,benign
49055,"Something happened with the bandwith, i hope Simon (main admin) is going to fix that soon.",1,benign
67005,Sorry. it was my  misunderstanding. I misunderstood it to be you. It was someone else.I apologize,1,benign
129866,"""

Shotgun house is a featured article, meaning that it went through a rigorous process of evaluation I doubt that there are any blatant copyright violations in it. I am afraid that your personal experience in the field has no bearing on the matter, and would remind you of our policy on original research. Nevertheless, I assume your issue with the article is valid in some respect, and because I know from nothing about this subject, I would encourage you to copy and paste what you typed above into a new section on the article's talk page, which you can do by clicking this link. There you can discuss this issue with the contributors who brought it to FA status in the first place. Thank you, derm """,1,benign
32662,"Help me? 

   can anyone help me, i'm very stuck for the EX World Tour 45 The City is yours. I used a Type Z Fiera, but i keep going 3rd, i wanna go first place! I have tried﻿ 100's of times and i'm really stuck, can anyone help?",1,benign
83273,"Inka hieroglyphics? 

Umm, wasn't it that the Inkas had no forms of writing (apart from the k'ipu)",1,benign
122504,"Your censorship 

It is not vandalism to criticize someone on their talk page.",1,benign
56182,"Apparently, there's some kind of CoH fanboy watching over this site. I've tried to put in some valid criticism of the customer service, which is verifiable by the Better Business Bureau. Some idiot wants to take the position that because it only mentions NCSoft, then it couldn't possibly be CoH, even though NCSoft Austin is specifically mentioned. I'm questioning the legitimacy of Wiki over what is, essentially, a needed change on a global problem with all MMOs. I'm pretty disappointed, so far.",1,benign
91507,"""

 Please do not vandalize pages, as you did with this edit to Cunnilingus. If you continue to do so, you will be blocked from editing.   t c @ """,1,benign
36276,"No need my uncle's a lawyer and two of my friends are finishing up law school, they all agree it's a threat.",1,benign
75788,"""

 WP:BLP warning 

Please do not add unsourced material to a biography of a living person, as you did to Franck Ribéry. In addition, please do not edit war with other users over the inclusion of such material. Instead, pursue dispute resolution—beginning with a discussion of the matter on the article's Talk page. If you have a reliable source for your material, then post it to the Talk page or cite it when re-adding material to the article, and that will be the end of the matter. If you continue to revert other user's edits to include the material without a source, you may be blocked from editing. Thank you  TALK """,1,benign
35619,"""==FDA approval==
This is an American issue. Wikipedia is global in scope. Thus in the medical uses section we describe the conditions for which medications have evidence and thus are used which may not be the same as FDA approval.  (talk · contribs · email) (if I write on your page reply on mine) """,1,benign
112788,"(Of course, WP:MOS is not required for GAN; WIAGA was updated recently to make that clear.)",1,benign
60002,"""

Helpless, helpless, helpless. Why can't you just use google books, like the rest of us ? Search for """"Undead Science rates declined"""" it's on page 180-181   """,1,benign
29303,"]]. It's not displaying the new uploaded image, but continues with the previous image",1,benign
8341,"""It's called """"Clinical Ophthalmology"""" by Duane and Duane. It's about 10 thick volumes and includes everything. """,1,benign
152097,"""
Well, it's really common knowledge that the PNA is the first truly independent government of the Palestinian people in many years I'm sure you know that. Secondly, I am (one of) Palestine's National Authority representatives here on Wikipedia and in my duties I am required to provide accurate information of our official standpoint - in this case that standpoint is """"that we are the first truly independent government by Palestinians, for Palestine  """,1,benign
26832,"""
OK, making sure I wasn't missing something. Perhaps now's a good time to bring up at WT:MLB where the general managers belong. —  • Talk •  """,1,benign
103426,Content blanking without discussion is vanalism209.181.16.93,1,benign
9496,"""

 POV Tag Vandalism? 

David Starr has re-posted the POV alert tag on this page. I do not feel he ever fully addressed my questions. He is asserting that the page shows overwhelming bias in some way - according to him there are only two specific single line instances that he cites of bias on the page, both in the bio. This does not a biased page make.

I have clearly refuted both of these claims at length, with no response (despite repeated requests) from Starr. 

1) The """"garbage"""" passage is balanced with an explanation from a Da spokesperson. The source is quoted, phrase is neutral, and source (scholar Georg Feuerstein) is not in dispute by Starr. The mention is crucial because it explains the """"controversial"""" aspect in first line of lead, and period is alluded to in Adidam apologies for """"controversial"""" earlier behavior and in the numbers of lawsuits, news articles, and analysis by authorities linked to and discussed in Da page. Also, further explained by Da himself in """"Crazy Wisdom"""" section in teaching.

2) Mention of 1986 breakdown/Divine Emergence. This is a significant event, as attested by Adi Da press. Source is not biased, all mentions of events are phrased neutrally within basic journalistic standards. Balanced with Adi Da self-assessment as personally significant event (about which an entire book was written.)

3)""""Undue weight"""" was shown to be unreasonable, as each line is short without subjective exposition. On balance throughout page, all potentially """"controversial"""" material (in every case sourced, cited, and neutrally phrased) is far outweighed by neutral info and Da """"self-assessment."""" 

Every potentially controversial mention is carefully contextualized and phrased to reflect source, and balanced with an alternate explanation. In every case. 

Source disputes:
1) Gurdjieff Journal: no specific instances of bias are alleged by Starr from this source. Starr is simply questioning the source without saying why it is an issue. Did not address my point that source is only used because it summarizes bio info from Da, Rudi, and Siddha Yoga accounts. No bias is reflected in WP entry, no has any been revealed. And Starr has failed to show how magazine is biased or """"self-published"""" simply making assertion that it is a """"competing religious organization"""" which is simply unproven (there is no Gurdjieff church or """"organization"""").

2) Lake County News: source has been used for other articles, Starr only questions it for single mention that he subjectively finds to his dislike (the Divine Emergence passage). He has not worked to find alternative source that would allow the material about a significant event to remain. Source has been found acceptable to all other editors in past months, as demonstrated by its repeated use. Starr cannot singly enter now and discount source, when not showing WP guideline that effectively discounts it (only his own subjective analysis of the quality of the """"contact"""" page on their website.)

All other editors, including myself, have been involved in give an take on this page, making allowances and corrections for each other - even yesterday I made changes to accommodate other editors, including Starr. I do not feel that Starr is meeting this standard, and in particular completely failed to address my repeated specific requests. Because of this, I am removing the POV tag as vandalism and an attempt to discount page. I have requested third party review, and perhaps further dispute resolution.   """,1,benign
59424,"""< I worked so hard on the table, to make it look like a fusion of the """"Elimination"""" page on the Total Drama Wiki and the Elimination charts (here on Wikipedia).""",1,benign
94376,"""

More specifically, for a while there were revertions, some users saying that she was the best chess player ever, and some saying she was one of the best. Then somone made it Easily the strongest female chess player in history. That was soon reverted and then replaced, and I said easily one of the best chess players in history. And, from there there were several arguments posed on some user talk pages, and there I finally made it """"one of the strongest female chess players in history"""". That lasted for a long time until a change was made, finally with some cites. So there is my life story in a paragraph.  ►  """,1,benign
59070,"""
Try listening. It goes a long way. –patois 
""",1,benign
105141,"""

, you are very much on the right track now. A few things you'll want to adjust:
If you have more sources that are also strong, especially ones that talk a little more about her overall career rather than just her books, that would help flesh out the depiction of her.
When you have a list of items, like works or links, make sure to """"bullet"""" each item using a """"*"""", just like I'm doing here. And you needn't leave blank lines between list items when you bullet.
Carefully skim through and remove *anything* that is even slightly subjective praise that's not directly sourced to a review/commentator. That is, if the NYT says she's """"splendiferous"""" you can mention that, mention NYT said it, and cite it. But you absolutely cannot refer to her as """"renowned"""", """"pathbreaking"""", """"stellar"""", """"imaginative"""" etc in Wikipedia's own voice.
This would likely pass just as it is, but there's no harm and much benefit to continuing to beef it up a little. Also, if her birth year is public record (i.e. mentioned on some university site, news article, etc., not by digging in city archives) then please include that next to her name.
Nice work, I think you're really getting the hang of this now. I like to avoid reviewing the same article multiple times when it's this close to passing, so I'll wait until another reviewer puts fresh eyes on it.   """,1,benign
32850,Acl to engage and the stubborn insistence on his version of events even after explanations by other editors didn't look like they could broterion,1,benign
147805,""", 19 February 2006 (UTC)
I have no idea what's causing your problem... sorry. T | C | @   22:48""",1,benign
158351,"You have messages on Talk:Rape during the occupation of Germany

Please remove the personal attack you made under the section Anna Beshnova.

Anonymiss Madchen",1,benign
72132,"If you don't like the figure of 130,000 Turkish Cypriots then remove it from the Wikipedia article on Turkish Britons where it came from.",1,benign
117764,"Offley Place 

Hello!  informed me that you were asking some questions about why the article you wrote, Offley Place, was speedy deleted. As I am the administrator who deleted it, I'll give you some brief rationale according to Wikipedia conventions and policies. I'm glad you have decided to contribute to Wikipedia, and I hope you continue to add to the project in the future. However, the article Offley Place as you wrote it met the criterion for deletion for two reasons:

The article did not indicate why the subject met the criteria for inclusion that apply to businesses and organizations.
It did not contain any verifiable, third-party references.
It was written in a promotional, rather than an encyclopedic tone. 
It appeared that the only contributor to the article (you) had a significant conflict of interest with the article subject. That is, it appears that your reason for adding the article to Wikipedia is to promote your business, rather than to improve the encyclopedic content of Wikipedia.

Though your first article did not meet the standards for inclusion in an encyclopedia, we hope that you will continue as an editor here. For more information about Wikipedia policies and guidelines, I suggest you take a look at the five pillars of Wikipedia. If you have any more questions, please feel free to let me know on my talk page.

Cheers,
 talk",1,benign
75518,"""
You are welcome to edit the article and add verifiable info. However, by looking at the link above, it looks to me like it is talking about the history of the current FBI Name Check. This article is primarily about FBI Name Check in the form that it exists today, as practiced for the last 10-15 years or so. Perhaps one could add a """"history"""" section to this article and add some info there about how the FBI Name Check evolved.   """,1,benign
32125,Actually...I KIND of forgot about the icon usage in Wi-Fi... 75.134.82.172,1,benign
40204,i have done some research. get a life,1,benign
34963,See Etymology section of the article. It should answer all of your concerns as it was written with consensus.,1,benign
101939,"Thuggee picture
Please see the article on Thuggee.  They were gangs of criminals in India, but there is no real evidence they were a cult. I don't think the picture of them, dramatic as it is, belongs in this article.",1,benign
54186,would mislead most reasonable people,1,benign
110519,"I'm not letting the media industry off the hook for their inability to critique and scrutinize (it's part of the job description), but I agree that for WP and this article, the corporate news may be a key source.  There are lots of academic studies of JIthose would be better, as the academics have presumably tried to use the best journalism and cross-ref it with police records, interviews, etc.  Anyway, I just put a lot of fact tags up.  If people want to use news reports to verify, fine by me.  But right now, it feels like a lot of hearsay and rumor. Cheers,",1,benign
12663,"Haku & Zabuza 

Didn't Haku and zabuza both have their own pages before?  Maybe it's a good idea to put them on this page, but i'm just trying to make sure i haven't entirely lost my mind.",1,benign
12006,"Thanks for PHOX stuff
I realized only after the student had submitted the article that Wikipedia had a closely related one.  I also considered merging the specific and the general case.   So thank you for re-engineering that pair of articles.",1,benign
142588,"Thanks, that's a really interesting lead. So over the last half-dozen years this is an active (and funded) area of research: Norman at Museum Victoria  and Strugnell at La Trobe  are both focused on the evolution, while novel pharmaceuticals are being sought at UQ-IMB . Unfortunately the 2007 mention (transcript: ) lacks detail, there is no source suggested for the statement about pyjama dumplings, no explanation (is it poisonous only to eat certain parts or to be bitten by it or to expose skin near it, and if poisonous then to what, and with what effects?), I'm reading conflicting accounts of whether it is rare or common for octopus to use poison, etc. Hopefully some detail has been published in the academic literature?",1,benign
148056,"""

 IQ 

I removed the reference to his IQ from the lead.  It was a blog source, with nothing but speculation rather than facts.  Unencyclopedic.  talk """,1,benign
144515,"""

Original Research
I removed the following link as it does qualify as OR:
Dipl. Ing. Hubert M. Meingast (Owen Sound Industrialist who founded H.M. Meingast & Sons Ltd. - now owned by Parker Hannifin Canada Ltd. (in English)
If there can be found a more reliable source than a Tripod site that even admits that the info came from """"Family and friends of my grandfather"""" I would be glad to add it back in myself. Thought I would at least put it here for others to have a chance at researching. Have to admit, the pictures ARE cool though.  """,1,benign
151556,"hayyyyyyyyy 

yeah this karoolzzz hay k hayyyyyyy i remember",1,benign
130030,"""

Ideally, """"Thomas Disch"""" should be listed among contributors as """"Tom Disch,"""" which is how his name appears in the magazine. Is there a way for a """"Tom Disch"""" link to connect with the article about Mr. Disch?
toddmg """,1,benign
1457,"""

You the man  give me an example, where I betray me Jews. I think that you are just a stupid person as long as the Wikipedia stands. Hans Rosenthal (ROHA) (hans.rosenthal AT t-online.de  replace AT by @ ) PS: This is for the administrators: Please deleat """"Tvoz"""", """"Seewolf"""", and their likes. Thanks!

""",1,benign
96190,"Perhaps empty relation is not well defined.  Define a relation ~ on the integers such that for all integers a and b, a~b is false.  2 and 3 are vacuously satisfied but 1~1 is false, so this is not an equivalence relation.  The error in your proof is thus the assumption that there exists a, c such that a=c.  If there is (well, if for all a there exists c such that a~c) then we have an equivalence relation.",1,benign
140978,"DOnt you think it is equally bad that Muslims are rioting and destroying property over this. Islam is a religion of peace and tolerance. these acts of violence are equally reprehensible to Islam as the cartoons. REALIZE WHAT YOU ARE DOING. the world is watching act like muslims, not like undisciplined individuals.",1,benign
53982,"I wasn't around a year ago. We can say what it is - but only in extremely broad terms: Philosophy is (at least part of the) Western Intellectual Tradition and it asks three broad questions common to all known featherless bipeds which are rational beings (the Greek term which identifies human beings, or homo sapiens. And it asks, in general three (3) fundamental questions:
(1) What is it to know? knowledge; [[[epistemology]]
(2) What is it to be? metaphysics; ontology, existence
(3) What is it to do the right thing? ethics
Philosophy of Peanuts I'm unfamiliar with. Perhaps you mean the Philosophy of Beans. Pythagoras had written, 'On Beans, and a professor of mine at City College - by the name of (Hutchinson]] - demonstrated - sarcastically I might add - that one could  construct a corriculum on anything - including a Philosophy of Quizine!!!",1,benign
114081,Calhoun would work.` —,1,benign
9556,"""
I'm not looking for excuses. I'm looking to remove unsourced BS.
Volonteer fighters from Russian Federation - that's how I'd like to have it. """"Chechen soldiers"""" makes no sense. Chechnia has no army.  """,1,benign
82265,"""

 Some men named Robert do indeed retain the R in their nickname and get called Rob or Robbie.  But most are Bob or Bobby.  Not a big deal.     [pleasantries] """,1,benign
67351,"merge to Fear mongering 

i'm going through the process of removing some of the WP:OR and non-WP:RS now. if any editors can specify some content they believe should remain or possibly be merged to the fear mongering article, make your suggestions here. cheers",1,benign
101834,Theres no evidence that the Ninjas had their own sword. They probebly just used a Katana or other Samurai weapons...but lets not forget that Ninjas probably didnt ever exist.,1,benign
1911,"your support for Chris Lawson 

Are you sure you want to support this guy?  Look at his source/quote for making the Red Baron jewish.  read the discussion page  on it. See the opposers views on his request page.  It scares me.   JohnHistory

http://en.wikipedia.org/wiki/Talk:Manfred_von_Richthofen

http://en.wikipedia.org/wiki/Wikipedia:Requests_for_adminship/Clawson",1,benign
67681,"A tag has been placed on Eric D. Williams, requesting that it be speedily deleted from Wikipedia. This has been done because the article seems to be about a person, group of people, band, club, company, or web content, but it does not indicate how or why the subject is notable, that is, why an article about that subject should be included in Wikipedia. Under the criteria for speedy deletion, articles that do not assert notability may be deleted at any time. Please see the guidelines for what is generally accepted as notable, and if you can indicate why the subject of this article is notable, you may contest the tagging. To do this, add  on the top of the page (below the existing db tag) and leave a note on the article's talk page explaining your position. Please do not remove the speedy deletion tag yourself, but don't hesitate to add information to the article that would confirm its subject's notability under the guidelines.

For guidelines on specific types of articles, you may want to check out our criteria for biographies, for web sites, for bands, or for companies. Feel free to leave a note on my talk page if you have any questions about this.",1,benign
36495,What in heaven's name are you talking about?,1,benign
17661,"Please... 

You don't need to punish ME because YOU have severe insecurities...",1,benign
59014,"""

OK; we start from the beginning. YOU, Sca, go to page WP:FP.
 
−TABTAB 
−TAB
""""9 Find there Current nominations[edit]. Then push edit button. 
 
−TABTAB 
−TAB
You will notice a row of templates there. Then come back here. Just do this now.   """,1,benign
72841,The article mentions Charles Darwin as having talked about gravitropism. Does anyone have a reference for this I could look up. I can't see any mention in Origin.Just asking out of general interest in the subject.,1,benign
139769,"""
I just have one thing to say in my defence before I take Upstater's advice and let things slide from now on. Hippo can wikihound me, Hippo can call my editing """"crap"""" at AN/I, insult opinions and editing and comments various times, and call another user's opinion """"moronic""""  """,1,benign
66317,"Sorry, Carol, for being difficult; I believe your heart is in the right place. I can humbly suggest the following RS's on this matter.  including a sidebar noting one quote by Freeman as a favorite of his critics , as well as ,  and .  talk",1,benign
43193,"I think I understood from EdJohnston that I could continue to edit from this IP if I was logged in (?).  I am pasting in the below per my understanding of the input on the block page.  If this is incorrect, please let me know.",1,benign
96216,I just had a idea for a wiki. Wikireligion. Cantribute if you want to. I just thought you might want to because you could write a lot on hinduism there.,1,benign
85633,"""

Dan, Sorry I've been away from the computer today.  Having just seen the """"oppose"""" all I can say is thank goodness we had the Peer Review.  One challenge when an article has multiple authors/editors is that inconsistencies in the format of citations and references is gonna happen.  I'll try to help on Monday (Sunday will be bad for me too) if certain things still need to be addressed.    """,1,benign
55801,"Thanks !plz find some thing about Stopping of Mawlid in the Wahabi Kingdom of Saudi Arabia.
thanks. (t • c)",1,benign
110067,"Ycchh! 

Who added that awful synthesized voice file at the bottom? It sounds... well, it has synthesized voices, shouldn't that be enough? We should get rid of it.",1,benign
110635,"First of all, let me tell you that i am not so free to reply you in 1000 words as you did. It seems like you have forgot what wikipedia is a community based project, it's not your personal property. If you are so much dedicated to remove my edits, then prove that what i deleted was wrong. Give me the reference for EACH entry what you are unediting from past 3 days. There is no place of bullying in wikipedia. I you think that you are right then prove it over here.",1,benign
69833,"And then the following exchange, in which I answered a charge that I had admitted participating in a discussion which included advice on how to get Palestinians sanctioned.  Although I believe now that Tegwarrior did not necessarily mean to insinuate that I had participated in the discussion, but I did not remember anything of this discussion and probably did not read the email.  The part that galls is that Moreschi deleted my denial without explanation.",1,benign
8797,"National Security 

There should not be a Wikipedia article about me.  Remove it before I take matters into my own hands.

  A.K.A. George W. Bush, president of the US",1,benign
66186,"I'll put it up for AFD, though I missed your talk-page comment on how you were going to expand the article.  I'm not a big fan of the WP:OTHERSTUFFEXISTS argument except where it leads to internal inconsistencies.  I wouldn't object to an article consolidating the existing 29 articles of Band of Brothers personnel, possibly as an expansion of E Company, 506th Infantry Regiment (United States).  But as injustices go, the absence of a standalone Band of Brothers (book) article bothers me more than the possibility that individual soldiers not noted outside of the one book might not get standalone articles.",1,benign
112948,"explanation 

Afghans are not Arabs.  But they follow the form of Arabic naming  no inherited lastname-surnames.",1,benign
149925,"Well, dark green is the color of Islam, so light green does sort of make sense. Is it possible for you to make a new version of the map that shows pluralities/equal religions somehow? And also, its accepted that Lebanon is a Muslim country, coloring it in as Catholic would be misleading.  Talk|Contribs",1,benign
73834,"""
 Your submission at Articles for creation 
 Thank you for submitting an article to Wikipedia. Your submission has been reviewed and has been put on hold pending clarification or improvements from you or other editors. Please take a look and respond if possible. You can find it at Wikipedia talk:Articles for creation/Dr. David Goldberg. If there is no response within twenty-four hours the request may be declined; if this happens feel free to continue to work on the article. You can resubmit it (by adding the text {{subst:AFC submission/submit}} to the top of the article) when you believe the concerns have been addressed. Thank you.  ►  """,1,benign
50933,Nothing has been shown by that person. She only vaguely mentioned the guidelines - she failed to point where they show the studies are problematic. And so have you.,1,benign
18446,""" December 2005 (UTC)
Hellooo, Macheath, who's a good girl? What pic can I post, Geogre? Oh, hey, this pretty little sunflower mac is the nearest thing I've got to a pet. Note the baby loudspeaker on its own leash. Checking out August Strindberg... oh dear... """"Sunflower, attack!"""" There are some extremely dubious assertions, that could certainly do with citing. WHO says Strindberg criticized his contemporary gender roles as unjust? Hard-ly. And he was an anarchist? I don't think so. Guess what? The Swedish version, which was much inferior to this one a year ago, is now much better. It's a Featured article, and looks, from a speedread, to deserve it. Hmm. Maybe I should expand and improve... oh, yeah, Swedish 19th c literature, that's got to be the one thing that would bore an anglophone readership more than Restoration drama. Brilliant.  | talk 21:59, 28""",1,benign
153784,"""

Stop editing my edits. I'm asking for proof the film is based on the book - simple as that. You can't say """"Oh it IS based on the book coz that's what was here before"""". Just stop it. Thank you.""",1,benign
21446,"Vandeventer Black 

I moved the article back to your sandbox.  
 It was declined at AFC.
 It had copy/paste material from the firm's website, such as the Firm's History Page.  As the website is copyrighted, copying any material without having written permission from the company is illegal.",1,benign
134738,"Boundaries
87 Districts were given royal assent Sometime last year. We won't know what they are until the report comes out in the summer.",1,benign
38780,I was just wondering what the incentive is for contestants to come on this show? Is there some sort of monetary prize?,1,benign
134555,"Help! 

I want do delete my userpage, but i don't know how. Could you help?",1,benign
75394,"""
So you wrote yourself: this article is more than just recognition. I write that it is also about illegal precedent... if not only about it. I myself comprehend the term recognition as a term which explains a process. Wiktionary for the english language for (Wikt:recognition) states as the first definition that it is an act or condition of being recognized, whereas wikt:recognize explains this transitive verb as To match something or someone which one currently perceives to a memory of some previous encounter with the same entity. So if we follow the literate meaning we could conclude that to make an act of recognition or come to the state of recognition one should match sth... ...with the same entity. What should should be matched here: eventual Kosovo independence with independence of othere countries. If there are some lists, which you mention, then there are lists of independent (or better nondependant) countries and other entities. Since there is a dispute whether Kosovo should be in one list or some other, some major (as in comparative of lat. magnus - en. bigger) thoughts could be given here. If you mention moving (from one list to the other, than you intuitively agree with me that there could be a POV that a process could exist, or not. Moving, by itself, is a dynamic category (Aristotel discussed this issue long ago), so it could be perceived and comprehended as a process. All this is much simpler (at least for me) to comprehend and explain in serbian language, since serbian language has svršeni and nesvršeni vid of a verb which adds to a bit more refined expression of thought, if I may be so language-subjective. Sorry if I offended you somehow, by quoting your words or in any other way, it wasn't my intention. I will conclude in hope that my too elaborate essay (I may call it now so -) ), constructively adds to comming into terms and resolving the current dispute on the article's content and title. All the best, 's talk """,1,benign
72497,"""  
""""A criticism of LCEA is that it attempts to eliminate monetary cost analysis, that is replace the currency by which economic decisions are made with an energy currency."""" - Why would this be a criticism?  More explanation would be appreciated.  Thanks.

""",1,benign
158147,"For the record, I don't know who 24.30.67.158 is.  It is clearly not the same person as 69.219.53.58.  David, you are wrong.  Open input is not allowed by this little gang, and you would not appreciate harassment would you? If you agree with these people then you have not studied the situation fully.  They are deletionists.",1,benign
121047,"fight the power 

FIGHT THE ADMINS! FIGHT THE POWER!!!",1,benign
66033,end quoted material.,1,benign
41639,"Please stop. If you continue to blank pages, as you did to Edmonton, you will be blocked from editing Wikipedia.",1,benign
89341,"News Music
Why is news theme information not allowed on the page? It's factual information that is rather important to a station's history.",1,benign
36535,"""
- ==Straw Poll==  + :I think I know what you were trying to do, but it's best left unsaid. If any editors are sincerely interested in the article, they will go through the talk page line by line just like I did when I first came. That's a pretty pathetic excuse you just gave me. (talk)   
- The Catholic Church talk page is conducting a straw poll here  to decide on a new version that will drastically eliminate about 50% of the information on the page including the Origin and Mission section and the Cultural Influence section and much of everything else.   
- The new, shorter version is here  and the older, more informative version is here  A support vote will make the page become the shorter version, an oppose vote will reject that proposition.    
- ===Accusations of Canvassing by SandyGeorgia===   
- I attempted to convey the above information to the folks on Wikiproject Catholicism and Wikiproject Christianity so they could understand what was happening there and could see the two versions and come to the page and offer their comments. Karanacs had posted a note on that page already but did not provide any information at all in her post about the two differing versions, offering only a link that provided one version. I felt that this was not neutral so I attempted to correct the oversight. When I did so, SandyGeorgia reverted my edit. These are my edits   and this is the note posted by Karanacs..   '''talk """,1,benign
32063,Can you do a box for Raja Maharaj Singh.  Cricket archive page here .  He's the oldest player to play first class cricket.,1,benign
47400,I have edited the text and wrote with neutral information. Please suggest what went wrong.,1,benign
18300,"""""""This user prefers warm weather and has a great tan.""""

Oh baby, I want to lick all that tan make it all white again. I want to get dirty in your juices and and want you to get dirty in mine. hehe. 
Baby don't come between me and Edgar. You are a baby gal, aint you?

""",1,benign
92893,"I will get a friend to make a map of the freeways in the next few days, and then I'll merge it in. As for 'Elizabeth then along the Torrens', it's worded badly, but the route is actually correct! (I'll correct the wording.) It followed the Torrens Gorge, then quickly diverted north just before Modbury, and then made its way to Elizabeth. If you've got Google Earth, it's easy to see where it would have divulged from the O-Bahn route and continued as what McIntyre Road is today.  talk",1,benign
142301,"""

 Fog or smog? 

I have deliberately used the word """"fog"""" in the article name since that is the commonly used term in the literature. Based on the wording of Roholm (1937) it is in fact a smog.   (talk - contribs) """,1,benign
134521,"""* See """"uncontroversial moves"""" in http://en.wikipedia.org/w/index.php?title=Wikipedia:Requested_moves&oldid;=159738133 . Judging by the above discussion, there seems to be a dispute going on. Please who are all the parties in it and their opinions? 4 paragraphs above, who is """"that jerk""""? See Wikipedia:Requests for mediation.  

""",1,benign
157168,I was discussing the article.,1,benign
39606,Is the rupestris parent of AxR1 really St. George? That wasn't my impression.,1,benign
77215,"disruptive editing
i wasn't being disruptive i stated that he wasn't admin of wiki",1,benign
78619,"Unneutral 

Apparantely some editors have described AIIMS in glowing terms. We need to adopt a more neutral and less flashy approach.",1,benign
17520,| result = redirect to Legality of cannabis by country | page = Legality of drugs }},1,benign
33657,"Dear Moonriddengirl:  
I am new here, and so far you are THE VERY FIRST ONE, to have answered any of my questions, and done so in a very fantastic manner.  THANKS !  I tried to get unblocked, but alas, to no avail, even though I know now what, how to do, and will be a good boy and contributor.",1,benign
110904,"""

 I'm curious as to why some of the labial initials are followed with -eng and others with -ong when they all have the same rhyme (whether the speaker rhymes them with """"teng"""" or not). I wonder the same about """"ben"""" """"pen"""" """"men"""" """"fen"""" and """"wun"""". This seems an inconsistency with the way Standard Mandarin is pronounced in Taiwan. Those with heavy Taiwanese accents (as opposed to Standard Mandarin) would say """"wun"""" or even """"?wun"""" (? being a glottal stop), but the same people would say """"hun"""" instead of """"fen"""". { }""",1,benign
143086,") 12:51, 9 May 2008 (UTC",1,benign
46787,"Links/Self-Promotion 

Why do we allow a vandal to use a userpage as a mechanism for promoting his own sites? Jason Gastrich has violated almost every Wikipedia policy in his short time here, and just like WoW or The Communism Vandal, does not deserve the benefit of a userpage. Can an admin please blank his page, or at least remove those links to his sites and products?",1,benign
46028,"MHP?
1. The player is informed about the rules, but still in the dressing room, before being on stage, she is asked whether she will switch. Simple solution, no need of conditional probs.

2. The player is informed about the rules, and after she made her first choice, the host tells her he will shortly open one of the remaining doors. Before doing so, he asks her whether she likes to switch to the door he will leave closed. Simple solution possible, although one formally has to condition on the player's choice.

3. The player is informed about the rules, and after she made her first choice, the host opens one of the remaining doors. He then asks her whether she likes to switch. The solution needs to consider the conditional probability.

For me only the 3rd form is of interest.",1,benign
99351,"""::""""Other comments were not much friendlier: Russell Kirk, the conservative philosopher, groused that people read her novels 'for the fornicating bits.'""""
Had you used single quotes where appropriate I wouldn't have mistaken it for POV. However, I would still like to note that other edits you have made are POV, and thus deserved to be reverted.  LGagnon 

""",1,benign
101802,"July 2008 
 Please stop your disruptive editing. If your vandalism continues, you will be blocked from editing Wikipedia.",1,benign
51998,"""

Looking at the adult contemporary format stations it seems to be 50/50 as to whether it is capitalised or not, and the article you direct me to isn't capitalised. I also see no convention on the relevant wikiproject to say one way or the other. Even looking through a random category (Radio stations in Boston) it seems just random which is used, maybe slanting every so fractionally to lower case but not enough sample size to dictate one way or another for definite.  talk """,1,benign
104049,"""

I have to say this though, as it made me laugh. At some point in this farce, someone pointed me to Wikipedia:Manual of Style/Lead section. What did I find? """"The notability of the article's subject is usually established in the first few sentences."""" All I can say is, my version complied with that. Easily. The current version - not so much. Unless there's something about the referee or the half-time score or the fact both teams were undefeated that is extremely relevant here.   """,1,benign
23036,"""
Try reading the cites before commenting again. Cheers. Ħ  """,1,benign
150583,"""Ice skating is a classic """"eccentric"""" dance act from vaudeville; it's description seems to indicate glides, and floating etc.  Most regional African American heel toe funk dances can be traced back to accounts of dancing from 1850s and back to Africa.  Read this book for more details:  Jazz dance By Marshall Winslow Stearns

""",1,benign
151391,"Hmmmm... There's lots of relevant material there but the logical connections are missing. You seem to be disputing two claims I have made, one that the acoustics are fairly simple, and the other that the Yepes/Ramirez relationship was collaboration.

Yes, you do make the acoustics sound complicated above, but your explanation and mine do not differ in any testable sense, so they are the same, and IMO mine is better worded. That's the reason it sounds so much simpler!

The quote from Snitzler is very interesting in that it differs somewhat from Ramirez' version, but both are consistent with regarding it as a collaboration between Ramirez and Yepes. Collaboration can mean many things.

By both accounts this was a long, complex personal and creative relationship, of which each account is a mere snippet. Untangling them is interesting, but WP:OR and Wikipedia is not the place for it. Post your thoughts on it to your own website by all means, and I'll look forward to reading it there.",1,benign
123377,You're continuing.  Come on - I suggest discussion and consensus-gathering.  Please put your efforts into that instead of this pointless edit war.  violet/riga (t),1,benign
78282,Labeling edits as vandalism when they are clearly not is a personal attack,1,benign
152289,"""

 Proposed Edits to New 'Section 3.1' - Timeline, 1875-1925 

1885–1924: The origin of IBM
 Year  Gross Income (in $m)  Employees 1890   1895   1900   1905   1910   1915  4  1,672 1920  14  2,731 1925  13  3,698
 
The roots of IBM date back the the 1880s, decades before the development of electronic computers. The company was formed through a merger of three different companies: the Tabulating Machine Company (with origins in Washington, D.C. in the 1880s), the International Time Recording Company (founded 1900 in Endicott), and the Computing Scale Corporation (founded 1901 in Dayton, Ohio, USA)..  The merger was engineered by noted financier Charles Flint, and the new company was called the Computing Tabulating Recording (CTR) CorporationMartin Campbell-Kelly and William Aspray, Computer a History of the Information Machine — Second Edition, Westview Press, pages 37–39 2004. CTR was incorporated on June 16 1911 in Endicott, New York, U.S.A.. Flint remained a member of the board of CTR until his retirement in 1930.

The companies that merged to form CTR manufactured a wide range of products, including employee time-keeping systems, weighing scales, automatic meat slicers, coffee grinders, and most importantly for the development of the computer, punched card equipment. The product lines were very different, but Flint believed that since they all focused on equipment that made businesses more efficient, there were synergies and cross selling opportunities to be had.  Based in New York City, the new company had 1,300 employees and offices and plants in Endicott and Binghamton, New York; Dayton, Ohio; Detroit, Michigan; Washington, D.C.; and Toronto, Ontario.

Of the companies merged to form CTR, the most technologically significant was the Tabulating Machine Company, founded by Herman Hollerith, and specialized in the development of punched card data processing equipment. Hollerith's series of patents on tabulating machine technology, first applied for in 1884, drew on his work at the U.S. Census Bureau from 1879–82. Hollerith was initially trying to reduce the time and complexity needed to tabulate the 1890 Census. His development of punch cards in 1886 set the industry standard for the next 80 years of tabulating and computing data input. officemuseum.com – early Hollerith history, with good photographs of period equipment

The Tabulating Machine Company originally sold some machines to a railway company but quickly focused on the challenges of the largest statistical endeavor of its day - the 1900 US Census. After winning the government contract, and completing the project with amazing speed, Hollerith was faced with the challenge of sustaining the company in non-Census years He returned to targeting private businesses both in the United States and abroad, attempting to identify industry applications for his automatic punching, tabulating and sorting machines. But creating markets for the new technology was a struggle, and by 1911 Hollerith, now 51 and in failing health, was looking to rest on his laurels. He sold the business to  Flint for $2.3 million (of which Hollerith got $1.2 million), who then created C-T-R. Hollerith remained involved with C-T-R for some years as a consultant, but his involvement waned as time went on.

When the diversified businesses of C-T-R proved difficult to manage, Flint turned for help to the former No. 2 executive at the National Cash Register Company, Thomas J. Watson Sr.. Watson became General Manager of C-T-R in 1914 and President in 1915. I Drawing upon his managerial experience at NCR, Watson quickly implemented a series of effective business tactics: generous sales incentives, a focus on customer service, an insistence on well-groomed, dark-suited salesmen, and an evangelical fervor for instilling company pride and loyalty in every worker. As the sales force grew into a highly professional and knowledgeable arm of the company, Watson focused their",1,benign
69033,I have edited the reference to let it be know she was the editor. The source is fine and this continuing nit picking by a certain editor is disruptive. WP:SOFIXIT instead of constant whining would be a pleasant change. Their is noting in policy to prevent an editor fixing a reference they think is not attributed correctly.,1,benign
87070,"(family)I tried to look up more things on his family, but there's surprisingly little other than about his wife.  There is some info on various Myspaces of his kids and grandkids (apparently he has another great-grandchild on the way) but those aren't good sources, so I don't think I have much to add on that front for now.  I found some info on one daughter who is a doctor, but it would be odd to only have information on one child so I won't add any of that.  Should the family part be at the end or the beginning?",1,benign
51539,"""
Iroquois is the most common name used, so it's appropriate to use it in this article, with alternatives on it's page.   Talk To Me """,1,benign
56754,then your knowledge is incorrect -do you think you are his only meatpuppet? he plays you like a fiddle. 87.112.64.32,1,benign
140006,"I can understand your reasons for taking a break. As I have been indicating, the atmosphere is severe. It can have a severe effect on folks unused to such atmosphere. I had noticed that you were saying something about infoboxes at the ANI. As far as I know, there is no set vetting process required for putting up any infoboxes. So, anyone can put up any infobox they want. I don't see much of a value in such infoboxes. I like to form my own opinion based on the particular user's edits and comments only. Looking at the edits and comments of some of the folks who do have infoboxes...... Actually, to my way of thinking, there is no need for such infoboxes. Things become easily obvious from edits and comments alone. I do not say anything about your edits and comments because I think I am unqualified to make an assessment for your contributions. I think I have known some fine scholars on WP and have participated in some exhilarating discussions with them. But invariable, I find their userpages without any infoboxes saying it. Why does one need state the obvious? Actually, I think there are some disadvantages to putting up such infoboxes. If you are seriously considering putting up one, I think you may want to know my detailed view on it in beforehand. Looking at some of your comments, I have the most unmistakable impression that you have an excellent grasp of such issues. I have known very few users about whom I could say the same. (I am speaking only about the ones which I have seen). As such, I was looking forward to other people's sense of sourcing issues would also improve (by having discussions with you). I have also been looking for a particular quote from one particular source and I had the impression that you might probably be in a position to help me in that regard. It is about some other, unrelated article. But since you are busy now, I don't think it would be proper for me to bother you with some silly request of mine.  I have noticed that the catalyst with sidekicks is happy because they have been able to drive you away.  Actually, it seems to me that they have driven away hundreds of users and also caused blocks on scores of others, are experts at harassing others with warnings, long winded arguments, irrelevant comments, severe ad hominem attacks, etc. etc. etc. also know how to obtain blocks for their opponents at ANIs..... Anyway. Regards.-",1,benign
67961,Thank you very much .,1,benign
130475,"2 - also if you are involved in a dispute with me which you are, are not you supposed to get another admin to ban me instead of doing it yourself because your judgement might be biased... which it is...",1,benign
92324,/addresses of proxy servers,1,benign
53761,"Accidental mistake in Homeopathic Arsenicum 
Arthur...slow down, you move too fast.  I AGF, but please note you got confused between Linde's writings in 2005 about his meta-analysis about clinical research that was published in the Lancet in 1997.  He did NOT write about the meta-analysis he and others did in 1994 on environmental toxicology. Heck, we all make mistakes. That said, you need to read (or re-read what Linde wrote in 2005 about his clinical meta-analysis because you and some other editors tend to either mis-quote it or not describe it accurately.  Talk",1,benign
64107,"Many thanks for that retro guy, I'd like to add a photo if possible but not entirely sure how to do so - will have a read up on the instructions!  Thanks again.",1,benign
132758,"""
How does one say """"sweat peas"""" in Latin, anway? Would that be sudoris or desudo? And does anyone remember how to conjugate? legumen desudo-umsomekindofendinghere?""",1,benign
36926,"""
Hi Toa Nidhiki05. I saw that. It's ironic that one of the reasons given for blocking me was my suggestion of bad faith on the part of the left-wingers in the Libertarianism talk page, when they demonstrate blatant bad faith at every turn - one of them is a pathological liar who cannot be reasoned with on any level, another is an obsessed stalker who went on a 24+ hour Wikipaedia marathon to hound my every move until I was blocked, and the other one is just plain batty.
I showed the Libertarianism page to some members of New Zealand's Libertarianz Party and they barely recognised that it was even about Libertarianism. They thought it was an Anarchism page where someone at changed the word """"Anarchism"""" to """"Libertarian"""". Not only is so-called right-Libertarianism not given the predominance in the page that is so clearly appropriate, but it barely receives enough recognition to be noticeable among all the talk about Anarchism-in-Libertarian-clothing. It's pretty frustrating that such blatant sabotage of the Libertarianism page is, not only permitted, but protected by the powers-that-be.   """,1,benign
121992,"""

Sockpuppetry case
 
You have been accused of sockpuppetry. Please refer to Wikipedia:Suspected sock puppets/MarkThomas for evidence. Please make sure you make yourself familiar with notes for the suspect before editing the evidence page. 303 """,1,benign
130769,"One of the best albums ever recorded, so I am pleased to help if I can.",1,benign
24738,REDIRECT Talk:Presidio–Ojinaga International Bridge,1,benign
134626,"Thank you, JamesBWatson.",1,benign
94871,"Merger Proposal
I propose merging Criticism of the Food and Drug Administration with Food and Drug Administration to create a more NPOV article. if the article becomes to long from the merge, we can split it other ways besides (Criticism vs non criticism )",1,benign
34320,"Encephalectomy 

Some of the listings on this page are not valid surgical procedures and would never be performed except perhaps as a crude form of execution. —aco",1,benign
133529,"""

 Producers blog is NOT a reliable source for audience numbers 

RS - the producer of the show has an obvious vested interest in presenting positive viewership numbers for the series and CANNOT be used a source for such numbers. Active   (bananaphone """,1,benign
1103,"Thanks for experimenting with Wikipedia.  Your test worked, and has been removed. Please use the sandbox for any other tests you want to do. Take a look at the welcome page if you would like to learn more about contributing to our encyclopedia.  Thanks. ( t, c, @, )",1,benign
95097,"Right, but drawing the line is an issue of original research and practicality. Is this physicist allowed but not this one? Is this publication related enough to climate? It's just a whole can of worms that we can't really open without creating all kinds of heartache for ourselves.",1,benign
40778,"Red link 

Hi. Can you revise your last post on my talk page to fix the red link? I don’t know where to go. In advance, thanks.",1,benign
102652,"This article isn't about religion, it's about persecution. Whether an atrocity is founded in scripture or practice doesn't matter. Anyway, in most religions, scripture doesn't necessarily dictate religious practice, that's not even the case with religions that have more literalist approaches to religious life, such as Islam. Many things Muslims do as a practice of religion are outside of the Qur'an. I imagine the same is true for Hinduism. Anyway, we don't have the authority to go into that level of analysis. If we had to contrast what a source says regarding what's 'religiously sanctioned', against actual scripture, we'd be engaging in original research. We'd be pretending that we're religious scholars. I found a reliable source that said something, and I edited accordingly.
 Because of all the wikilawyering here, I'm having to almost quote my sources without violation copyright. The source called it 'religiously sanctioned', and that's the phrase I used. I'm open to any mediation, btw, if mediation leads to enforceable actions and presumes that WP policy actually matters.",1,benign
77289,"This page listed under works 

Has anyone noticed this? It's a rather good joke, but it points out something that might concern editors, namely, the very real possibility that Colebatch has edited this page.",1,benign
64313,Thanks.  How do I write an article?  Never done one....  WH.,1,benign
153303,"Random players
Anyone know how the minor leaguers whose bios are listed on this page were chosen? They aren't considered by most to be among the better of the Mets prospects.",1,benign
26343,"""

 Some baklava for you! 

  I ask is there any place to report abused editor like you all my edit  you revert without any information why you do that you do really an vandalism   """,1,benign
151280,"Regarding ads: There a dozens of good game-journalism sources, I'm just not able to quickly google one that has discussed QL's ads (possibly they haven't gotten around to it yet). I'm not sure about screenshots - that gets into complex WP:Fair use and WP:No original research territory... You'd have to ask at the WP:helpdesk, or something.",1,benign
157355,"""

==WP Delinking Dates==

Congratulations on being one of the most destuctrive forces on Wikipedia. Your campaign to delink dates ensures that scores of children won't be at all concerned about history. """,1,benign
61359,"I've erased some, but decided to leave one as it is in use.",1,benign
110776,"I have to register my shock at your outburst.  There is nothing on this page, or anywhere else, that can even remotely be construed as a personal attack on you, or on anyone else.  I do question some of your actions, past and present, however, and the motives behind them.  If the actions cannot be validated by you and by User:Charles Matthews on the grounds that derive their validity from Wikipedia policies, then what is their foundation?  The difference between a private person and an editor here is that here your actions must be accountable to the house-rules, and cannot merely be grounded in your feelings, which now get the better of you.  And I question your actions severely: I think you are at bottom a good person, really, and should not let my censoriousness provoke you to display of anger.  Answer on issues only: if there are points I do not understand, state what they are, how they are wrong, etc.: do not hide behind dismissive ‘I-am-not-in-the-business-of-giving-you-tutorials’, etc.: such tactics are insulting, not merely to me, but to the project as a whole.  — Prof02",1,benign
52536,What is the f point of stating any opinion at all if an admin is going to take things into his own hands? Why should I bother trying to contribute to this page?,1,benign
41043,"Rubin is not conservative 

She's a single-issue partisan who cares about one thing, and one thing only  Israel. I have rarely heard her opine on any other topic. If she's not agitating for war against Iran, it's Syria or some other Middle Eastern regime. There's nothing conservative about her.",1,benign
80489,"REDIRECT Talk:Liberty Charter High School (La Mesa, California)",1,benign
96605,""" 
Yep. Sounds good to me. I think we should find a better name for """"Constuiencies"""". Maybe Official uses? I dunno. (cat scratches) 

""",1,benign
27532,Thanks and sorry by trouble. And do you speak polish? Alden or  talk with Alden,1,benign
68542,"""

Fair use rationale for File:030723 202314-179 RebZali1big.jpg
Thanks for uploading or contributing to File:030723 202314-179 RebZali1big.jpg. I notice the file page specifies that the file is being used under fair use but there is not a suitable explanation or rationale as to why each specific use in Wikipedia constitutes fair use. Please go to the file description page and edit it to include a fair use rationale.

If you have uploaded other fair use media, consider checking that you have specified the fair use rationale on those pages too. You can find a list of 'file' pages you have edited by clicking on the """"my contributions"""" link (it is located at the very top of any Wikipedia page when you are logged in), and then selecting """"File"""" from the dropdown box. Note that any non-free media lacking such an explanation will be deleted one week after they have been uploaded, as described on criteria for speedy deletion. If you have any questions please ask them at the Media copyright questions page. Thank you.   """,1,benign
91918,"""

http://www.britannica.com/topic/Moor-people 

There is your source for Portugese People, moors. First paragraph.  

What tf does """"bit of scarlet"""" mean?""",1,benign
42564,"Something 

Look Renzoy16 I'm Sorry for attacking you you are the great editor in wikipedia.",1,benign
92312,I think you will find that it has not been deleted. And take a wild guess,1,benign
52422,"I honestly don't know how to put on those so-called on the images I put on pages. I just know how to put images just to make the page look good. Like most the images I put, the one of Dennis Orcollo and Lee Van Corteza come from a photo gallery from www.worldpoolchampionship.com (2004 edition). This means those pics are rather old and it's unlikely that they still have any copyright.
2004 is not rather old.  Images published in the United States before 1923 are old.  The images you uploaded are probably copyrighted.  If the website you found them on does not explicitly say that the images are released under a free license or into the public domain, you have to consider them copyrighted and unavailable for use.  You could consider emailing the photographer and asking them to release it under the GFDL, though. Take a look at this page Wikipedia:Image use policy, this page Wikipedia:Image copyright tags, and this page Wikipedia:Copyrights.  Your images will probably be deleted unless you can show they are free to use.  (Talk)",1,benign
53325,", LIZA Minelli.  And why on earth does a lowly software programmer like gwernob have a page?  I will be nominating it for deletion, as you are IRRELEVANT outside of your Wikiworld.",1,benign
59343,"Well, as you are turning a blind eye to tendentious editing, violations of the 3R rule and personal attacks see here for example, or hereif your three favourites, ,  and  do it. 
 Obviously, for you, some are 'more equal than others', and for some, there are no consequnces. This is not occuring for the first time. Obviously one cannot expect an unbiased arbitration on your part, so do as you wish.",1,benign
128452,"Putting it as a foonote seems a sensible compromise, thank you, but please don't swear on editnotes.",1,benign
147124,"""
Im not him. But block me anyway. I'll be happy. Why would I edit so long to be a sock puppet. And thankyou for your message but I do quit. I don't understand how you can cope with it here. there's probably more rules than articles.  -7   """,1,benign
51411,"""

 Reaction to Tim Russert's death 

I see that you're as confused by the result of this discussion as I am, Honestly, I'm not sure where it is stated that merge isn't a valid closing rationale for an AfD. I'm considering taking this to DRV, but as I haven't really participated there I'm unsure if this is the appropriate or not. Any thoughts? niMate """,1,benign
66765,"Stagecraft Assessment
Heya, so I'm working on adding assesments to the stagecraft banner and I've created a bunch of categories but they somehow aren't the same as the ones listed on the talk pages for items with the banner.  I can't figure out why this is and I was just wondering if you could take a look and see as I'm stumped.  Thanks a bunch!",1,benign
137751,"Derby refs 

Could you add some refs to the second graf as requested by Brainbottom?",1,benign
158791,"""

 http://en.wikipedia.org/wiki/User_talk:Eblem 

""""* Decline reason: Let us know when you plan on acting your age. This one should last about 24 hours.   Luna Santin (talk) """"

You appear to have posted this in the wrong location. I did not request a block removal. In fact, I had requested my user page and talk page be *removed*. Because there was an IP block, my guess is that it snagged someone or someones else.

In North America it is considered rude to suggest an action that you know someone cannot take. In this case, knowing that I was blocked, you knew that I could not """"let us know"""" anything, whoever """"us"""" is (is there someone in there with you?). Except insofar as you have office or authority in Wikipedia, no one cares about your personal assessments. In fulfilling your office or in exercising your authority, sharing your personal assessments is inappropriate.

In the United States in particular derogatory references to age, national origin, race, and religion violate both Federal and various state laws, are subject to civil action, and in some cases criminal action, and were I you I whould refrain from making them. You do not know me, my age or sex, and gross impertinence suggesting that I act some age or other is unwarranted. It was, in fact, a personal attack:

http://en.wikipedia.org/wiki/WP:NPA

If you wish to present as an impartial moderating influence in Wikipedia, leading by example in exercising office or authority, instead of presenting as an ill-bred boorish self-absorbed git, take these few observations in the spirit they were intended, control your editorializing, and familiarize yourself with internationally appropriate demeanor and etiquette. It will pay off in the long run, and I encourage to learn from this and change your ways.

Bon appetit. Don't respond. Adieu.

 

'""",1,benign
91359,", plus adding empty sections for Hinduism in articles such as Religion in Hungary",1,benign
65723,">Considering that the staement as it stands is referenced, do you have a reliable source to back up this new information?

This cant be referenced coz its bullshit (or reference misprint, or moron reference author). Ballistic charts (with slight variations) are every were: from bullets and weapon manufacturers to military field manuals. And one must have very high intellect to be unable to check this information in google in seconds.

>What makes you any more of a firearms expert than any other editor here?

Me expert? Haha. I am so stupid that after reading brilliant information from wikipedia i go right to google. I am no comparable with expert wikipedia editors who memorize not only exact numbers from ballistic charts but also order of magnitude of numbers.69.141.140.192",1,benign
52865,"Jellyfish. 

Hello Shirik. I am leaving you this message because i feel that you have reverted my editing to the Wikipedia page, Jellyfish, unfairly. I understand you may have your personal reasons for reverting it but I am doing nothing but letting people know the truth. 

P.S: Sorry about your User Page... I tend to act on impulse.",1,benign
88093,"(talk) 20:57, Jun 23, 2005 (UTC)",1,benign
57805,"""

Thank you for the responses. Obviously I made a couple of mistakes. The version immediately before yours did have some gaps and problems that I overlooked. I guess the sentences, """"The social implication of viewing ageing as a disease could be profound, though this classical is not yet widespread."""" and """" Lepers were a group of afflicted individuals who historically shunned and the term """"leper"""" still evokes social sigma. Fear of disease can still be a widespread social phenomena. Yet not all disease evoke extreme social stigma.""""  made me think you were not a native english speaker because of the multitude of simple number and agreement errors as well as the awkward structure and unusual word use.

I was trying to get rid of the false distinction between disease and syndrome and linkage of symptom to syndrome. A syndrome is simply a combination of problems (not just symptoms in the accurate sense of subjective complaints) often observed together and presumably related. Whether a condition is called Smith disease or Smith syndrome is more a matter of historical contingency than any meaningful denotative distinction. It looked like you were reasserting that and I was trying to get rid of it. 

I put it back the way you left it as I don't feel up to a rewrite. Sorry for any offense.  """,1,benign
100984,Well don't! It is time trhat the order should at least be different than the first.,1,benign
143913,"Over-use of shy template 

I have reversed your 89 uses of the shy template at Jean Berko Gleason, and thought I should explain why.Unfortunately, the Wikipedia search treats all the part-words, each side of the shy template, as separate words, so they appear as a vast number of mis-spellings,  Although useful for very long words, such as the example at Template:Shy, it should be used sparingly - the third word of a line, is highly unlikely to need splitting as a line-end word, whilst breaking words across two lines makes them much harder to read. It really doesn't matter if there is a short space at the end of a line, although very long spaces can be confusing as to whether the sentence has come to a premature, abrupt, end or not.-",1,benign
140522,"Yeah, no, the Weebly founders did not know of Cool 'N' Fast Cars. I know it was just a troll adding such a website, claiming to be Chris Fanini in Test/1; what a crude impersonation! He needs to take a look at Weebly's Terms of Service. 198.228.217.170",1,benign
127779,PS: in WP it is mentioned here: Idaho_National_Laboratory#Fatal_accident,1,benign
6672,". (Thank you user:David levy for the correction of my mis-typing, see immediately below.)",1,benign
111688,"John I. Simon 

Please take notice of Talk:John Simon (critic)#Reaching NPOV. There are little sources on descent of Americans, nevertheless how notable they might be. I do not know why you belive that the article should omitt the source I provided. Thanks for a response.",1,benign
138494,"Prison Break Edit 

I work on the show and i currently know that Prison Break Cherry Hill is only a rumor and the only thing that has been evolved is the name. no characters, stories, or anything else has been created. no one is writing or directing the pilot for the supposed spin-off, so i erased the blurb in the wiki page. and i will keep doing it til everyone knows PB:CH isnt happening.",1,benign
80889,"What edit war? 

I'm not involved in any edit war at all. Please don't make false claims against other editors. -",1,benign
61302,"""

A5c 'Using """"passim"""" and other issues in citing Macmillan is also a cop-out and would merit a verifiability failure'
I've changed the two passims to a specific page and chapter #s.
Can you explain about the """"other issues in citing Macmillan""""?   """,1,benign
110022,"""==""""Her Later Carreer""""==

Wouldn't it be better to state """"her recent work has included character roles..."""" as it is ongoing?

She could still act for 20 more years, and maybe switch to drama or sitcoms, which means her """"later career"""" has yet to come.

69.171.160.110 

""",1,benign
32978,"""

Thanks
Hi. Thanks for fixing my messed-up attempt to revert the Speedy Deletion removal from Ephraim D. Zanger - I just noticed I hit the wrong rollback button and went back to fix it, but you already did it.   said Zebedee """,1,benign
88312,For my wikipedia project I'm going to do gay tourism. I will be using The Huffington Post as one of my sources; it has many different articles written about gay tourism.,1,benign
114748,", implying it was part of another state",1,benign
52022,"Britain in need 
Help stop islam in Britain vote BNP",1,benign
158994,"""
Blocked indef.  —  • Talk •  """,1,benign
21929,"While I did say there is no deadline, I was wondering if you intend to finish this review. It's fine if you would like to pass it on to someone else, I would just prefer that it doesn't stay in on hold limbo indefinitely. Thanks for your efforts so far.   Talk to me!",1,benign
5629,"It seems that section was already accumulating unnecessary links.  But you're right, it's something that should be discussed on the talk page first, so I have undone my edit.",1,benign
52552,"""

Notice of Edit warring noticeboard discussion
Hello. This message is being sent to inform you that there is currently a discussion involving you at Wikipedia:Administrators' noticeboard/Edit warring regarding a possible violation of Wikipedia's policy on edit warring. The thread is Wikipedia:Administrators' noticeboard/Edit warring#User:Dogmaticeclectic reported by User:ViperSnake151 (Result: ).   Thank you.   Talk   """,1,benign
133932,"Your Skin 

Hello, sorry if im bothering you, but could you show me how to use your skin on my homepage?
all help and assistance would be gratefully recieved, 
Thank You",1,benign
108089,"I doubt running my mouth is going to get me unblocked, my hope is some out there can look at this situation objectively. And I still want my page to be titled to 'Doucheblog' without John Reaves catching hard feelings.",1,benign
124347,"Getting angry above about it doesn't change the undeniable fact that it needs to go to the main subject.  You've also broken WP:3RR.  And I hate musicals, especially the one with the singing nuns.",1,benign
118720,"""As for """"points out,"""" if everyone else is cool with its use here, OK. """,1,benign
69616,"Everyone needs to be reasonable and proceed in the development of the article in a constructive way. Here is the only article I found so far:

http://www.perfectpeople.net/biography/6411/chris-joannou.htm",1,benign
7053,"""

If you are looking for a new challenge - how about trying to get an article about some car part into FA?  """"Supercharger"""", """"Otto cycle"""" or """"Tire"""" for example.  (Actually, Tire is already pretty close - with proper referencing I think it's almost there).  """,1,benign
41256,"French Tarot and French Roulette  

French Tarot and French Roulette can be corelated as follows:

  0-+
  1-1
  2-2
  3-3
  4-4
  5-5
  6-6
  7-7
  8-8
  9-9
 10-10
 11-V
 12-C
 13-D
 14-R
 15=1
 16=2
 17=3
 18=4
 19=5
 20=6
 21=7
 22=8
 23=9
 24=10
 25=11
 26=12
 27=13
 28=14
 29=15
 30=16
 31=17
 32=18
 33=19
 34=20
 35=21
 36=*

That permits to use French Roulette as random modifier while playing French Tarot. Zero can be used as special modifier.",1,benign
30843,The proposal at the Village Pump is not limited to tagged links.,1,benign
85854,"""

There was no consensus to move to langoustine, which was indeed a very bad idea. The proponent of that move explicitly approved a move to the scientific name, and it also seems the best title to me. I was therefore bold enough to go ahead and make that move. Do you have any reason to believe it is not the best title? """"Norway lobster"""" is the most authoritative """"common name"""" for the species, and there were doubts in some quarters as to whether it was good enough. In such circumstances, the scientific name really is the only alternative.   """,1,benign
23716,"""

 Questionable tactics 

The section """"Questionable tactics"""" should be renamed to """"War crimes"""" or """"Possible war crimes"""" if that's more NPOV, because in context a discussion of tactics during battlefield operation would be expected under a section titled """"Questionable tactics"""".""",1,benign
117219,"Charlemagne 

Thank you for your excellent work on the article.",1,benign
51413,"""
Also i didn't know that image on signatures causes problems, i have takesn it away. ) """,1,benign
33650,"My thought is that you have to start someplace. Generally all I stumble across is a one line item about current prices. The rest is implied for a knowledgeable audience (which Wikipedia is not for maple syrup, I agree). This, in turn, attracts other data for comparison. The alternative (as mentioned above) is a robust article which I am too lazy to flesh out. I do start articles, but once there they provide a convenient uh coat hook to paste other information as encountered in the media. Footnoting and objectivity is the main problem. I agree that readability for one point of data is a bit, well, jerky, I suppose. But this is a lot different from pov, or, pr, unreferenced, or any of the other stuff that the noprices was trying to avoid. 

While we are trying to make things presentable for the reader, we also need to consider the editor. Things have to be easy for them, as well. The harder it is to contribute, the fewer contributions.",1,benign
64049,"""
We just call him Boris.  LOL.  He's a more civil curmudgeon than I am.   Talk• Contributions """,1,benign
34334,"""
I've converted the infobox to , which is preferred for NFL coaches who played in the NFL. ''' 24/7''' (C) """,1,benign
38101,"This is more proof of the rampant anti-Semitism on Wikipedia. 

Anti-Semites are allowed to censor the truth.",1,benign
25602,"""
P.S. The word """"colonization"""" would fit much better for what happened in Inner Mongolia over the 19th and 20th centuries and what the Chinese tried to do in Outer Mongolia after 1905: massive population transfers, exploitation of natural resources at the expense of the local population, marginalization of local culture - factors that certain Chinese historians choose to conveniently ignore when trying to explain the emergence of Mongolian nationalism.  """,1,benign
137593,"scholarly article at wikipedia? You are johing  Wikipedia exists to attack Christian, the Bible and Jesus. Odd that the liberal cowards won't do the same thing to the Koran - Hummm are they afraid or do they just hate the Bible - You decide.",1,benign
115504,"I'm thinking of the readers mostly, what the vandal wants to do is disrupt, and I intend to keep that disruption to a minimum.",1,benign
74253,"Chipmunk's fate
center|thumb|400px|A reward for biased editing",1,benign
157613,"Because no-one has shown that you cease to be married if you move to or live in one of the other counties.  If only eight counties had DMV offices, that wouldn't mean you couldn't drive across the whole state.  —",1,benign
104242,"Union]], of course, would not come into existence until 1922. [[Soviet",1,benign
7755,"what exactly are the remaining problems, please be more specific . As far as I've looked into the case, the main problem addressed by the ArbCom was bad behavior by some editors. I haven't seen this happening again so please explain the reasons for your vote. Thanks!",1,benign
115826,"Please stop. If you continue to vandalize pages, as you did to Kanye West, you will be blocked from editing Wikipedia.   ()(Talk)",1,benign
85299,"""

 JTWC prognostic reasonings──Vicente 

For reference 
01 // 02 // 02 // 04 // 05 // 06 // 07 // 08 // 09 // 10
11 // 12 // 13
 (talk✉) """,1,benign
90626,"Furthermore, you are trying to fit the evidence to your POV.  Sircar has called into question whether these divisions are at all historical.  These divisions of Kamarupa are given in manuscripts that are dated to many centuries after Kamarupa had ceased to exist.  You are trying to use non-historical data to push a POV.  The reason all these boundaries do not agree is because they are all possibly fabricated, and have no historical value.",1,benign
31908,"""

Please stop. If you continue to vandalize pages, as you did to Sean Muttaqi, you will be blocked from editing Wikipedia.   Conas tá tú? """,1,benign
73592,ll let others prosify. -rj,1,benign
64097,"Hello Young Lady
The articles were amended, please read them before reverting them again.",1,benign
99693,") 

Look, another good little Marxist.",1,benign
78481,My point exactly.    (Talkie-Talkie),1,benign
10400,"Hello person who I hope is in my class! Welcome to the wide world of Wikipedia! D I don't know how to do much yet, but if you think I might be able to help you, message me. But...More than likely, others will be better at helping, so you should probably just ask others for help on your talk page. Good luck with your project, fellow AP Bio student! )",1,benign
10936,"I dont like the new squad look, it think the simpiler version before was better, instead of spreading everything out, looks ugly as well...anyway open to argue over this matter,",1,benign
22261,""":This sort of thing needs independent sources to assert notability. Otherwise we're going to get, """"BR"""" was once mentioned in episode x of y. talk to me 
""",1,benign
144725,"""
Oh, so I was blocked from editing everything but my own page, which is the location of the alleged """"personal attacks,"""" anyone can see that this makes little sense. If you are ever subject to an RFA, I'll be there.  """,1,benign
111899,"The vast majority of historians and notable genealogists, as well as the Smithsonian Institute and the Thomas Jefferson Memorial Foundation accept that the scientific as well as other temporal evidence demonstrates very strongly that Thomas Jefferson fathered Sally Hemings' children.  You folks at the Monticello Association who cannot accept this, are showing a very ugly side of human disposition: snobbishness, stubbornness and willful stupidity.  It's not very becoming for having descended from Thomas Jefferson.",1,benign
107666,"THE GUYS WHO INTERESTED IN THE ARTICLE TO BE IMPROVED ARE 
MUHAMMAD YUSUF ATTARI,SHAHIBA,MADINA MADINA AND ETC",1,benign
68361,"""

I'm not expert at all, but """"to have been impeached"""" is accurate, since he was tried. Whether you're found guilty or not, you have still been impeached, if that's what you were talking about.   """,1,benign
23482,"""

Generally, yes. But that particular page seems to one that is """"owned"""" - however much that is against everything Wikipedian. I did try to get some answers for the sake of improving the article from whomever reads that page to no avail. I'll certainly admit that I did at a time let my temper get the better of me. The reason I keep - well, as of now, kept - asking Medeis is because he acts like some sort of watchdog. All the best   """,1,benign
28563,"I will he happy to discuss any changes you think are needed, but not your rewrite as is because it is unbalanced. Sourced and balanced NPOV are not the same thing.",1,benign
88592,"Copyvios 

It looks like we have at least one summary copied from another site. -   (contribs)",1,benign
146202,""" —Preceding unsigned comment added by  (talk • contribs) """,1,benign
75710,"""

Welcome

Hello and welcome to Wikipedia!  We appreciate encyclopedic contributions, but some of your recent edits do not conform to our policies.  For more information on this, see Wikipedia's policies on vandalism and limits on acceptable additions. If you'd like to experiment with the wiki's syntax, please do so on Wikipedia:Sandbox rather than in articles.

If you still have questions, there is a new contributor's help page, or you can write {{helpme}} below this message along with a question and someone will be along to answer it shortly.  You may also find the following pages useful for a general introduction to Wikipedia.
The five pillars of Wikipedia
How to edit a page
Help pages
Tutorial
How to write a great article
Manual of Style
Policy on neutral point of view
Guideline on external links
Guideline on conflict of interest
I hope you enjoy editing Wikipedia!  Please sign your name on talk pages using four tildes (~~~~); this will automatically produce your name and the date. Feel free to write a note on the bottom of  if you want to get in touch with me. Again, welcome!    """,1,benign
150116,"In Army they know very well where central, East, West is...",1,benign
71126,hans beckert is one of the first serial killers on the silver screen and because of that is a  piece of history and should not be removed,1,benign
93524,"On a side note, you may want to work on these  Dialogue Stalk me",1,benign
18696,"""
Well, I think it'd be nice to get a big star to GA. Garth, Faith, and Tim probably need sections on critical reception and musical stylings, but they're pretty close. Gary Allan may  be pretty close to GA if we can tighten the prose some.  and his otters • (Broken clamshells • Otter chirps • HELP) """,1,benign
36766,"""
Don't block me im leaving delete my page and my account. Jack In """,1,benign
112940,"No Contradiction 

You do not understand Celiac's Disease.  There is ample reading material to describe the difference between allergic reactions, and other forms of auto-immune disorders. Celiac's Disease in particular is not an allergic response to gluten itself, but an auto-immune response to the way the body is misprocessing gluten.  Hence, not an allergy.",1,benign
131652,"""At culturally conservative BYU... ==

Not sure how failing to protest against the war or the Mormon church policies is relevant. Even though it has been argued that it is relevant """"since some Mormons did.""""  Not sure about Romney specifically but some people find it more advantages to work within the system instead of protesting the system.  It is also like saying we should include he is for the belief that the moon landing was staged because he has not spoken out against those who believe it was staged.  Recommend removing this sentence.   

== """,1,benign
51912,"""
 Image:AF IITYECYM.jpg 
Thanks for uploading Image:AF IITYECYM.jpg. I notice the 'image' page specifies that the image is being used under fair use, but its use in Wikipedia articles fails our first fair use criterion in that it illustrates a subject for which a freely licensed image could reasonably be found or created that provides substantially the same information. If you believe this image is not replaceable, please:

 Go to the image description page and edit it to add {{Replaceable fair use disputed}}, without deleting the original Replaceable fair use template.
 On the image discussion page, write the reason why this image is not replaceable at all.

Alternatively, you can also choose to replace the fair use image by finding a freely licensed image of its subject, requesting that the copyright holder release this (or a similar) image under a free license, or by taking a picture of it yourself.

If you have uploaded other fair use media, consider checking that you have specified how these images fully satisfy our fair use criteria. You can find a list of 'image' pages you have edited by clicking on [ this link]. Note that any fair use images which are replaceable by free-licensed alternatives will be deleted one week after they have been uploaded, as described on criteria for speedy deletion.  If you have any questions please ask them at the Media copyright questions page. Thank you. ˉˉ╦╩ """,1,benign
35834,"be blocked from editing Wikipedia.  If this is an IP address, and it is shared by multiple users, ignore this warning if you did not make any unconstructive edits.",1,benign
12160,"""::: What means it """"commercial"""", anyway?  I would imagine that most assembly languages were compiling themselves before this, and it seems likely that some high-level languages were, too.

""",1,benign
25618,"""
You don't have to prove anything to me, but you have to cite it per the link above. I don't know this person from Adam, but I do remove all non-cited/wikipaged additions to CT school's """"Notable alumni"""" sections.   """,1,benign
127644,"""Revisiting neutrality on the Clinton entry==
I edited some content about the Richard Mellon Scape adversarial relationship with Clinton that dogged his career for 8 years and even after he left office. Many of the controversies raised during Clinton's term were a DIRECT result of the Scape Arkansas Project and to see any reference to Richard Mellon Scape's part in Clinton's troubles just """"disappear"""" seems like a very """"right-wing-view"""" sanitization of the Wikipedia. 
As the, arguably, most important adversary of Clinton for a lengthy portion of Clinton's political career, to obliterate any mention of this relationship comes close to censorship.
R.M. Scape is one of two very large and looming forces at work in American politics in the early 21st century, the other being George Soros on the left. Their fingerprints, from behind the curtain, certainly draw analogies to the Wizard(s) of Oz.
Please note that I did not vote for Clinton either time, being somewhat more conservative, but I have noticed an apparent right shifted bias developing in areas that touch upon politically related items in the Wikipedia lately - and """"it ain't good"""" as they say. 

This slow erosion of complete disclosure concerning what is stylized as """"right wing leaning"""" viewpoints and the retention of those things which critisize """"left wing leaning"""" viewpoints is subtle but steady - not just here, but across many places on the Wikipedia. While they make me smile sometimes, my inclination toward keeping Wikipedia neutral reins in my mirth.

I would encourage the group to rethink the neutrality of Wikipedia & work very hard to balance the influences on both sides to prevent any more of this """"shading"""" of the Wikipedia.

I know it is very hard to remain absolutely objective but it is imperative that we do so in order to remain a respected source. To remain COMPLETELY factual without opinionated bias, it seems to me Wikipedia should error on the side of INclusion rather than EXclusion.

IdioT.SavanT.i4 06:51 CDST 11 August 2006

==""",1,benign
88611,"The site is obviously not encyclopedic (which, judging by what I see here means that its not useless and constantly vandalized) but neither is gamespot, and no third party news source or whatever talks about THEIR review, yet you still feel the need to mention that.",1,benign
46818,Tried. Exciting if we get it sourced! - Samuel Rodigast Samuel Rodigast,1,benign
130704,"Hearing no justification for keeping it, I removed the category today.",1,benign
12965,"All new Wiki members have a right to edit==

Bless the founder.  -)

DrJoe 

==",1,benign
24551,"LMAO. Dude that's way off. The fastest is literally 25.6 mph I believe which was done by Asafa Powell’s 9.77 100 meter time, even though it is estimated that Michael Johnson clocked 9.66 for every 100 meter time in his 200 meter world record. Meaning that Michael Johnson may have actually reached 28mph. I'm a current sprinter right now and I've clocked 18mph at my max without wind. So ur way off sorry dude. Olympics is coming this summer so we'll see what happens then. I hope Maurice Green makes a come back. mcelite",1,benign
22097,"""
Support, noting that slip knot is already at a """"primary topic"""" location and would remain there even with this change.  The two-word version is the knot, the one-word version is the band, and the disambiguation page can cover the other uses. – '''' Let us reason together. """,1,benign
126807,Then he said he might block me for doing this!,1,benign
129677,"""

His previous full lupine state allowed him to lift only 1 ton.  Sabreooth can lift at least 900 lbs.  He is also a skilled martial artist meaning that unless the Werewolf was as strong as Luke Cage's original strength classification of 3 tons (making him several times stronger than before) the writer and editor would have not had Sabretootj so easily handled.  However, despite this """"king werewolf"""" thing, the name comes from an issue of Dr. Strange, he was much stronger than Sabretooth but still not able to over power Hyde who is 50 tons.  

Any fan of the character would know that this is inconsistant on Marvel's behalf and would note thast his strength enhancement is unspecified and ranges somewhere between Sabretooth (who was even stronger then than his 1st few appearances) a Hyde as per their battles.""",1,benign
110445,"Instead of having a silly sloppy list of all the terms used to describe this land, does it not make more sense to split that into a NAME section for people who specially want to know them....like in almost every other article in Wikipedia!",1,benign
121528,"Navigation 

I've heard conflicting conflicting accounts of how bees navigate, namely from one source that they use radio waves (citing speculation that mobile phone masts have caused them disorientation) and from another that they use the sun. Which is true?",1,benign
44444,"Mr.Mosin, the issue is about Russian military, not Ukrainian. You may want to read several relevant talk sections above if you're interested. By the way, some of my fellow editors seem to be deliberately partitioning the discussion on the subject here (, probably trying to promote a false claim that I'm avoiding consensus attempts. Happy edits,",1,benign
122931,"""== I did answer you ==

See the history of edits on my talk page. You made several mistakes, which I corrected, and then I answered you. Now you've made the same mistakes again:
 New sections go at the bottom.
 You also deleted a lot of my content. Don't do that.
 You need to sign your posts with four tildes.
 You can't """"report"""" me when I haven't done anything wrong. You are the one who made all these mistakes, but I'm not going to act like a child and report you, even though I could.
Reply on my talk page, in the Cansema section at the bottom.   """,1,benign
52826,"""

 Get a life 

Listen you moron, You are the one who needs to be blocked for """"Disruptive editing"""".  Who the hell do you think you are, ruining my article??? I wrote that article, I am the custodian.  Get a life and a new hobby.  Clearly you seem to be irritating everyone here in wikipedia by the looks of it.  Now get lost and stop harassing my article.""",1,benign
115622,"Categories 

I just started Category:News design. What should be the relationship between this page and category, and those of Page layout and 
:Category:Page layout?",1,benign
47732,I own the copyright to the picture of myself and it is the picture that is on the back of my books and on my websites I do not think I have to give myself permission to upload a picture of myself that I took of myself. I though Dan Fogerty already settled the debate that we can not infringe or steal things from ourselves. When the record company tried to sue him for sounding like his self in CCR I guess this was not made clear enough.,1,benign
37031,Please refrain from inserting editorial comments in the Toronto Star article.  There has been discussion and consensus on the talk page.,1,benign
123308,"There is no difference. The page name SHOULD be Balm of Gilead, but some Islamist apparently moved the page some time ago.",1,benign
99279,It's very messy and time consuming to cleanup,1,benign
91673,"Thanks but I have no time to learn some rules. Specially not because of people like 4meter4. I have no time to compete in rules. Regarding your request. Did hear two songs of Phelps. Haven't hear any falsetto. Can you tell me which song, please?",1,benign
1881,"continued discussion 

Your new edit made it seem like demographic effects were only on early settlers.  We're concerned with demographic effects throughout.",1,benign
113684,"""
FYI, those mean the same thing. """"Has lost their pulse"""" is colloquial language for """"Is in cardiac arrest"""" –  | talk """,1,benign
76432,"I appreciate you removing the attack. However, no matter how much you wish us to believe your accounts are unrelated, it's not in your best interests to keep bringing it up. The Checkuser  is clear, and that account wasn't the only one being used. Your way to eventually getting unblocked is not denial of what has already occurred, but rather showing admins that your behavior in the future will be in line with what's is expected here. That's what you should be focusing on. Make friends, not enemies. They can help you in the future.",1,benign
37986,NBA Pre Draft combine and Olympic Measurements,1,benign
136279,"""

that doesnt mean much, lets say every synagogue serves 100 people that is just 5000 people out of a million Ashkenazim. i dont think there are a lot of sephardic jews there, dont be confused with the term """"oriental jews"""" or arabian jews it is not the same as it is in modern Israel, from which most arabian jews came from. """,1,benign
116307,"""
Why not ask the author -) For the named two TOCs my sources are: title page scan of """"Carried Away"""" and title page scan of """"Alice Munro's Best"""". These scans were found via the Swiss catalogues listed in Karlsruhe Virtual Catalog.   """,1,benign
105885,"I understand that you were obviously trying to do the right thing, but in this case I would have advised against attempting to do the merge yourself solely on the basis of the need for a history merge due to multiple editors contributing to the article. The best way to handle these kind of moves is through the Cut and paste move repair holding pen. I've listed in using the appropriate places, and the admin staff will get to it in due course to make sure it's done properly. The big issue here is about acknowledging contributions in accordance with the GFDL, and there was a big blow-up on this problem played out at WP:BJAODN in the last few months which was fully written up on WP:SIGNPOST. With articles containing only you're own text, a c&p; is fine to do, but where others are involved there contribs need to be acknowledged, so it's best left to the admins to take the appropriate action. Cheers,  (talk)",1,benign
104118,"Fruitella Edit - Not By me, 

Dear GofW, I just saw that I was supposed to have made some changes to the entry for Fruitella. Nope. One reason why I didn't, is because I have no idea what that is, and another is that I am currently banned from editing until sometime in the future. If you look at what is supposed to be my userpage (I say supposed because I have a Blackberry which seems to share an IP with probably 28 million other people), you will see a whole catalogue of entries I am supposed to have edited in a negative fashionn to the extent that I was banned from making further edits. The problem is that I only edited 2 entries - for The Russell Tribunal and Stop The War. I firmly disagree with the reasons given for reverting these 2 edits - both organisations are openly anti-Israeli (and actually quite happy to be portrayed as such). I merely pointed this out. The problem with Wiki is that people who really know nothing of such entities are charged with protecting them, so the result is detrimental.Often in a language which they don't speak very well.  Discuss!",1,benign
80756,"omg 

Welcome back. —Giggy",1,benign
41548,Whatever you left-leaning loon.,1,benign
112867,"BE AN HERO
BE AN HERO
BE AN HERO
BE AN HERO
BE AN HERO
BE AN HERO
BE AN HERO
M I RITE

LAUCHING THE RED BARON

SUICIDE IS YOUR ONLY OPTION
BE AN HERO",1,benign
40952,"Lil Flip the King Of The South? 

as much respect I have for Lil Flip, and as much as I prefer to call him the King Of The South rather than T.I., it doesn't seem very professional to say he deafeted T.I. for the title unless you have a source conferming it, you could prehaps say that he is considered King Of The South by some instead of T.I., but flat out calling him the King isn't right",1,benign
136330,"DDP and 3nis

Even thougth is a gang in the United states in not crime related to DR...The crime they do is outside DR so that means they not part of the crime that goes on in DR...Some of the youth in this gangs are from other nations not only DR. Anyways we should write in the crime section only crimes that involve the NATION OF DR not gangs that impose violence out of DR. 3nis and DDP are nowhere to be found in DR so why have them there! You should put them in the Crime Section of NYC or In the Crime Section of Boston,etc but not in the Dominican Article!
Do you understand what am trying to say?",1,benign
135214,PS Partizan supporters have inferiority complex so there is no real rivalry.,1,benign
112077,""", 3 August 2011 (UTC)
I can accept that. I may not agree with your point of view, what makes an adminsitrator or what you need to become an administrator, but this is an essay and you're allowed to put forward your point of view. It's certainly looking a lot better than it was  · (talk) 08:46""",1,benign
150879,"""

NeoConfederate
My editing noted each example of plagiarism and fallacious logic, yet you revert anyway.  No one is """"blaming"""" the Southern Poverty Law Center, just calling attention to the fact that the SPLC, and its employees, are the only sources cited that presently label persons as neo-Confederate.  If there are others organizations that currently employ the term, please provide details; otherwise, I would appreciate it if the fact was not hidden from public view.  The whole page has already been flagged and not being neutral, please don't make it worse.74.192.7.135  """,1,benign
92617,"Hasbro
This article says that Infogrames owns Hasbro but then it says they sold some things to Hasbro and the Hasbro page doesn't say they are owned by Infogrames. 69.105.172.180",1,benign
14332,"""

While the """"circle notation"""" for benzene is popular in high school teaching, I have never seen a higher-level organic chemistry textbook that uses it, or met a practicing chemist who uses it. The """"Kekule notation"""" seems to be much more popular among chemists. It is overwhelmingly used in all the major chemistry journals I know, whether published by the ACS, the RCS, Elsevier, or Wiley. In my opinion, the reason is that once you go beyond benzene and start to look at heterocycles, polycyclic aromatic molecules, reactive intermediates, and reaction mechanisms, the Kekule notation makes electron counting and """"electron pushing"""" much more straightforward. The circle notation only seems to be common for some organometallic compounds such as ferrocene and some aromatic ions such as the cyclopentadienyl anion and the tropylium cation.   """,1,benign
33967,"""

 Why don't I get a second chance? 

Other blocked users get many warnings and chances but I get blocked after 2 chances. Why?

""",1,benign
83171,"If you persist in your schauwinistismus, you will be banned from editing despite your superior command of English; in case you forgot, there are other editors around. mikka (t)",1,benign
4119,"Request you look at User:Abd/AfD: formula for conflict 

I've written an essay on the AfD problem in an attempt to delineate the issues and possibly to address them. I'd very much appreciate any comment you have time to give. Others who notice this are also welcome to comment and/or edit the essay.",1,benign
99806,My dear friend seems to be crying out for official feedback about the WP:COMMONNAMES policy.  Could we have an official interpretation of whether that policy is limited to Article Names,1,benign
85826,""": I would just add that unless a stub is clearly vanity or garbage, adding a VfD within minutes after the entry is posted is not a very good practice for several reasons.  While schools are inherently controversial here at Wikipedia, I would urge you to apply the same wait-and-see approach across the board. The whole purpose of a stub is to act as an invitation to create an article.  Frequently, it is difficult to tell whether the subject is encyclopedic.  I have seen many good articles start as stubs.  For example, a stub may start as """"John Q. Unknown was an American politician"""" and it may turn out that he was a Territorial governor, U.S. Senator and later president of a well known college.  Unless the subject of a stub is very well known, it is a rare stub that gives enough detail to know immediately whether the subject has the potential to become encylcopedic.
 You may have already seen these, but I would refer you to Wikipedia:Stub and Wikipedia:Deletion policy. The deletion policy states that among the problems which do not require deletion are a stub with potential (which should be expanded) or a minor branch of a subject that doesn't deserve its own article (which should be merged, with a redirect to the new location).  

""",1,benign
24016,"I agree that it's totally biased. I agree that these people are abusing the children, but that kind of sentence would NEVER be put in a real encyclopedia as it's so BLATANTLY biased. Why the hell is this article still protected?64.230.84.232",1,benign
77209,REDIRECT Talk:Grass Roots North Carolina,1,benign
5754,"""

 Please do not vandalize pages, as you did with this edit to Moriah. If you continue to do so, you will be blocked from editing.   (talk) """,1,benign
12766,"""

Please do not remove warnings from your talk page or replace them with offensive content. Blanking your talk page will not remove the warnings from the page history. If you continue to blank your talk page, you will lose your privilege of editing your talk page. Thanks.  ngo """,1,benign
22170,How is this nonsense?  This is all verifiable and true and is a major incident in Brasil.  Please also see the Bus 174 article thank you.,1,benign
112090,"Also, if we were to accept the argument about calling it indecent exposure we would also have to replace the word 'kettled' in an earlier paragraph with a link to the page on Physical Assault as, if the accounts in the referenced Free Hetherington article are to be believed, this is what happened. (Note we shouldn't put such a link in because it is improper to accuse someone of a crime based on incomplete facts)",1,benign
30082,to futher your cause,1,benign
38194,"Youpi !  

Hihihi !",1,benign
59302,"Fortunately, I notice that WP has an article specifically on the subject of the 'Straw-Man argument'.  It illustrates quite well why the essay you referred me to was weak and defective.",1,benign
72421,"aesthetics 
From the 1911 Britanica Encyclopedia:

Greek Speculations
Ancient Greece supolies us with 
the first important contributions to aesthetic theory, 
though these are scarcely, in quality or in quantity, what 
one might nave expected from a people which had so high an 
appreciation of beauty and so strong a bent for philosophic 
speculation.  The first Greek thinker of whose views on the 
subject we really know something is Socrates.  We learn from 
Xenophon's account of him that he regarded the beautiful as 
coincident with the good, and both of them are resolvable 
into the useful.  Every beautiful object is so called because 
it serves came rational end, whether the security or the 
gratification of man.  Socrates appears to have attached 
little importance to the immediate gratification which a 
beauriful object affords to perception and contemplation, 
but to have emphasized rather its power of furthering the 
more necessary ends of life.  The really valuable point in 
his doctrine is the relativity of beauty.  Unlike Plato, 
he recognized no self-beauty (auto to kalon) existing 
absolutely and out of all relation to a percipient mind. 

Plato

Of the views of Plato on the subject, it is hardly less difficult 
to gain a clear conception from the Dialogues, than it is in 
the case of ethical good.  In some of these, various definitions 
of the beautiful are rejected as inadequate by the Platonic 
Socrates.  At the same time we may conclude that Plato's mind 
leaned decidedly to the conception of an absolute beauty, 
which took its place in his scheme of ideas or self-exisiing 
forms.  This true beauty is nothing discoverable as an 
attribute in another thing, for these nre only beautiful things, 
not the beautiful itself.  Love (Eros) produces aspiration 
towards this pure idea.  Elsewhere the soul's intuition of the 
self-beautiful is said to be a reminiscence of its prenatal 
existence.  As to the precise forms in which the idea of beauty 
reveals itself, Plato is not very decided.  His theory of an 
absolute beauty does not easily adjust itself to the notion 
of its contributing merely a variety of sensuous pleasure, 
to which he appears to lean in some dialogues.  He tends 
to identify the self-beautiful with the conceptions of the 
true and the good, and thus there arose the Platonic formula 
kalokagathia. So far as his writings embody the notion of 
any common element in beautiful objects, it is proportion, 
harmony or unity among their parts.  He emphasizes unity in 
its simplest aspect as seen in evenness of line and purity of 
colour.  He recognizes in places the beauty of the mind, and 
seems to think that the highest beauty of proportion is to 
be found in the union of a beautiful mind with a beautiful 
body.  He had but a poor opinion of art, regarding it as a 
trick of imitation (mimesis) which takes us another step 
farther from the luminous sphere of rational intuition into 
the shadowy region of the semblances of sense.  Accordingly, 
in his scheme for an ideal republic, he provided for the most 
inexorable censorship of poets, &c.;, so as to make art as far 
as possible an instrument of moral and political training. 

Aristotle

Aristotle proceeded to a more serious investigation of the 
aesthetic phenomena so as to develop by scientific analysis 
certain principles of beauty and art.  In his treatises on 
poetry and rhetoric he gives us, along with a theory of these 
arts, certain general principles of beauty; and scattered among 
his other writings we find many valuable suggestions on the same 
subject.  He seeks (in the Metaphysics) to distinguish the 
good and the beautiful by saying that the former is always in 
action (`en praxei) whereas the latter may exist in motionless 
things as well (`en akinetois.) At the same time he had 
as a Greek to allow that though essentially different things 
the good might under certain conditions be called beautiful.  
He further distinguished the beautiful from the fit, and in 
a passage of the Politics set beauty above the useful and 
necessary.  He helped to determine another characteristic 
of the beautiful, the absence of all lust or desire in the 
pleasure it bestows.  The universal elements of beauty, 
again, Aristotle finds (in the Metaphysics) to be order 
(taxis), symmetry and definiteness or determinateness (to 
orismenon).  In the Poetics he adds another essential, 
namely, a certain magnitude; it being desir",1,benign
151445,"""
Yes, my cat was subject to attempt to test the buttered cat paradox. ;) A buttered piece of bread should ALWAYS land butter-down when dropped. A cat should ALWAYS land feet down when dropped. If you drop a cat with a piece of buttered toast on it's back, then BOTH butter and feet should be attempting to land at the same time.   TALK CONTRIBS """,1,benign
92604,"""I don't know anyone who has entertained the belief that Bacon had buggered Jonson. As for his servants, that may be a different matter. Bray suspects that it may have been the money Bacon gave them that brought the matter to notice: certainly, homosexual relations between masters and servants were clearly common enough to provoke the satirists. As for the weight allotted to it in the article: this is a classic situation in Wikipedia. Any implication of homosexuality in an historical figure has to be detailed and fully referenced beyond normal expectation, otherwise it is then accused of being an unsupported allegation, with the resulting endless edit war. In addition, the earlier point made on this thread about including it: """"Because a significant amount of modern scholarship is focused on how it affected the development of his ontology"""" is extremely valid. The growth of gay studies departments within universities in recent years, and the flood of research and interpretation, is having a significant impact, and is literally re-writing history. To give a tiny example: the discoveries and interpretations in Crompton's 'Byron and Greek Love' have affected every Byron biography published after 1985. Multiply this a thousand times, and one gets an idea of the tsunami of change. For the homophobic this presents a confronting situation, but it's the reality. 

""",1,benign
124037,"Your knowledge of US history appears to derive from neo-Confederate propaganda. Suggest you read a bit more widely, focusing on recent works by professional historians instead.",1,benign
114603,stop editing the iranian hostage situation with your own point of view. they ARE hostages.,1,benign
121680,"""  =Nichalp (Talk)= 10:15, Jun 3, 2005 (UTC)""",1,benign
120601,Is this thing officially undergoing rapid intensification?,1,benign
112981,"Thanks for the great review!
One-sided, conspirationalism at its best, January 3, 2006  Reviewer: JFW (United Kingdom)- This is a repository of pseudoscientific and usually demonstrably wrong material about a host of topics, including many imporant medical ones. It promulgates views one finds in the pro-UFO magazine Nexus. Everything is a conspiracy, and if it isn't then one can usually be found. Disappointing.",1,benign
46342,"Interesting! Could you perhaps name the excerpt, or give it a date? Are there other non-Latin script characters in the document? The first one seems (?) to be connected to Phoenician Samekh (/s/), the second one is Greek Epsilon (E), and the third I cannot seem to find.Zoupan",1,benign
30937,REDIRECT Talk:I Want to Work for Diddy (season 1),1,benign
95916,"""

Added more good scholarly references to the """"pre-Roman"""" section.

Copied over Taiwan boi's Historicm chart that matches Jerome's analysis to the """"post-Roman"""" section. Will add other references to variations later.

Ike   """,1,benign
11250,"Yeah, I'm upgrading some software packages on that server, so it'll probably be flaky for most of today.  Some stupid security audit website for an e-commerce site I'm working on was complaining that I had PHP 5.2.8 instead of 5.2.9, so I'm just upgrading all the installed packages.  Thanks for the heads-up, I'll go put a site notice up or something so people know what's going on.",1,benign
1889,"Please stop adding an endless series of pointless tags to pages I have edited. Your conduct is now effectively stalking. As soon as the tags are dealt with, you just add other ones. Thanks.",1,benign
139602,"I have kept all of it but it clearly states at the very beginning that andalism is any addition, removal or change of content in a deliberate attempt to compromise the integrity of Wikipedia. That is what you are doing by removing Kathy from her page and refusing to add Pauline. You are compromising the integrity of the Wikipedia page. I have watched EastEnders religiously from the very beginning since I was 9. I even applied to be a writer for the show, a couple of years back. Trust me, I know what I am talking about and you need help. Kathy has been crucial to Lucy Beale's storylines from the very beginning, please watch some old episodes (that is my homework for you). How long have you been watching the sho? 2007? On the other hand, Pauline has been very involved in the affairs of the Beales seeing as she was a surrogate grandmother and the head of the family. Personally, my view is that the family infobox is too narrow and I know that others agree but I am willing to work within consensus. So just stop being stubborn and let the will of the sensible overrule, please.",1,benign
69882,"So, why concern yourself with this entry? Are you paid to patrol reciently edited pages, or do you do it for fun?",1,benign
29191,"""

 Please do not remove all content from pages without explanation, as you did to Floyd Mayweather, Jr.. If you continue to do so, you will be blocked from editing.  Jwesley78 """,1,benign
77669,"University College of Gävle
Hi - thanks for the update on the university page, is less contentious now.",1,benign
101429,"You're at it again, Epeefleche, with your continual deletions here.",1,benign
45569,"{{Quote box
 | quote  = You may also wish to consider using a Wizard to help you create articles. See the Article Wizard.'' | source = Thank you.
 | width  = 20%
 | align  = right
}}
A tag has been placed on Asian ship brokers, requesting that it be speedily deleted from Wikipedia. This has been done under the criteria for speedy deletion, because the article seems to be unambiguous advertising that only promotes a company, product, group, service or person and would need to be fundamentally rewritten in order to become an encyclopedia article. Please read the general criteria for speedy deletion, particularly item 11, as well as the guidelines on spam. 

If you can indicate why the subject of this article is not blatant advertising, you may contest the tagging. To do this, please add  on the top of Asian ship brokers and leave a note on the article's talk page''' explaining your position. Please do not remove the speedy deletion tag yourself, but don't hesitate to add information to the article that would help make it encyclopedic, as well as adding any citations from independent reliable sources to ensure that the article will be verifiable. Feel free to leave a note on my talk page if you have any questions about this.|",1,benign
149702,"I have looked at the map, and my personal estimate is in line with what the rebel commander said today that they control the southern and eastern arc of the city. And it is also in line with SOHR reports of where the fighting has eben going on. Look at the map . The rebels control Salahadin, Sikari, Saif al-Dawla, Fardous, Jamiliya, Qadi Askar, Sakhur, Hananu and Haidariya (south and east). Fighting is ongoing in the central part of the city in the Old City and Maysaloun. And the tanks have massed in New Aleppo and Hamdaniya (west). The northern part of the city hasn't been touched.",1,benign
90095,"OK, I sent email to SlimVirgin 2 days ago.  I haven't heard anything.  Now what?",1,benign
69808,Please don't touch the GILDED GENERATION anymore.  The MERGE was voted on unanimously.  Please make your contributions on the Generations (book) page.,1,benign
20077,"Most of your edits in Antisemitism have been reverted by Roscelese 

Roscelese reverted your edits on Antisemitism. He or she (not sure who she/he started as) is a radical militant left wing extremist who constantly pushes that extreme agenda on wiki. She has many cohorts and they are easy to spot by their edits on similar subjects of similar natures. The neutrality of Wikipedia is only a far fetched dream as it consistently leans far left. Editors on the government dime who spend their lives constantly on wiki promoting their radical agendas have hijacked any notion of neutrality. She does all kinds gaming the system and even outright violations but because they are leftist nothing serious is done to Roscelese or others in that camp. Wiki is done as a neutral agenda encyclopedia. The word is being spread like wildfire. In a few years wikis relevance will be negligible because of editors like Roscelese.",1,benign
46500,"Schools 

There is no chance in hell residents of Deal are sedning their children to school in Asbury Park.  Can we get the names of some private [probably Jewish] schools students attend after 8th grade?",1,benign
116964,"I was thinking 7:00 - 9:25 (wikipedian time). As I am in computer classes during that tmeframe, respectively, and can keep up on vandalism more. Certainly not the whole day, however, because multiple school IP's vandlaism would be comming in from all sides. -|Talk",1,benign
100298,"""
Like is the block on me going to stay or can it be removed from myself and my record, especially if it's misplaced?  TALK! """,1,benign
82558,"Van Morrison article 

Thanks for your note and glad you liked the entry.  This unofficial website van the man info  is invaluable if looking for information on Morrison.  It was offline for a while so I took all the dead links out and now have started to restore.  It isn't always easy to link directly to the glossary entry, etc. as it will redirect to the home page if the link is not exactly as it should be.  Would also like to  say that you made a valuable contribution to the article with your wording revisions.  There's lots of other Van related articles that probably need some writing style help. (hint, hint)  Thanks,",1,benign
64627,"Hi there, I noticed that you deleted an entire referenced article on The Cosmos Rocks. Next time, it would be prudent if you just altered the text in question, rather than deleting an entire article which has references. Thanks! (  )",1,benign
139417,"Skag River Queen has blatantly violated the 3RR. There was not yet a consensus. I asked to have the article protected.
Main article: Wikipedia:Biographies of living persons
'When writing about controversies in the lead of the biography of a living person, notable material should neither be suppressed nor allowed to overwhelm' The blockquotes *do* overwhelm the article.SRQ made a unilateral decision to change TWO quotes instead of the one under discussion.  BRB",1,benign
22545,"That would be okay by me.   18:57, 23 Feb 2004 (UTC)",1,benign
66710,"New Testament Pauline Criticism is Extraneous 

In the New Testament section the arguments about who wrote or didn't write the Pauline epistles are irrelevant to this article, which is about Christianity's historic and modern positions on slavery. 

The Pauline Epistles were universally accepted as canonical by the Church by the end of the fourth century. (See Biblical canon for history.)  Furthermore, there are no citations given of church fathers who argued against the authorship of any of the Pauline Epistles or against theirs statements regarding slavery.

I am modifying this paragraph to reflect what the accepted Bible of church history says about slavery, while removing the questions about authorship. This change is not a judgment on the legitimacy of such questions.69.19.14.35",1,benign
69202,"Kicked out? 
The article used for the citation that Omarion was fired for the song leak seems to be a misinterpretation of a Twitter post, hardly a legitimate source. Omarion himself has stated in interviews that he left of his own free will to have more control over his career.",1,benign
73538,"""

  You have been  blocked from editing for a period of 1 week (AO) for vandalizing Wikipedia. If you wish to make useful contributions, you are welcome to come back after the block expires. (talk)   """,1,benign
289,I'm focussing on doing science at the moment (leading the revolution!).,1,benign
89088,"""=== Abiogenesis edits ===

Hi Mbreht, and welcome to wikipedia!

Thanks for your contribution to the abiogenesis article.  You obviously spent a fair amount of time on that and I appreciate the effort.  However, I don't think it was up to the quality of the rest of the article, so I've reverted the """"Life in Water"""" section.  I'd like to discuss this on the talk page of the article.  I think some of the reference you dug up may be better used elsewhere in the article and I'm happy to work with you to figure out how to integrate them.  

Best,

(talk) """,1,benign
152679,"""

 Please do not vandalize pages, as you did with this edit to Fish finger. If you continue to do so, you will be blocked from editing.  ◥ """,1,benign
4462,"""
Yes yes and yes! I don't know the songs directly by name, but if it were to play, I know I'd dance my ass off cause songs like those are classics!!! D I was at a dragqueen bar this weekend, and """"Countdown"""" came on, and me and my friend got up and danced all over the place! Hahahahahahaaa!!! I might be a white-boy, but i sure as hell don't dance like one! ;D  STACK STACK STACK """,1,benign
94297,"December 2009 
 Please stop. If you continue to blank out or delete portions of page content, templates or other materials from Wikipedia, as you did to Avatar, you will be blocked from editing.  I assume that you are the editor previously using IP , and have been warned for the vandalism before",1,benign
124588,"""The term """"freeskiing"""" has been abandoned by the snow sports community that is being explained here. It has since been split into two disciplines, New school skiing and Backcountry skiing or Big Mountain Skiing. The term """"freeskiing"""" is now used exclusivley by the FIS to describe its aerials, moguls, and offpiste skiing. The main difference is the rules. The FIS has a governing body which limits the number of spins and flips in aerials and mogul comps, while new school has no governing body or rules regarding what tricks can/cannot be attempted. """,1,benign
123493,"""

Notability of Survival boys
 A tag has been placed on Survival boys requesting that it be speedily deleted from Wikipedia. This has been done because the article appears to be about a person, group of people, band, club, company, or web content, but it does not indicate how or why the subject is notable: that is, why an article about that subject should be included in an encyclopedia. Under the criteria for speedy deletion, articles that do not indicate the subject's importance or significance may be deleted at any time. Please see the guidelines for what is generally accepted as notable. If this is the first page that you have created, then you should read the guide to writing your first article.

If you think that you can assert the notability of the subject, you may contest the deletion by adding  to the top of the page (just below the existing speedy deletion or """"db"""" tag), coupled with adding a note on the article's talk page explaining your position, but be aware that once tagged for speedy deletion, if the article meets the criterion it may be deleted without delay. Please do not remove the speedy deletion tag yourself, but don't hesitate to add information to the article that would confirm the subject's notability under Wikipedia guidelines.

For guidelines on specific types of articles, you may want to check out our criteria for biographies, for web sites, for bands, or for companies. Feel free to leave a note on my talk page if you have any questions about this.  Blanchardb-•MyEars•MyMouth-timed """,1,benign
23094,Saying Serbs made two thirds of the population before the Balkan wars is irrational and do not correspondent at all with different statistical data from that time. Even Serbian historians say Albanians had majority many centuries before these wars. I still believe and will continue to so: Saying hundred thousands were killed and hundred thousands fled is propaganda. I hope Serbs are not saying something like this to justify the crimes and ethnic cleansing committed by them in the 90s.,1,benign
104310,"""
Please see my comments on CBW's and Skeezix's support votes on the Comox people/Comox RM, and also the last section on Wikipedia talk:Naming conventions (ethnicities and tribes) re """"the old consensus""""...and the way things used to be in Wikipedia.  Also see comments I've made on Wikipedia:Wikilawyering.  """,1,benign
142349,"""

 Assad abuses 

Reviving the previous discussion where it was agreed that this was biased and needed removing: """"Inspections and probes in Syria by the UN and Amnesty International determined in 2012, 2013, and 2014 that the vast majority of abuses, as well as the largest in scale, were being committed by the Syrian government.""""
This is very strong anti-Assad language to have in the beginning paragraphs of the article. I think the previous sentence is plenty to sum up the UN's position """"A United Nations panel investigating human rights abuses in Syria has asked the United Nations Security Council and influential states to refer Syria to the International Criminal Court."""".   """,1,benign
158962,"Well, the only edit I did there was to fix a link to a new article I split off, so not sure i can be of much help.",1,benign
28424,"""

 Hi Someguy1221, yes there is - I looked on google for the Russian """"Tunguska"""" Air Defence System by searching """"Tunguska"""" and it brought me to the Tunguska event from which no link could be found to Tunguska. therefore I decided to include that link at the top of the page and took as example London & London (disambiguation). The result does not really satisfy me as the first line is a short non descriptive """"For other uses, see Tunguska."""" and so I was set to read through Wikipedia:Disambiguation today and try to fix that - but if you could help me, I would appreciate that very much. the aim of the whole operation would be to have the template {{otheruses|}} at the start of the Tunguska event article saying: """"This article is about the 1908 impact event in Siberia. For other uses, see Tunguska."""" thanks,   """,1,benign
80193,"""

Hi RamonaKole, and Please excuse this intrusion as you have been around a bit already but if no one has said it before: Welcome to Wikipedia! 
Welcome to Wikipedia! I hope you enjoy the encyclopedia and want to stay. As a first step, you may wish to read the Introduction.
  
If you have any questions, feel free to ask me at my talk page — I'm happy to help. Or, you can ask your question at the New contributors' help page.

  
Here are some more resources to help you as you explore and contribute to the world's largest encyclopedia...
 
 Finding your way around: 
 

 Table of Contents

 Department directory

 Need help? 

 Questions — a guide on where to ask questions.
 Cheatsheet — quick reference on Wikipedia's mark-up codes.

 Wikipedia's 5 pillars — an overview of Wikipedia's foundations
 The Simplified Ruleset — a summary of Wikipedia's most important rules.

 How you can help: 

 Contributing to Wikipedia — a guide on how you can help.

 Community Portal — Wikipedia's hub of activity.

 Additional tips...  

 Please sign your messages on talk pages with four tildes (~~~~). This will automatically insert your """"signature"""" (your username and a date stamp). The  button, on the tool bar above Wikipedia's text editing window, also does this. 

 If you would like to play around with your new Wiki skills the Sandbox is for you. 

 Good luck, and have fun. FWIW,   .""",1,benign
14515,"""

 December 2007 
 Please stop. If you continue to vandalize Wikipedia, as you did to Heaven, you will be blocked from editing.  —\ talk / """,1,benign
100637,"""

 MD-80s like family car 

An article today about American Airlines starting to retire its MD-80s says """"The MD-80s are the equivalent of the old dependable family car: It's not flashy or the most economical to operate, but it always runs, company executives say.""""  Interesting description. ) -  """,1,benign
97851,", you did not reference the third para. Also you added references to a tumblr blog and a pixar wikia. Both of these are not allowed. They do not come under any type of sources and are not considered reliable at all. This is because they are user edited (like wikipipedia, but with references not compulsory), so wikipedia is better than them and yet even referencing wikipedia is not allowed. I am sorry but you'd have to find better sources. I'm sure a little research will lead you to some, since there must be a site from where these users of these two sites got this information.",1,benign
147464,"moto
hello moto
hello moto
hello moto
hello moto",1,benign
76033,"Help

I am not abusing the helpme template, i am using it correctly so i can get answers to my questions. Even if i was abusing it, it would be no different to how you abused my rights as a wikipedian by blocking me.",1,benign
30724,I think you are misunderstanding what was said. I can't speak for why other editors where adding the link but I believe most editors including myself were not putting it there as a thank you but as an acknowledgment that the site has additional information relating to the individual. With that said I still believe that to not allow the site to be used for specfic information is a major mistake as it will make it difficult to find information on certain Notable biographical articles which will thereby extend a disservice to our readers.,1,benign
2783,"Question 

Hello Latics, I noticed that you revert vandalism occasionally. Would you like me to grant your account rollback rights to make vandal-fighting easier for you? Just remember that rollback, like Twinkle, should only be used to revert vandalism, and that misuse of the tool can lead to its removal. Tell me what you think. Thanks.",1,benign
109847,"May 2010 
 Please stop adding unreferenced controversial biographical content to articles or any other Wikipedia page, as you did at Omar Dyer. Content of this nature could be regarded as defamatory and is in violation of Wikipedia policy. If you continue, you may be blocked from editing Wikipedia.    
If this is a shared IP address, and you didn't make any unconstructive edits, consider creating an account for yourself so you can avoid further irrelevant warnings.",1,benign
58541,"""

Speedy deletion of Stupid rupert
 Please do not make personal attacks. Wikipedia has a strict policy against personal attacks. Attack pages and images are not tolerated by Wikipedia and are speedily deleted. Users who continue to create or repost such pages and images in violation of our biographies of living persons policy will be blocked from editing Wikipedia. Thank you. 

If you think that this notice was placed here in error, you may contest the deletion by adding  to the top of the article (just below the existing speedy deletion or """"db"""" tag), coupled with adding a note on the article's talk page explaining your position, but be aware that once tagged for speedy deletion, if the article meets the criterion it may be deleted without delay. Please do not remove the speedy deletion tag yourself, but don't hesitate to add information to the article that would would render it more in conformance with Wikipedia's policies and guidelines. ©  [ talk | contribs ]  """,1,benign
26258,. This might be a clue to tone it down,1,benign
37404,Did you forget this and the probation you were put on against making such blocks?,1,benign
132482,"Thankyou, could you please email the correspondence to me, Special:Emailuser/Comaze. Is there any way to confirm or deny Bateson's involvement in Bandler's MA? Bateson wrote the foreword for Magic I, signed, 'Gregory Bateson, Kresge College, UCSC'.",1,benign
105086,martyn lowery. Author or OUR LOVE NOW. Dates unknown. Birthplace and background info unknown.,1,benign
154460,I've been tempted to work on Saurpoda to FA. Do you think its doable?,1,benign
102302,"""

 Non-feminist directors mentioned... why? 

Why is it that Kathyrine Bigelow and Catherine Hardwicke are mentioned as examples of """"women's cinema"""" directors? In the article on Male Gaze """"Twilight"""" is represented as a modern example of objectifying material, and Bigelow directed """"Point Break"""" which has us in the seat gazing at Lori Petty. 

Hardly feminist, is all.

  """,1,benign
53689,"Re: Template:Islam and China 

Hi there!

Don't worry, I will help you because as I can see that you was right and I totally support it. Have a nice day. Bye.",1,benign
84437,"hannah montana has been the first president in the united states they say dat miley cyrus is only 16 (WRONG) she's not she 182 she still looks young because she had plastic surgery on  but really folks dere is nothing more than miley cyrus love for her people and i say miley cyrus is 1 freaky skank! lol too much boobs are showing,anywayz please please belive dis message it is a approved by teachers all over there world.",1,benign
126702,Yes there is; several. He first appears in the Escape to Australia section and then appears sporadically thereafter.,1,benign
107434,"""
Pot stirring? well   you and the militant and trouble making wimmin of this project are the ones to recognize that. I applaud you. Why not block me too Coffee? You can really get your name in lights then.    (talk) """,1,benign
55727,"I heard of them, and looked to add them to the List of fictional supercouples, but no valid reference refers to them as a supercouple.",1,benign
104046,"Peoples personal opinions, sourced or not, famous or not, are irrelevant to the subject.",1,benign
101458,"""Tea Party Movement ==

I've been reading over the merge discussion, etc., and I can't figure out where are we at this point?  Separate articles? Daughter articles?  It's getting very confusing.  Thanks. Malke2010 

== """,1,benign
59714,"""

 The reason is privacy concerns 

Liz, the admonished administrator Kww has been deleting my communication to you on your own talkpage if you haven't noticed. I will not repost it once you tell me it is unwelcome, not him. Again, I saw where you said about me that you """"don't understand the reluctance to be forthcoming about alternate accounts."""" Excuse me if there's a note of frustration in my tone, but *I explained this* in my very first post, and at multiple points in the RFC/U. Once more: I don't have """"alternate accounts."""" I am a single account user with a single prior account that I abandoned for privacy concerns. I hope you will consider going back  and changing your viewpoint. This is Colton Cosmic.""",1,benign
115810,"Also, I have not vandalized any pages! And when I reinstated that page after you sent a message after deleting it, I had not read your message yet!",1,benign
19605,"to confusing with to much text, these so called explainations make this list less organized.",1,benign
149510,"By not responding to the survey, and providing cryptic explanations for why your userpage says you attend UCSD, it is both implied and reasonably inferred that your knowledge of UCR is limited - the assumption I made (and I stated it as an assumption) was perfectly in order.  With your most recent response, it is clear that you have some knowledge of the campus, itself, and I will assume that this is a response to Question #2 above.  Keep in mind that if you had just stated what you just did, it would have saved at least 3-4 paragraphs of nonsense discussion in this TALK page.  Your unwillingness to show at least an element of good faith is not looked upon favorably in my eyes, especially since Amerique and Danny were good enough to cooperate.",1,benign
69407,"I'm still trying to get the hang of how everything works behind the scenes here, since I find this whole incident such an utter waste of time and energy and want to make sure that I don't get involved in anything like it again. I visited your user page and looked at two or three articles (one of the others being staff clerk). Seems that I struck lucky, if you can call it that.",1,benign
71945,"February 2007 (UTC)

Armenians got encourge with Russia and France, These countries came and help them. Armenian gangs mostly  were foreign and encouraged the local Armenians. It became a civil war. Armenians and Turkish groups were attacking each other. If you were the decision maker, how would you stop this? Answer is reallocation. The only solution was reallocation. I am not saying old woman and childeren were supposed to immigrate but you can not know who supports Armenians gangs, right?...  'disorganized revenge killings' happened at both side. Ottoman was not strong enough to organize these kind of reallocation.. In fact they were very poor and they had some Armenian causalities during this migration. 19:02, 14",1,benign
24656,"""

 Thanks For Nothing 

  Block An Editor For Discarding old information. """"TANKS"""" FOR NOTHING! I FINALLY GOT UNBLOCKED, NO """"TANKS"""" FROM YOU! I HOPE YOU FORGET YOUR PASSWORD   """,1,benign
16201,"Sorry if I wasn't clear; I can find a list of admins easily enough, but I was wondering if you knew any personally that you could refer me to. My class is TC458 if you would like to ask Dr. Obar if it is okay. Our preliminary research for our assignment includes finding people to talk to, and I was only wondering if you might know any admins, whom with I could contact. It is a bit awkward to barge into a random admin's talk page with massive questions, and I just thought you might perhaps know an admin where doing so wouldn't be so intrusive (most are rather busy I assume). If not, no pressure, I can always resort to the awkward method ;)",1,benign
18352,"Hey Nick, I'm James and I believe I am also a chill guy, so we have something in common!  I can't wait until I see you in class tomorrow.",1,benign
2351,"""

never mind, i saw the name calling section where you posted this same incident in a link. but it still is disturbing on how Arilang1234's current apology is worded in exactly the same way as his previous """"apology"""".  """,1,benign
28115,"""

  Bad Girls Club (season 12)‎ 

Hello. I was just about to revoke the warning that I gave you because I did saw why you removed the content that you did. Next time, please use the edit summary to describe the changes you have made so this does not occur again. Thank you, and happy editing. – •  """,1,benign
72013,"""

Remove
Removing some wiki links from """"External Links"""" section (These links are irrelevant to post-disco): a Hi-NRG link and Italo Disco link. In fact, Post-disco influenced italo-disco in beginnings, but italo-disco is other class music. Taking it all, Italo-disco link you can find in infobox, in """"Derivative forms"""" segment.   

 Dance-rock redirection 

I change the dance-rock redirection, from dance music to  [[Post-disco#Dance-Rock]] . From actual-point-of-view , Dance-Rock can not have its own article, because of its sources. Dance-Rock's only source is All Music Guide, so there can be a WP:V problem. Anyway, Google finds """"nothing"""" (only just irrelevant pages), except.. yes AMG and Last.fm. However, some remarking have page of Billboard magazine from 2004.

I also created Dance-Rock redirect.   

AllMusic source
This article is one of a number of music genre articles that were created solely using AllMusic as a source, and for which few other sources seemed to be available. I'd rather have just deleted it, but decided instead to trim and rephrase it so that it was perfectly clear that elevating the term """"post-disco"""" to genre status was apparently an attempt to fill a gap in AllMusic's taxonomy of genres, and that it was the creation of a now-uncredited individual author who was paid to write it. Also I wanted to show the author never really defined it as a musical style; it wasn't ever established how it was related to disco on one end and house music on the other.

Recently the article has been expanded to cite other mentions of """"post-disco"""". I'm fine with that, but I'm not convinced every use of the term was really intended to be interpreted as a genre name. I'm just afraid this article is doing the exact same thing the AllMusic blurb did: trying too hard to give traction to a name for something that really didn't have a name, or that perhaps was only called """"boogie"""". I feel like I'd rather see a section of the Boogie article devoted to the dance music genre than to continue down the road of searching for vague references to dance music in the post-disco era as evidence of an accepted genre name. —  
My opinion is that post-disco is also genre (""""boogie""""), but also a movement, but that's WP:POV. I don't know.. I mean I don't understand what's really """"post-disco"""" (after disco era / boogie genre ?) means at all. If it is """"era"""" so all tracks to present is """"post-disco"""", but if it is a genre... (unsourced; only AMG and some kind of sites like """" danceclassics.net"""" etc).   

 OR & source misrepresentation in lead: analysis 

None of the cited sources other than Allmusic suggest that """"post-disco"""" is a genre. Many of the citations are also WP:SPS.

The term post-disco (or simply boogie) has multiple meanings. Citation does not support the assertion that """"post-disco"""" has multiple meanings or that it is a term interchangeable with Boogie

Sometime after 1990,AMG was founded in 1991 —  an Allmusic editorial contributor used """"post-disco"""" in an attempt to isolate a dance music genre in the era between the indistinct """"end"""" of disco music and the equally indistinct emergence of house music. Proposition unsupported by a third party verifiable source, this is editorial analysis therefore WP:OR

""""Post-disco"""" was used in 1984 by Cadence Magazine when defining post-disco soul as '",1,benign
92254,"""

 Joshua Claxton 

The article you created at Joshua ClaxtonJoshua Claxton was listed for deletion as An article about a real person that does not assert the importance or significance of its subject, criterion 7 in the criteria for speedy deletion, Articles section. Since it appears to be about you I've moved it to your user space instead, which was probably what you intended in the first place (a common mistake among newcomers!).  

If you really did mean to create an article about yourself please be aware that this is often considered a bad idea, even if you do meet the guidelines for inclusion of biographies.  

I know Wikipedia can be confusing for new editors, so you are welcome to ask for help at the help desk or on my talk page. Just zis Guy you know? """,1,benign
29000,"""



""""Drmies thinks """"four different spellings"""" (birth and stage names, in Hangul and romanization) is too much, and he thinks birth dates are irrelevant and unreliably sourced because you can't trust the entertainment companies (the source of this information). There isn't a single place on Wikipedia where such lists have anything but name and instrument. At best you find a range of dates for when they were in a band. You never find birthdates..."""" 

So basically you guys want every to comply to your standards? Yet again, I see many of you comparing Kpop to Western pop groups. Wikipedia is a free editing space for everyone. If fans want to include birth dates and positions and such then so be it. It should not be up to a circle group of users to decide what and what does not go.

""""he thinks birth dates are irrelevant and unreliably sourced because you can't trust the entertainment companies (the source of this information)""""

Give me an example. I have never seen such a thing. Only weights and height are infamously unreliable in kpop.

Not every member of a specific group is notable enough to have their own page. Therefore basic things such as birthdates, hangeul, romanization, and basic group positions should be listed in a table.   """,1,benign
150680,", 13 November 2014 (UTC)
It was explained very clearly by (Dominus Vobisdu) in the comment directly below this one, and in further comments to this section. Read it, and stop being disruptive please. Thanks. - (resonate) 20:52",1,benign
69076,"lol no I meant its a shame its not in common. I have a lot of gay friends so you don't need to worry that I am against gays:)

In terms of the AFC article I can promise I wont repeat myself but if I have an advancing argument or need to respond to someone who is clearly wrong then I will do so but in a polite manner only. How about I ask you before I post something to it and if you agree I will? The problem with this though is that I am up at stupid hours and so you won't be up.

Ok I'll look for a mentor - can you be a mentor since I don't know anyone else on Wikipedia lol?

Here is my apology to the users: I apologize for seeming rude earlier. Sometimes frustration gets the better of me and I shouldn't of made those ad hominem remarks. They certainly won't happen again. Have a great day!

ThanksCraddock1",1,benign
11273,"""

I thought, here: """"Just to be clear, I was talking about your coming to Bug's page to ask him to comment on an issue you said you were going to disengage from. –xenotalk """" was a warning for Dave1185!

Dave: """"Thus, he is the Great Pretender... copycat-ing, harassing, stalking me and such."""" Dave is insulting and harassing me!

""""trollish and harassing remarks"""": A wording used by Dave himself. I just repeated it. 
""""Lying about the chronology of edits, too. I want him to STOP HARASSMENT!"""" Thats all true and appropriate.   """,1,benign
140095,"""

 Precious again 

tuning
Thank you for quality articles on tuning and mathematicians, even fictitious ones, for tuned comments to well-wishers, and for striving for serenity when you are """"right but others are not ready to listen"""", - you are an !

  
A year ago, you were the 220th recipient of my PumpkinSky Prize, repeated in br'erly style. Stay tuned   """,1,benign
12818,The change that you opposed was already discussed on the Ayn Rand talk page and a consensus was reached.  Any edits that you want to make should be dicussed there.,1,benign
85247,REDIRECT Talk:The Transition (EP),1,benign
92359,"hey im cattygirl, i know that you are John. where do you live sweety? i think i like you",1,benign
73512,"I've found a list of players in yesterday's newspapers and posted it in the article. There are a handful of names that look like Serbian, so it looks like things are improving.  14:23, 20 Mar 2005 (UTC)",1,benign
71139,"Acaia 

Thank you for nominating my typo for speedy deletion. It's nic to know that mistakes I miss do get fixed!",1,benign
45405,"""As for  the notability of Yamal, Phil Jones (among others) thinks it is important  and it does supply a """"hockey stick"""" recon, eh? Albeit a heavily-criticized one. One has to wonder why there is no mention at all here - or at Climategate, last I looked """,1,benign
34734,"To the contrary, if you read my intent.  However, there is still the matter of the graph made from census bureau data sourced from healthsentinel with permission that expands the existing graph from the CDC.  Also, there is the matter of the peer reviewed, academic journal article from Sage Publications by Dr. Miller showing the correlation of infant mortality rates and vaccination schedules.  I would like to include this since this page is about the controversy and not the vaccines themselves.  This article explains the want of people for further testing on the safety of so many vaccines in a short period of time.",1,benign
153558,"In India
It is an Multidisciplinary Course that comprises Aspects of Applied Biology as well as Technology.
The Duration of this Course is 4 years divided into 8 Semesters.As it is an professional degree course,After Graduation in these course, the students generelly called Agricultural Biotechnologists.
in India college offering these course are very few( except some Agricultural University Offering that course)
These course is came under credit base system,student have to complete 160 Credits in 4 year including non credit courses like English and Mathematics.
it comprises subjects like Biochemistry,Genetics,Recombinant DNA Technology (Genetic Engineering), Enzymology,Molecular cell Biology,Immunology,Virology,Computer application in biotechnology, Bioinformatics, Industrial Microbiology,Plant Tissue Culture,Food Biotechnology and Biostatistics ,plant pathology and many more
It uses the application of Biotechnology in Agriculture to improve the production of crops.it gives a improve variety of cotton called BT(Bacillus Thuringiensis) Cotton and other improved varieties.
Also it is an application of safe storage of food and Processing on food with the help of food biotechnology.
In virology there is a study of viruses that affect the crop.
Immunology concerns with to study human immune system.
In Recombinant DNA Technology or Genetic Engineering there is study about how extract DNA from plant.
Biochemistry includes study of Bimolecules.
Biostatistics (or biometry) is the application of statistics to a wide range in biology. 
Bioinformatics covers the computer application in biotechnology
After successful completetion of degree student able to go to higher education Like 
In Management field
MBA(Biotechnology) 
PGDM (ABM) Agri Buisness management

Technical field
M.Tech (Biotechnology)
M.Tech(Genetic Engineering)
M.Tech(Agricultural Biotechnology)
Medical Field
Masteters In Medical Biotechnology
at AIIMS
The scope of these field is wide.",1,benign
7798,"Much too positive 

Surely, given the ponzi scheme nature of this, there has to be criticism of this type of thing. Especially given the fact that it could be very easy to trick old people into giving up their house which should have been given to the heirs. Very deceptive, indeed!",1,benign
150736,"The threat is often worse than reality. As Trade Union negotiator, I raised the wages of section I represented to the highest within the company for that particular type of work, across all the UK sites. I never had more than 25% of the section members that I could rely on to take action, but those 25% were vocal, and the other 75% had the good sense to keep quiet.",1,benign
98816,"""
I'll have to take a closer look at the current version of the article, because I have an uneasy feeling that the answer actually is found in one of the subsidiary articles, such as Lydian mode. The short answer is that the connection between the Greek harmoniai and the medieval modes is more tenuous than you appear to believe, and the connection between medieval and modern modes is fairly straightforward. The """"modern system"""" is actually that of Common Practice Tonality, and """"modal"""" usage within that context begins to establish itself as a separate idea during the 18th century. The chief difference from medieval practice is a more rigid adherence to the diatonic notes of the scale. For example, in the medieval system, there is no practical difference between the Lydian scale and what we call the major scale, or between the Dorian and what we call the minor scale. In order to differentiate """"modal flavor"""" from the chromatic flexibility of the upper half of the minor scale, for example, it became necessary to insist on always using the minor-seventh scale degree, especially in ascent to the tonic, and the sixth degree had to be always major to identify Dorian, and always minor to identify Aeolian. No such practice existed up to the 16th century, and indeed it was only with Glareanus in the mid-16th century that a theoretical difference was made between Dorian and Aeolian on the one hand, and Lydian and Ionian on the other. I shall see what I can do to clear this up (using reliable sources, of course).—  """,1,benign
136437,I too could claim that you are Ghrila's sock puppet and so is Grafkm_fr and Kuban Kazak since you are all non-NPOV pushing Russophiles.,1,benign
41901,"The one-off characters, as they like to call them, are considered padding in Wikipedia, (trnslt: fancruft), and are usually therefore not considered worth noting. Family Guy has a wikia, though. Any information you want to give on the one-offs, just go there and see if it's not been already added, and if it isn't, then put it in. Just don't here.",1,benign
70751,"""
I checked my page, here - link, it shows that perhaps the indefinite thing is not present and clearly states """"This sanction will expire on March 1, 2012 at 00.00UTC."""". Please avoid making personal assumptions before clarity when state that """"topic ban, which at present is indefinite"""". This is why I am confused when you pointed out about indefinite topic ban and also put a message on the admin talk page when there is no indefinite ban. Now I am even more confused.इति इतिUAनॆति नॆति   Humour Thisthat2011 """,1,benign
153840,"Happy anniversary, Frickative. Hope you arrive in time to see it, or to start your next five years in fine style. ;-)",1,benign
64475,"Ah yes, the Lex Luthor-esque headquarters. I think, per Template:PD-Italy, if you can show original publication in Italy from 1975 or before (20 years before the URAA) this would certainly be PD. If the original publication was elsewhere it's a bit dicier. —",1,benign
44960,"your time....

You suck because you are RIGHT...it is the third.....and I don't remember yours....STILL...LOL...I wanna say its in October....but something tells me it isn't...",1,benign
15306,"In any case, this edit war will last forever.  You want to go tit-for-tat?  I can play just as long.  But, I will never have sullied my reputation by reverting your falsehoods.  I'll perhaps, encourage those you abuse and vilify here to not touch the article when it comes down to it.  Let you do all the movement and us all the criticism.  You are into domination?  Comes with the territory, huh?  You've said vicious things about several people, so you're not innocent.  I'm simply calling you out on it.  24.255.11.149",1,benign
134067,"""

 2008 BATTLE of KODORI 

Abkhaz separatists strike disputed Georgia gorge

Posted 11 hours 29 minutes ago

Abkhazia has said it has launched an operation to drive Georgia out of a disputed gorge, possibly opening a """"second front"""" in Tbilisi's battle to retain fractious breakaway regions.

The separatist foreign minister Sergei Shamba said Abkhazian artillery and warplanes struck Georgian forces in Kodori, a narrow gorge which cuts deep into the Abkhazian territory and is an ideal route for any invasion in the region.

The attack came less than 48 hours after Georgia sent troops to retake the breakaway province of South Ossetia, triggering an invasion of Russian forces dispatched to restore the status quo.

""""Abkhazian forces, in response to the Georgian aggression against South Ossetia, have started a military operation the Kodori gorge to clear it from illegal Georgian troops,"""" Mr Shamba told Reuters.

Mr Shamba said at midday (local time) Abkhaz warplanes launched airstrikes at the Tbilisi-controlled upper part of the Gorge and artillery was pounding the area.

""""Today was only the initial part of the operation by heavy artillery supported by aviation,"""" Mr Shamba said.

Georgians denied an all-out Abkhaz attack and said they were ready to face down any aggression.""",1,benign
117939,I think I made my point.,1,benign
63424,what the heck?  I'm editing constructively and would appreciate if you did not undo my work.,1,benign
44004,"""

WRT """"innocent""""  this is not a """"verified fact"""".  
 Does the Chinese government agree they are """"innocent""""?  No.
 The DoJ appealed Urbina's ruling on Razakah's habeas.  Did they think he is """"innocent""""?
 Urbina wasn't ruling on Razakah's """"innocence"""".  None of the habeas rulings were on whether the captives were """"innocent"""" of a crime.  None of the Uyghurs were charged with a crime.  All of the habeas rulings were on whether the """"preponderance of the evidence"""" supported the Executive Branch claim that it was justified to hold them because the were enemies of the USA, or had supported al Qaeda.

The first Uyghur to get a ruling was Huzaifa Parhat.  His 2008-06-20 ruling was in the only DTA appeal to run to conclusion.  The Executive Branch considered appealing that ruling.  The Executive Branch had a schedule of when it had to file factual returns in the Uyghurs' habeas cases.  The Uyghur's factual returns were due in October.  In those factual returns they would have been obliged to lay out valid evidence to justify the Uyghur's detention.  It is important to quote our sources accurately.  The DoJ did not acknowledge that the Uyghurs were """"innocent"""".  The DoJ did not acknowledge that the Uyghurs were not, after all, """"enemy combatants"""".  The DoJ simply said that they were changing their plans, and would not put forward arguments that the Uyghurs were """"enemy combatants"""".  Some commentators went on record as interpreting this change of plans not as an acknowledgment that the Uyghurs weren't enemies, but merely as a strategic decision that the value of establishing that the Uyghurs were enemy combatants was insufficient to justify making classified sources public.

Personally, I agree, that the Uyghurs were wrongfully imprisoned.  But I understand that personal opinions like that don't belong in article space.  The wikipedia is not supposed to be used for advocacy.  We shouldn't rewrite history to improperly imply the Uyghur's """"innocence"""" has been an established fact.
As I have explained to you before, if you find Urbina's ruling, and he used that phrase, you can include the phrase in the article  properly attributed to Urbina.
If an WP:RS, like a newspaper or legal magazine quotes Urbina's ruling, and he used that phrase, you can include the phrase in the article  properly attributed to Urbina.
If an WP:RS, like a newspaper or legal magazine, in summarizing Urbina's ruling, uses that phrase, you can include the phrase in the article  attributed to the WP:RS, not to Urbina.
If you find Urbina's ruling, and he used a different phrase, like, """"...the USA has no legal justification to hold Razakah..."""", you are stuck using that phrase, even if other judges used the phrase """"wrongfully imprisoned"""" in other habeas rulings.

WRT where to find the DoJ's appeal...  A reference to the CCR's Guantanamo habeas scorecard was offered right in the paragraph where I added that the ruling in his habeas was appealed.  The CCR's Guantanamo habeas scorecard has a column for whether a habeas ruling was appealed.  That column in Razakah's entry says his ruling was appealed.  I urge you to double check references more carefully before claiming assertions were unreferenced.

WRT his """"innocence"""", you assert above: """"There is hardly anybody now who doubt this...""""  this is an argument based on common knowledge.  Further, your draft asserted that their innocence was established """"early"""".  We don't base our articles on common knowledge, or our personal opinions as to what is common knowledge, we base them on what we can verify from authoritative reliable sources.    """,1,benign
4624,"""

You have communicated about this matter on my Talk page, rather than on the article's, where this discussion belongs. Before you take it thereif you wish to do soplease be aware that you are using the term """"weasel word"""" improperly. I see that this has been brought to your attention before and that, nonetheless, your misue of the term continues. And again, to repeat myself from the edit summary, your """"correction""""""""Despite Tarantino's statements, many solutions to this 'unexplained postmodern puzzle' (as dubbed by one scholar) have been proposed""""is grammatically improper. It also demonstrates a tin ear. Your contributions may be in good faith, but they are hardly """"positive."""" That is the reason they are being reverted, and no other.   """,1,benign
6245,"""
Also, depending on the article you will look at, the socioeconomic equality reason will vary.
""""The violence was undoubtedly racial. Its prime targets were the Chinese merchants who have flocked to Tibet by road and on a prestigious new train across the roof of the world. 

The mobs were the losers of Lhasa – the poor who seethe with resentment, outwitted commercially by Chinese traders, out-gunned by the Chinese army and, many fear, ultimately to be outnumbered by Chinese migrants.""""
Now this is straight from the horse's mouth. The actual Western journalist who was there wrote this- not some MSM that decided to twist the source's words. I thought it was the most NPOV and fair way to just say- they were angry about socioeconomic inequality, inflation, and fear of becoming a minority in their own city. Why is that wrong? It's the most concise, fair and NPOV way to state what they were angry about which caused the rioting.""",1,benign
150118,""" (UTC)

 First off, please do not create a new discussion at the top of the discussion page. It is not proper and it directs away from other topics.
 Second, this is an Article about Stereotypes of White Americans in the United States. If you are wishing for variety of Stereotypes of 'White' in other countries, you may have to create the article yourself.
 Third, negative stereotypes toward Americans can be found at Stereotypes of Americans. This article is specific towards """"White Americans"""" and does not focus on a world view. 199.254.212.44  15:43, 3 June 2013""",1,benign
134068,"Re: Maddy Young
If you check the diffs in the article history between your edit and mine, you'll notice all the information you included is still there.  I didn't remove it, just reworded it.  The Manual of Style on fiction articles says plot summary should be written in present, not past tense, hence the change. We're all working towards the same end here - the improvement of articles on Wikipedia - so there's no need to throw around unfounded accusations of WP:OWN.",1,benign
12496,He has also stated his thoughts against 'Black men in the South of France O-Jaying' during a poetry reading of 'Keep On' on MTV hip hop orientated poetry readings. There exists a Youtube video as such.  O-Jay himself was a black sports star who married a white woman and subsequently produced 'inter-racial' children.,1,benign
15653,"I think I made a pretty good point as for the five basic senses, won't you agree? If WP:FILMPLOT is a valid policy (with which I agree 100% – by the way, it is one of my favorite policies here), then... 87.69.130.159",1,benign
23897,"""

 Liszt's flags 

...and it's an essay I happen to agree with. ) I personally can't stand those little flag icons, I think they are needless clutter and look kind of amateurish. (There are exceptions, for example I have no problem with using flags to denote the combatants in a military event infobox.) But in the case of biography infoboxes, I think they're unnecessary.  Review me?  """,1,benign
113295,You don't like her???,1,benign
25996,"Treasure ship 

How would you suggest we describe these things and the claims for them?",1,benign
32238,""" December 2009 (UTC)

 Now there's typical AGW alarmist Watermelon argumentum ad hominem content-vacant suppressive authoritarian WikiNazi rottenness if ever it got posted online. Don't address Monckton's (or Nsaa's) position, but strive (with utter ineffectiveness, I might add) to fault the source as such.  You've got nothing to back yourself up, do you? Nothing at all. """"Objectivity"""" and """"consensus"""" and """"impartiality"""" indeed. Just good old """"Wiki-bloody-pedia"""" (to use Mr. Monckton's ever-so-apt characterization) as usual. 71.125.130.14  14:44, 22""",1,benign
73472,I have started a second proposal on this subject. You can vote at meta:Requests for new languages/Wikipedia Montenegrin 2. Thank you.,1,benign
83098,Please do not change articles written in Commonwealth English to American English.  Thanks mate.,1,benign
125176,"Kansas bear sir i know that but they also had not mentioned Mughal victory either .So how could result be Mughal victory.most of the book had neutral result that is Gobind singh escaped with 3 Sikhs (Daya singh,Dharam singh and Maan singh) so That the result should be Gobind Singh escaped with 3 followers instead of Mughal victory.Gobind Singh escaped unhurt.",1,benign
148715,"this is not a BLP, and even",1,benign
105938,"CIA and Macau
CIA defines Macau as developing territories is based on the data provided on 2003 and it isn't updated yet according to the data provided by 2006, DSEC.  For the data CIA using to describe for Macau is 2005, that is the year before last year.  I am not sure if Macau is one of a member of IMF but surely it is one of the founder member of WTO.",1,benign
79914,"I just got an answer from Mario, he hasn't vacated yet. I've put him back.",1,benign
24983,pesmerajan is the son of General Arcts Morion. General Arcts Morion fought in a special division of United State Marine Corps. He fought in many battles and also went to the Hindu Kush Mountains to find enemy leaders. He has earned an award for being very courageous during an act of battle. Pesmerajan now follo's his footsteps as a First Lieutenant in the Marines.,1,benign
8058,"Reliable sources
Hi ! I put this information on the Earth article talk page. It's some sources I found. Which one should we use? I'm so glad you're still with me on this. We rock!",1,benign
130140,"""

 GNAA 'citations' 

If you can't be arsed to do a simple google search to come up with """"citations"""" for the article, I would suggest not editing it at all. Since you clearly care, spend an extra 30 seconds to find the citation link, isntead of putting up a //citation// template. how about that? kthx. timecop """,1,benign
47545,"(UTC)
The oldest known example (but now destroyed) of the use of the alphabet in Armenia was from the late 5th-century, an inscription on the 5th-century basilica church at Tekor.   03:02, 27 July 2014",1,benign
117913,"""
I'm paring the list down by asking people to put an """"X"""" next to ones they like. -) '''' """,1,benign
94137,"?

I also need help uploading this picture that I don't know how to do

http://www.talentondisplay.com/girls/JadinWong.jpg",1,benign
109682,"I'm sorry 

I am very sorry for changing those pages, you see I am epileptic, and when I have seizures, my head bangs on the keyboard, and I cannot control it. I will try my very best to not have a seizure while editing pages in wikipedia. Thank you veyelkaf;wefaklhwefaweflahlsdhfasdlfasdfjsdafw.djksalwe ohhhhhh crap",1,benign
20603,"Re: David Mertz - zombie AfD listing in software deltion sorting and archive 

Re your message: I think I cleared up the zombie listings and removed all of the duplicate entries from the archive.  I left a note for the bot operator to see what happened regarding this AfD not being delisted properly.",1,benign
51114,"Former Wikipedia username(s) 

Have you edited under a previous username or identity on Wikipedia before, and if so, what was it?  96.26.213.146",1,benign
102522,"""

 Native name 
Native name is """"Oileáin Iarthair Eorpa"""", and therefor should come first. The second Irish name is a translation of the term. The only other course is to delete 'Native name' heading  """,1,benign
2881,"I'm still amazed how well this article turned out. I made it late last night in order to get the text off the current events page, and basically did as much as I could before I fell asleep. I wake up, and it's a fully written article. Thanks for helping out everyone. )",1,benign
145171,"""
Brahmos
This refers to your redirect of """"Brahmos"""" to BrahMos. May I respectfully suggest that you may consider if you have a neutral POV on military matters versus religious matters. May I also respectfully suggest that BrahMos is a recently coined (artificial) acronym whereas the Brahmos (religionists) have existed since at least 1828 with that appellation which by no stretch can be considered to be """"colloquial"""". I trust that you shall do the right thing as per Wikipedia norms.  """,1,benign
94053,"This is the lead as it currently reads: Lance Edward Armstrong (born Lance Edward Gunderson, September 18, 1971) is an American former professional road racing cyclist and triathlete. He won the Tour de France seven consecutive times (1999-2005) but was stripped of those titles by the U.S. Anti-Doping Agency (USADA) and banned from cycling in 2012.

We have basically two things to consider: whether this is factually correct and whether it provides the proper emphasis. I'd say that the first clause of the second sentence is at the very least misleading since 1) there is now a consensus in the world at large that Armstrong did not properly win the Tour de France ever and since 2), as far as official racing he is concerned, he did not win the Tour de France at all. It would be far more accurate to say that Armstrong was once considered to have won the Tour de France seven times. This state of affairs is very unlikely to change. As for emphasis, at this point Armstrong is more known as a cheater and a fraud than as anything else. As time passes this is bound to  intensify. Since it is now obvious that Armstrong achieved his original fame by cheating and committing fraud, there is no reason he should not be more known as a cheater and a fraud than as anything else.",1,benign
102338,"""

Regarding reversions made on September 22 2007 to United Kingdom
 You currently appear to be engaged in an edit war. Note that the three-revert rule prohibits making more than three reversions in a content dispute within a 24 hour period. Additionally, users who perform a large number of reversions in content disputes may be blocked for edit warring, even if they do not technically violate the three-revert rule. If you continue, you may be blocked from editing. Please do not repeatedly revert edits, but use the talk page to work towards wording and content that gains a consensus among editors.    """,1,benign
36465,"""

 Wrong Focus 

I'm new here, but it seems to me that this page, as it now reads, IS about IHD/CAD, to the exclusion of the remainder of cardiovascular disease.  While it may be true that the term """"is usually used to refer to those [diseases] related to atherosclerosis (arterial disease),"""" I would suggest that this is careless usage, to which this page need not subscribe. So how should the article be structured? I'd say look to the table of contents of a textbook of CV disease for a model, with the change that I would pull out all atherosclerotic vascular disease into its own section, with links in the relevant anatomic regions.  Other headings might include Congenital Heart Disease, Valvular Heart Disease, Cardiomyopathies, Dysrhythmias and Conduction Abnormalities, Diseases of the Coronary Arteries, Diseases of the Pericardium, Diseases of the Aorta and Great vessels, Brachiocephalic and Cerebrovascular Disease, Other Peripheral Vascular Disease, Arteritides, Systemic Hypertension, Thrombosis and Embolic Disease, Other Venous System Disease, Diseases of the Pulmonary Vasculature, and Heart Failure and Transplantation. Some discussion of cardiovascular anatomy, physiology,diagnosis, and therapy would also be germane. Although each of these would basically be a definition with a link to its own page, I think the result would be to give the reader a better picture of the vast scope of cardiovascular disease.  """,1,benign
85131,"Gratitude

THANK YOU ALL FOR EXPANDING MY ARTICLE SO EXTENSIVELY. How did it get so much attention, by the way?",1,benign
143919,"""

hi there

Thanks for your kind comment!

""",1,benign
124917,"Oh, and FWIW, jpgordon, a very experienced admin that is familiar with my history here did not seem on any crusade to sanction me - just requested that I stop using alternate accounts, see Wikipedia:Administrators' noticeboard#Response from Justanother. Not trying to put words in his mouth simply pointing this out.}}",1,benign
68373,"Launceston
Thanks for the review on the Launceston page. Can you keep an eye on the Launceston page to make sure i'm not doing anything wrong as i'm still fairly inexperienced.",1,benign
7411,and I think that he is likely to communicate to the uploader about it,1,benign
5405,"""
I'm not """"immune"""" to anything. If I commit a crime, I will be punished by both God and fate, no doubt. It is hard to say that you have """"no involvement"""" when a large part of the AN/I """"discussion"""" consisted of editors that disagree with my position on the events notability criteria having a bit of fun and a bit of sport. Considering that you and I have engaged in that dispute, as is demonstrated by the link above, this block could be considered an act of vengeance on your part. I do have """"strong evidence"""" that his views are embodied by what Wikipedia is not. So are the views of many other editors. I do not doubt that they defy these principles in good faith, but good faith or not, our principles must be defended. Or must they? I suppose we can simply ignore them. That doesn't seem right to me, but if you think it is what we should do, I guess we've not much choice.  — ☎ """,1,benign
139471,"""

 FAR 

{{#if:| for a featured article review here. Please join the discussion on whether this article meets featured article criteria. Articles are typically reviewed for two weeks. If substantial concerns are not addressed during the review period, the article will be moved to the Featured Article Removal Candidates list for a further period, where editors may declare """"Keep"""" or """"Delist"""" the article's featured status. The instructions for the review process are here.   """,1,benign
136912,See [] for discussion about User FWDixon/Bob Finnan's link spamming and plagiarism.,1,benign
138969,"Please be unbiased admin, we both break the rules but if you read my last edit i said I won't edit because I gave up. still, I still think I have a point and I will continue it on the discussion forum.",1,benign
17517,"""
Argh!  I should have taken a picture!  When I go back to Sicily in 2008 I will take a picture of beer with granita in it....  and the 100% true edit I made way back in 2004 will finally be able to appear on Wikipedia!        talk #c """,1,benign
73949,"Castro
I've added him to the list of current servers who came to power via a coup; anyone know how we could have forgotten the longest-serving coup-empowered leader in the world? (I'm just being overly critical; you don't necessarily have to respond.)",1,benign
116614,"""

What right have you give me an ultimatum? I have the right to write true infromace about this country.
Why is it on wikipedia sponsored censorship and manipulation of the facts?

And then you still have the audacity to threaten someone who writes true, but unfortunately """"politically embarrassing"""" information.    """,1,benign
82396,"""

and it is even intentional deceit by Mr.K. as the title of the Dec 2014 source is the opposite: Corruption still alive and well in post-bailout Greece, detailing: """"In fact, if anything, people are now so squeezed they have fewer inhibitions about taking bribes than before the crisis."""",  and: """"Five years on, Greeks are still cheating, bribing and evading their taxes – spurred on by the lack of punishment meted out to offenders"""" - I don't trust in no word anymore from Mr.K., if I ever had.  

""",1,benign
19460,"Contested deletion 

This article should not be speedily deleted for lack of asserted importance because... (your reason here)   
It is in progress",1,benign
69378,"I have been contributing under the dynamic IP 62.252.64.10 since... hmm, late March. You have added this message to 62.252.64.10:talk on April 3 
Sir, please stop introducing trivial mistakes into Wikipedia articles. Continued behavior of this sort can only result in a block of your IP address.
The material I have added/edited from  includes World of Tiers, Planets in science fiction, Charles Manson, Gunpowder, Robert Aldrich, Terrorism Act 2000, Dimethyl sulfoxide, DMSO, Crashlander, Larry Niven, Stephen F. Austin, The Scarlet Pimpernel, Riot control, Molotov cocktail, Deep Ones, Italian Football League, A Guy Called Gerald, Boxing ring.
As far as I can tell I have introduced no trivial mistakes. Please explain your reasoning.  22:58, 6 Apr 2004 (UTC)",1,benign
91623,"Okay, this is the first bit of the article. Not sure if the url for the Fundamento is the best one so replace as you all see fit.",1,benign
17723,"Mr. Ebonics

I wanted to apologize for calling you Mr. Ebonics, because you have a lot of problems spelling and forming intelligent grammatically correct sentences. It was very insensitive of me. I won't call you Mr. Ebonics anymore, since it hurts your feelings.",1,benign
87091,I'm with Phil on this one - please help maintain what is a pleasant Wiki atmosphere!,1,benign
6195,For example was the Expulsion of Germans after World War II?,1,benign
32139,"Notable Agents? ==

Would a list of notable former KGB agents/employees be a worthy addition to th article?   

==",1,benign
113089,Did the luna moth in the pictures get it's fealers muddeled up with T.V. arials?,1,benign
73878,"Estudiantes colours 

Having just watched a monochrome video recording of the second leg, Estudiantes played that night in a white strip with two (presumably red) stripes on the right-hand side of the shirt and a (presumably) red collar. Those who can do such things can correct the appropriate details on the main page. 90.7.231.28",1,benign
34895,May I ask why the 'Popular Culture' section has been removed?,1,benign
101237,"Users use almost enirely German sources.That can be very easily seen whilst one tries to edit articles.

3rd reason:I call it 'thrifty managing of trut'.What it basically means is that Wikipedians of the above mentioned sort 
accept material that 'disproves' the Polishness of western and northern Poland
and delete material that proves it.Deleted without giving any reasons because if they ever gave any they would reveal themselves and their true unwritten agenda.I am a victim of such behaviour.

4th reason:",1,benign
111261,"""

 Possible bad information in the IRSL section. 

While I can't say that two episodes of """"Cheap Seats"""" didn't feature IRSL derby (which was indeed aired on ESPN in the 1980s), at least one episode of """"Cheap Seats"""" actually featured Roller Games/Rollergames (RGI?). This was an episode featuring the L.A. T-Birds and another team at the Showboat casino in Las Vegas, NV. A video segment of this episode can be seen on YouTube.""",1,benign
107100,"Thank you for reacting. At this time two editors have supported the RFC, so if you are still inclined to make a contribution you are welcome.",1,benign
39711,"The capital of Ukraine is the City of Kyiv - Article 20 of  Ukrainian Constitution  

Article 20 - The capital of Ukraine is the City of Kyiv - http://www.rada.gov.ua/const/conengl.htm#r1

Saying that google finds more for Kiev that Kyiv and it's the main reason to igore change to Wikipedia articles consering Kyiv - makes no sense. In your logic we should next change ukrainian constitution due to google search result. Of course in USSR Kyiv in every foreign press was spelled as Kiev. As a resulat it caused a habit to spell name of the capital of Ukraine in wrong way even up to day, but we are not living in USSR anymore. We are living in independent Ukraine and the capital of this country is Kyiv.",1,benign
91334,"Hi Sasha,
please do not worry, I did not feel criticized, at least in a non-constructive way: I'm just an electronics engineer so I'm used to analyze my design choices in an articulated way, to understand the reasons of success and failure. ;-D -D -D -D You are welcome! 
You helped me a lot with my proposal on the  template (did you notice that I'm trying some solutions?), and I also like your contributions, especially the one on Mikhail Kadets, a scientist whose research on series on (Banach or Locally convex) vector spaces I appreciate very much. 
Well, now let's go back to the Shoshana Kamin entry: you have done a nice work, but our problem is still that there are few sources about her biography on the web. A possible solution would be to consult the yearbooks of Tel-Aviv University, if this university publishes a yearbook: this is usually a reliable secondary source and refers of career steps and other academic events, interesting from a biographical point of view. At present I'm trying this solution to improve the biographical part of the Giovanni Battista Rizza entry: I wrote to the Rector of the Università di Parma to ask for the permission to consult their yearbook archives (this is the praxis I've chosen, even if the same series is freely accessible in several other libraries) and an expert librarian is now helping me in my search of published sources. Would it be possible to try this solution even for S,K.? All the Best,",1,benign
108279,"not very encyclopedic 

This article is more like a fan-blabber bio of the Human League, there's very little specifically related to Ms Catherall, and what there is is full of bias, weasel words and unreferenced.",1,benign
117146,"""
You only want it to say """"x claims that it is part of the uncodified constitution"""" because you disagree with the claim and want to lessen its authority. Have you actually found a source yet which would say its not part of the uncodified constitution? I would have thought that almost everyone who accepts the existence of an uncodified constitution would accept Magna Carta is part of it. I therefore don't see the need to attribute it to one source only, especially as I don't think it's particularly controversial to say that Magna Carta is part of the uncodified constitution.
Re: John and the barons, could we have more balanced quoting, then please? At the moment it's all """"the barons broke faith with John"""". Carpenter's quote that John had """"little intention of keeping to it. Distrust between the two sides was overwhelming"""" would seem to provide balance to the current quotes that it was all the barons' fault.   """,1,benign
36930,"I think that the vertical tutoring system is becoming more widely acceoted, so some acknowledgement could be made of this in the main article",1,benign
77505,"""

Copyright problem: Penitent Magdalene (Caravaggio)
Hello, and welcome to Wikipedia! We welcome and appreciate your contributions, such as Penitent Magdalene (Caravaggio), but we regretfully cannot accept copyrighted text or images borrowed from either web sites or printed material. This article appears to be a copy from Caravaggio by Timothy Wilson-Smith, and therefore a copyright violation. The copyrighted text has been or will soon be deleted. While we appreciate contributions, we must require all contributors to understand and comply with our copyright policy. Wikipedia takes copyright violations very seriously, and persistent violators are liable to be blocked from editing. 

If you believe that the article is not a copyright violation, or if you have permission from the copyright holder to release the content freely under license allowed by Wikipedia, then you should do one of the following:

If you have permission from the author to release the text under the Creative Commons Attribution-ShareAlike License (CC-BY-SA), leave a message explaining the details at Talk:Penitent Magdalene (Caravaggio) and send an email with confirmation of permission to """"permissions-en (at) wikimedia (dot) org"""". Make sure you quote the exact page name, Penitent Magdalene (Caravaggio), in your email. See Wikipedia:Requesting copyright permission for instructions.
If a note on the original website states that re-use is permitted """"under the Creative Commons Attribution-ShareAlike License (CC-BY-SA), version 3.0, or that the material is released into the public domain leave a note at Talk:Penitent Magdalene (Caravaggio) with a link to where we can find that note. 
If you own the copyright to the material: send an e-mail from an address associated with the original publication to permissions-en(at)wikimedia(dot)org or a postal message to the Wikimedia Foundation permitting re-use under the Creative Commons Attribution-ShareAlike License and GNU Free Documentation License, and note that you have done so on Talk:Penitent Magdalene (Caravaggio). See Wikipedia:Donating copyrighted materials for instructions.
It may also be necessary for the text be modified to have an encyclopedic tone and to follow Wikipedia article layout. For more information on Wikipedia's policies, see Wikipedia's policies and guidelines. 

If you would like to begin working on a new version of the article you may do so at [ this temporary page]. Leave a note at Talk:Penitent Magdalene (Caravaggio) saying you have done so and an administrator will move the new article into place once the issue is resolved. 
Thank you, and please feel welcome to continue contributing to Wikipedia. Happy editing!  (talk) """,1,benign
47388,"""{| class=""""messagebox standard-talk"""" style=""""text-align:center;""""
|-
| width=""""48px"""" | 
|| This article was nominated for deletion on 6 June 2006. The result of the discussion was keep.
|}""",1,benign
148888,"""

-Chess forces personal views, not supported by science

Wikipedia user -Chess participates in vandalism the following way:

Over and over again the Wikipedia user -Chess has been asked on this discussion page to present a known historian or another acceptable source, quote or reference to back up his claims, for instance about his """"16th century"""" Finnish migration theory to Northern Norway, etc.

-Chess has refused to respond to any of these pleas for sources.  Now, that Mr. Chess has changed the Kven text to reflect his personal theories - which are not supported by science - he is attempting to lock and protect the site from reverts and/or further edits.

The Wikipedia user -Chess is forcing his personal views into the Wikipedia Kven text.  Those views are not supported by science.  Not willing to present any sources for the peaces of information inserted by him, the Wikipedia user -Chess is participating in vandalism.

Let it be known, that most parts of the Wikipedia Kven text remaining as of today, which were left standing from earlier contributors, seem accurate.  However, Mr. Chess has attempted to include into the text some of his own ideas, which do not seem to match the opinions of any known historians.  

If Fred Chess disagrees, we once again ask him to provide sources for his claims - even just one source, which could be considered distinguished and reliable.

In his earlier discussion comment above, Fred Chess praises and thanks a respond from user .  However, even that commentator sides against Fred Chess, who - without any scientific foundation, or without any sources presented - tries to present the Northern Norwegian Kvens as a separate and totally non-connected group from the medieval Kvens of Northern Scandinavia.

Wikipedia user  correctly states:  """"Of course, the present Kvens in Northern Norway have a connection with the Finnish-speaking medieval settlers in Northern Sweden and Finland.""""

, March 22, 2006

Vandalism by 

Below are three misquotations by user , from his unsigned message above (his previously used IP address 130.234.75.167 shows that the message is his): 

Claim Number One: """"Tavastians (a group of Southern Finns) were present on the Arctic Ocean alreydy during the Viking Age"""".

Claim Number Two: """"Some believe that the Kvens were the original inhabitants of Northern Norway"""".

Claim Number Three: """" According to Ottar, the Kvens were living in Northern Norway and around the White Sea"""".

When you choose to quote someone, please use the copy and paste technique.  No one has said any of the three sentences above.  You simply changed the wording, to make up goofy sounding sentences, which you claim some one actually wrote.  

Please, explain:  When and where were those sentences written ?  You are simply participating in vandalism, aren't you.  

You've also changed the content of a comment written by another Wikipedia user to this discussion page (and we do not mean you placing your responses between the lines, although for that too you ought to ask a permission from the writer of the comment).

At 13:45, 19 March 2006, using the IP address 130.234.5.136 you added the following sentence to the text which another Wikipedia user had written under the headline Lack of public funding a major cause for lack of information:

""""It's not going to happen, however.""""  You did not return to fix that act of vandalism which you published as a page http://en.wikipedia.org/w/index.php?title=Talk:Kven&oldid;=44501610.

You did not write that sentence in italic text, nor did you margin that sentence with your text, as you did all your other parts of your comments.  Purposely or not, you made it appear as if the other party would have written that comment.  

From here on - to avoid further such temptations and/or accidents - please refrain from placing your comments in between the lines written by other participants on this discussion forum.  The above mentioned particular insert of yours has as of yesterday been changed to reflect the fact that it is a part of your response, and n",1,benign
102488,"Since you now have the link (above) explaining how to use reference tags, I expect you to get it right - or to ask for help.  Do not simply repeat the same mistakes.",1,benign
102290,"""

Civility block
I see that you read my message, and I see that you didn't get it.  Attacking other users (such as calling them """"creepy"""") is not acceptable.  Telling others you will keep an eye on them is a statement that you plan to hound them and is not acceptable.  Take the next 48 hours off; when you come back, stop with your combative attitude and try working with people to get something done.  Accusations against others will result in longer blocks.  ++ """,1,benign
33704,"CASPIAN BLUE 

Theresa knott. I got this warning about Caspian blue on my talk page. I watch him now and come here. Always the same with him.

He starts his revisions on comfort women again. I discussed with him. I provide him with references. He ignore me. I think he is going to make war again.  Priorend",1,benign
78037,"Arms 

The blazon and write-up for these arms is quite a mish-mash, a combination of English and French blazon. From what I see, neither one is correct and assumptions have been made.  
I will be re-blazoning these arms within the week",1,benign
76606,"Please do not act as a moderator considering you are not one, further continuation of this act will result in a report against your account. Thank you.",1,benign
141592,"Article about MARZIA PRINCE 

HEY , MAN DON`T DELETE MY ARTICLE ABOUT MARZIA PRINCE. I AM WORKING ON IT. IT IS MY FIRST ARTICLE (!). I DON`T KNOW HOW WIKI WORKS AND IT IS DIFFICULT TO CREATE SOMETHING. IF NOT I, SOMEBODY WILL FIX IT.... I AM NOT AN EXPERT HERE, UNDERSTAND? I DON`T KNOW HOW TO UPLOAD PHOTOS AND STUFF LIKE THAT.... YOU'D BETTER HELP ME (TO EDIT ARTICLE , ETC).......... IT IS EASY TO DESTROY WHAT IS NOT CREATED BY YOU, I KNOW............ LATER I WILL TRANSLATE THIS ARTICLE  IN RUSSIAN.....",1,benign
98101,"""

A couple of points

A. I don't think you're taking the Anonimu business too seriously, and I find Anittas' intervention rather bizarre, but the key is to keep watching and waiting, and acting when really ready. It's frustrating that he can get away with so much (and his attacks have been pointed out to a number of administrators so far).

B. I too despise the profusion of flags, especially when coupled with recentism. Take for instance a biography I was looking at today: that of Anna Politkovskaya. It starts out nicely, but once she gets shot, spirals quickly out of control. Maybe, just maybe, the assassination deserves its own article, but as for the main article, a serious, scholarly biography would never look like this, especially the """"political reaction"""" section.

C. By the way, here are the other """"international reactions"""" articles: 1, 2, 3, 4, 5, 6, 7. Some are just perhaps salvageable; with others, now that a few months have passed, """"who cares?"""" seems a more fitting reaction.  """,1,benign
101794,POVs does not mean you can disclude factual events because you dont like them - if it is relevant it must be included or its censorship (any other lawyers will tell you) which isnt the point of wiki - perhaps a blog?  137.92.97.111   AC,1,benign
19112,", 25 April 2009 (UTC)

 Here is a little something that I came up with myself

Let the boxes equal the letters A-V
Let the prize that you want to win be behind box A (It doesn't matter which box the prize you want to win is in, [also assume biggest prize])
Now if you pick box A, then the probability of getting through to the end of the game with the prize you want still in the game is 1(certain).
This occurs is (1/22) cases.
(1)*(1/22)=(1/22)

If you don't pick box A then the probability of you getting to the end of the game without taking out the prize you want is:

(20/21)*(19/20)*(18/19)... *(2/3). 

This can be re-written as:

(2*((20!)*(1!)))/(21!).

There is one very important thing to note here. In the sum, you don't multiply by 1/2, because you don't need to eliminate all of the boxes, just all but one (plus yours). This means that instead of dividing by (21!), you must divide by (21!)/(2) which is why there is a 2* on the top.

The sum works out with a value of (2/21) = 0.9523809524
This occurs is 21/22 cases so:

(21/22)*(2/21)= (1/11)

Therefore, you are twice as likely to be on the path where you didn't pick the prize you wanted (i.e. grand) first, which means that you should swap. Now there may be a flaw in my logic, and if there is then please point it out.82.26.43.91  15:46",1,benign
63980,"the future of rock music in the musics industries!! 

with its long divesity culture will rock music sarvive in the upcoming music industry?",1,benign
44821,"""
Probably could strike the """"You sir are a callous asshole (and I stand by that term) and nothing you do will make me believe otherwise."""" part of that statement.  The rest, while heated, I think is OK....unless anyone else doesn't and I can strike some more off it. -  • Talk • """,1,benign
108370,"""

 Re: Restoring Doright's Talk Page 
Folks, I do not intend to pursue this point. I restored the page because I thought blanking was against the rules and we were supposed to do that. In fact, I once had a user restore my talk page I had blanked in the process of archiving it. Since JayG reverted it, I assumed I was in error here and just dropped the matter. The above warning is a case in point as to why user talk pages should be archived and not blanked. As Homes said, it is certainly out of place. Well, you can certainly look at my talk page archives if you want to see why I do not intend to engage either Doright or Mantanmoreland on this. Wyneken(talk) """,1,benign
51126,"If you insist on talking about that then I must explain. No, I wasn't edit-warring. I was protecting an article from you and your friends, who were the real edit warriors. I brought the article into line with the talk page consensus and Akhilleus (spelling?), who hadn't even participated in the discussion, rammed through his own preferred version with the help of you and your allies, who declared the discussion invalid because you had refused to participate. You only got your way in the Apollo article by one side being blocked from editing; not by establishing consensus. Apollo in its current state has no legitimacy; it is merely the ruins left by Akhilleus' edit war.

Most of my edits relate to era style, do they? I haven't counted, but I'd say ALL of my edits (to actual articles, not talk pages) relate to spelling and grammar. If you want to sub-categorise further, go ahead, but all you're doing is creating an ad hominem argument, which I've reminded you before is irrelevant and fallacious. (  )",1,benign
126360,"February 2007 (UTC)
Ah, thanks! Response on my talk page. — [T@lk/Improve me] 04:38, 19",1,benign
156967,"45, 21 May 2008 (UTC)

 Arrogant & intransigent 

Hi, just thought you might like to know that  (who you blocked) appears to be the same person as . Best wishes,   
Thanks. ∇∆∇∆ 13:",1,benign
15160,"""

Spellings
Ah, good question - there's quite a few (doubtless a result of the European tongue trying to wrap itself around asian words). Francois Bernier spelt it """"Tage Mehale"""" other alternatives might be """"Tadj Mahal"""" (Chaghtai writing in french), as recently as Bannister Fletcher I think it was spelt """"Tag Mahal"""". There was a British East India company employee who witnessed the construction called Peter Mundy  who described it, I think as """"Tage Mehele"""" There's some more - I'll get back to you tonight when I've got my books with me.  """,1,benign
81019,"Trying to prevent deletion of images 

I noticed that three images I uploaded are on your CSD list.  I am truly struggling to get through the procedure of image use, it seems very cumbersome to me as a relatively uninitiated user.  When I try to find out what I need to do to save or justify the use of an image, I seem to keep finding explanations that lead to other explanations, requirements with other prerequisite requirements, etc.  I suspect it isn't all that hard to the expert, but I am not an expert.  The images in question are the three images linked from Charleston furniture warehouse fire, they are ,  and .  I have explicit permission from the owner of the photos to use them on Wikipedia only.  What else can I do to prove or justify their use?  Help for this non-expert appreciated very much.",1,benign
101221,Above message copied over to Phr's talk page.,1,benign
66457,"""

 Definition of Managment Consulting 

I've modified the paragraph discussing the types of firms to use the more narrow term """"strategy consulting"""" rather than """"management consulting"""".

Managment consulting currently has a very broad meaning.  IT, intellectual property management, law, and accounting all involve choices that can have a profound effect on the opportunities and resources of an organization.  In current usage it seems that the term """"management consulting"""" refers to any sort of consulting activity that

 has strategic implications for the future
 requires senior or upper level managment champions and buy in

To distinguish a Bain from a PWC we need to focus on difference between strategy and implementation.  Strategic IT, strategic IP management, and management accounting and other """"new"""" forms of consulting all have a blend of implementation and strategy in common.

I think what distinguishes a Bain from a PWC is Bain's exclusive focus on the strategic elements of a problem.  Bain will tell you why you need to do something and some general ideas of how given your current resources but leave the rest to you.  Firms like PWC and  Proudfoot have built their reputation on taking at least joint responsibility for the implementation.

 """,1,benign
145174,I think that that is the point.  Had I been blocked by anyone else it would actually mean something.  But having the town's rogue cop giving you the once over is just unremarkable.,1,benign
127553,"""
 I leave that for now,  as my attention will remain here.  However I don't think it's sufficient,  and don't accept the revert/change as fully appropriate.  Please take the usage as a """"stub.""""    """,1,benign
115269,"""

 Spelling, etc. 

 –  (talk) """,1,benign
144013,"Oh jeezz here u go and cry!Din't we stop ur chicken cry along time ago??? What a kid any way I don't care u can u use the map but for my idea there are to many maps,at least put it at roman era,u are puting to many empty spaces its bad for Wiki and it does not look good.WHO GAVE U A PC??? )",1,benign
18292,"""

 De - Pausa 

You know DeCausa, you can report me as much as you want. As a matter of fact, even if my account shuts down I don't care. Once I tell the Kurdsih community what is going on here, they will also arrive. I find it amazing that you only used four sources that supported your bias, and ignored the rest of them. Literally, almost all of the sources say the Kurdish language is one, and there are a vast amount of sources regarding the Kurdish language. I will not allow this injustice to take place. My people are not """"Iranians"""" and the Kurdish language is one language. I find it amusing at how bias you are. You ignored all the links that I showed you by saying it did not meet Wikiepdia guidlines, which is crap in the first place. You then managed to find only very few that disagreed with me.

Oh by the way, editing my posts on your page is very cowardly. It shows how afraid and bias you are, and it also shows that you should not be doing any work for Wikipedia.

Mr. De Pausa.""",1,benign
73505,"""

 You can not convert from AMR to MOA accuracy. 
Yeah! And those who can convert are called morons, like guys from amsaa . Only wikipedia users who didnt read any basics in external ballictics have true knowledge. 

To note, """"converting from AMR to MOA accuracy"""" is sign of ignorance. It is possible to convert from ARM to extreme spread for given group size. AMR or extreme spread you can express in MOA.

 Pages in Russian are not acceptable sources  
Right! All who dont speak English are retarded. For example similar self published work  with less accurate calculations are far more reliable cos it is in English.""",1,benign
79844,"Christ. Any more notices? Am I about to be knighted? Get your act together - if you lot spent half as much time actually answering people's questions as you do whining and reporting and sending out these notices, you might actually get some decent copy on the table, and people wouldn't be wondering why they needed to know the name of the referee in the match before they find out why it has an article.",1,benign
53672,"T:ITN 

Just curious, why do we need to italicise the parentheses of pictured?",1,benign
108272,"Sorry for what i did

But i want to report on this user: http://en.wikipedia.org/wiki/User:BWCNY

he keeps editing stuff on this page for no reason: http://en.wikipedia.org/wiki/MTA_Regional_Bus_Operations_bus_fleet
and he accused me of doing stuff i didn't post.",1,benign
67967,"Cumulus cloud, you should respond of your disruptive and genuinely anal retentive action. Do you know a cumulus of what you are pouring on wikipedia?",1,benign
17598,"You seem to have had quite a few TFAs this year, or is that just my imagination?  Fatuorum",1,benign
25309,"Yellow Evan block 

I'm sorry if I'm putting this in the wrong area but I am replying to your comment to Yellow Evan on his block.  It's sort of awkward.  I am Yellow Evan's mother.  I hope you might have suspected this but he is not an adult.  He's still several years short of getting his driver's license, in fact.  I am truly sorry for any problems he has caused and I fully understand why he keeps getting blocked.  But please also understand a lot of this is just ignorance  willful ignorance, but ignorance.  I have been sitting by his side for the past week and trying to supervise his contributions.  Even so I'm not quite sure what he has done wrong and I know he doesn't, fully.  Since he is really not mature enough emotionally to be doing this, I have made a deal with him not to do any editing at least until Christmas break.  Hopefully I will be able to extend this further.  I really think he will be able to contribute a lot when he is older and has better communication skills.  If you could let other users know this too.  I'm sure you all have been very patient with him but I thought it might be helpful for you to know the true situation.",1,benign
61827,iono were the play was performed on broadway any help? preicate it,1,benign
80775,Oh sorry.  I always seem to leave a mess with my referencing ...,1,benign
130269,"As much as I appreciate getting the TJF minority view into the language, I still remain largely opposed to commentary and this sort of authorship. This will only serve to add more text to the commentary, inviting further commentary. I'm not against mentioning the minority report if it's only used to mention dissent among the TJF historical staff without getting into details. I would suggest appending one brief comment to this effect to the existing TJF comment. While we're on the topic of sources, ref's 198 and 199 still need to be corrected, replaced or removed. They've been like this for about a week now.",1,benign
29700,This too: Thanks for your warnings! ),1,benign
39410,"""

 I may be backing off also, as it appears that FeloniousMonk and his buddies may attempt to ban me for trying to bring some balance to the J. Wells biography. Did you notice that FeloniousMonk has changed the article again with the latest piece of dirt he found on Wells? He discovered that """"the leading AIDS denial proponent and Wells share the same publisher, Regnery Press""""!   """,1,benign
127138,"""
No, they only told me that you are solely responsible for making sure the place doesn't burn down when one of us is off sipping margaritas.  talk to me """,1,benign
158998,The word Knave is synonmyous with Jack or Journeyman.,1,benign
151427,"It's all related, more in a metaphysical way that requires extremely advanced understanding to appreciate fully.",1,benign
99768,"Beerstraaten or Beerstraten?
In the Dutch language his a name is write as Beerstraten, and not Beerstraaten. How is correct?",1,benign
145533,"""

Image source problem with Image:Above the Rim.jpg

Thanks for uploading Image:Above the Rim.jpg. I noticed that the file's description page currently doesn't specify who created the content, so the copyright status is unclear. If you did not create this file yourself, you will need to specify the owner of the copyright. If you obtained it from a website, then a link to the website from which it was taken, together with a restatement of that website's terms of use of its content, is usually sufficient information. However, if the copyright holder is different from the website's publisher, their copyright should also be acknowledged.

As well as adding the source, please add a proper copyright licensing tag if the file doesn't have one already. If you created/took the picture, audio, or video then the  tag can be used to release it under the GFDL. If you believe the media meets the criteria at Wikipedia:Non-free content, use a tag such as  or one of the other tags listed at Wikipedia:Image copyright tags#Fair use. See Wikipedia:Image copyright tags for the full list of copyright tags that you can use.

If you have uploaded other files, consider checking that you have specified their source and tagged them, too. You can find a list of files you have uploaded by following this link. Unsourced and untagged images may be deleted one week after they have been tagged, as described on criteria for speedy deletion. If the image is copyrighted under a non-free license (per Wikipedia:Fair use) then the image will be deleted 48 hours after . If you have any questions please ask them at the Media copyright questions page. Thank you.  (Parrot) """,1,benign
40861,I'll revise the criticism when A520 does. The unprofessional behaviour of this user indicates he ought not to have admin privileges. He has been reported for abuse of authority.,1,benign
40081,"""

By """"we"""", I mean """"all of us involved in trying to improve this article"""". And again, it is nice to say """"I think this section is wrong, so I'm going to fix it"""". That's great. But I can't say if I personally think the changes that are going to be made are good or bad unless those specific changes are proposed. So far I haven't seen much in the way of specific proposed changes, so I'm not sure how any editor can make a statement one way or the other about them.  Can you write your changes down as dot points? Is that a viable way forward? -   """,1,benign
16211,(a number of which other editors have brought up below),1,benign
114696,"""

 Wrong Rutledge 
Changed """"Edward Rutledge"""" to """"John Rutledge"""" as member of Committee of Detail. See this page at the Library of Congress.  """,1,benign
105376,the private organization,1,benign
152969,"""

 OneGuy's vanadalism of the discussion page 
Aside from OneGuy deleting other user's comments, he has now begun to blatently disorganize and effectively vanadalize people's comments: he distrupting the flow of users' comments by arbitrarily cutting off paragraphs and inserting his comments in between, instead of being civil and adding his reply to the end of a given post. Combined with his ceasless personal attacks, false accusations, and insistance on making wikipedia a propoganda machine for Islamist apologetics of the blackest kind, his behaviour has become completely intolerable, and I do not see any point in constantly refuting the same false accusations and false assertions over and over again. OneGuy must be ejected from this discussion before it can have any hope of being a civiled and productive debate. I am left with no choice but to completely resign from this discussion, since it seems that no one is going to be moderating OneGuy's behaviour anytime soon.  Pename

What's ironic is that OneGuy claims he is not a muslim and therefore can not be considered an Islamic apologist!  In fact, most of the Muhammad/Islam apologists here claim to not be Muslim!  Looks like Muhammad's best friends are the infidels.  

As of moderating OneGuy's behavior, the Arbitrators are looking into him and myself after he filed a hypocritical arbitration request against me and I thus filed a countercomplaint against OneGuy.  Whenever OneGuy spots someone who doesn't agree with his radical apologistic viewpoint he tries to silence them by any means at his disposal.  OneGuy, in his complaint in arbitration, accused me of rivert(sic) wars and having POV in my contributions yet he does the exact same thing, only more so.  In the arbitration complaint, the arbitrators don't seem as concerned about the POV contributions as they do about personal attacks, revert wars and my vandalism of his user page. See Wikipedia:Requests_for_arbitration/168.209.97.34.  When OneGuy was giving evidence against me he incorrectly called a few minor word changes as a revert war (even though the change were only made once or twice) and he clearly left out the revert wars in which he was involved (but the arbitrators were not fooled - they found him out).

Since the arbitrators will probably not do anything about his radical apologistic contributions, they will most likely respond to his vandalism of the talk pages.  Feel free to post your complaints regarding OneGuy on Wikipedia:Requests_for_arbitration/168.209.97.34/Evidence.    06:56, 9 Dec 2004 (UTC)

 Since when replying on talk page has become vandalism? Only one time I deleted Pename comments when he cut and pasted his comments that were already on the page on top of my response in a new section that I created (""""death to critics""""). Pename has ignored what we are discussing and is resorting to personal insults and false accusations (in violation of wiki policy) that I vandalized the talk page. He now claims that he did not copy the verse from anti-Islamic site. If true, where did he find the interpretation that 8:67 means kill prisoners of war? He implied that interpretation in the article. At worst, the verse condemns the behavior of taking prisoners in order to make money, but he has not given his source that says 8:67 means kill prisoners. Instead of answering where he found that interpretation (if not anti-Islamic site), Pename is resorting to personal insults and outright lies that I vandalized the talk page  18:46, 6 Dec 2004 (UTC)

 Abuse 

Due warning: every time our anonymous friend makes a personal attack, I'm removing it. See Wikipedia:no personal attacks, also see Wikipedia:Remove personal attacks. I've had quite enough of their abuse. To the anonymous user, please start showing a more mature response when replying to comments or arguing your case. -  06:48, 7 Dec 2004 (UTC) (modified  08:11, 8 Dec 2004 (UTC))

Huh? What'd I do? anon
Nothing. I was talking about another anon. -  08:11, 8 Dec 2004 (UTC)
Oh, incidently, if the anon removes this comment again they get blocked. -  10:24, 7 Dec 2004 (UTC)

 Apparently """"Ta bu shi da yu"""" believes that if he refers to people as """"immature"""" he is not engaging in personal attacks. But if someone calls him a religious appologist, he believes that he can use this as an excuse to delete a page worth of content. This is a clear double standard. Since he has decided to start deleting user comments from the discussion page on such basis, I am deleting """"Ta bu shi da yu""""'s comment on the basis of personal attacks. He will not be able to ke",1,benign
130116,(probably more by now),1,benign
137119,It is already linked to on the page. Anyone editing the article who had any sense would have thought of visiting that page first before making any edits. The facebook page was put there by the National Federation of Cypriots. It's own website is still under construction and the section on UK Cypriot history is incomplete.,1,benign
74325,"The spot 

And the Liberals continue to self-explode. I honestly think Rann will become the second longest serving SA Premier. Not that I want him to, but he's very capable and the Libs are far from being so.

Many thanks for your defence of me in the skirmish back there... it's very heartening to actually have someone stick up for me. Again, thanks. If there's ever an Adelaide meetup I'll be buying you a beer.  talk",1,benign
68823,"""

You can use the Bible as a historical source, but you need to remember its accuracy and bias (like every source) and not use it as the only source.  Talk to me """,1,benign
46653,"I actually did intentionally remove the sub-brigades of the Zintanis because there are too many different militias involved in the conflict and if we keep adding all of them the list will be a mess. As for the brackets you added for the Libyan National Army on each side, then yes, you were right. I didn't notice that and you did well by adding them, apologies. You also did an excellent job in the background and the following sections, but I would really appreciate it if you cited some of the info you added. Thanks,",1,benign
19569,"REDIRECT Talk:Antonio Lozada, Jr.",1,benign
2262,"Please stop your disruptive editing. If your vandalism continues, you will be blocked from editing Wikipedia. 
 Please stop your disruptive editing. If your vandalism continues, you will be blocked from editing Wikipedia.",1,benign
89758,"I'm so glad I have your approval.  07:25, 24 Feb 2004 (UTC)",1,benign
38718,"""
Okedokie.
I moved it to the bottom because the """"popularity"""" section is pretty much the same information and putting the sales figures next to that complimented it nicely.
What do you think? 
Thanks 20 """,1,benign
91399,"This article represent a subjective and dangerous opinion, not facts! 

More over, the existance of such article in Wikipedia damages the site's reputation as an objective reliable source of information.
It is almost similar to an article that will present the USA as a racist state, which is not true, not objective and not apropriate.",1,benign
61188,"Ireland 

Hi, the consensus and compromise made at Talk:Republic of Ireland was to pipe ROI to Ireland like this [[Republic of Ireland|Ireland]]. Please refrain from reverting editors who are implementing this edit. Please be aware that consensus has changed and that your edits could be seen as vandalism. Thank you.194.125.71.23",1,benign
123115,"""
I think it may well be a list-class article, but I don't think it needs the word """"list"""" in the title as this is the main article about Fractional currency.  The only other option would be to fork off the list of currency and have the existing article as a standalone (possible GA) to take into account the first few sections.    """,1,benign
138015,"Thanks for the reply. My concern is that the 485 figure and the 613 figure are both from the Azerbaijani governmentone from a parliamentary investigation (485) and another cited by various government sources more recently and without any evidence. These are clearly of significantly different value. Due to WP:UNDUE we couldn't possibly include both in the infobox. Per the discussion in the DRN, most if not all editors agreed that wild and unsubstantiated claims should not be in the infobox even if they are in the body.",1,benign
101180,Ok will take a look at the talk,1,benign
120174,"2

I just show that the 2 articles are old and to throw away.I think you dislke studies and truth.These 2 article are dead articles today.Rest in your old point and you don't miss ignorance and hateful propaganda.The problem is to Wiki and to you that are in it.Byebye.",1,benign
121066,"Deleting that article is not a mistake. No-one, and I mean no-one, has cited an authority acknowledging power violence as a legitimate music genre.  21:19, 5 Apr 2005 (UTC)",1,benign
145490,"""
No, it doesn't do fill-in. In handles """"paths"""" - objects consisting of a a curved contour line and the space it surrounds. In my map, each country is a path, you just click on it and go to object->fill and stroke, then you can select the fill color for it. – I agree the learning curve is steep.  ☼ """,1,benign
151627,"""

 reference to """"the smiths"""" in some film 

does anyone know the name of the film were the smiths are mentioned...

the film is about guys from some american university were they try to kill there roommate because they know that they will get an automatic high score in their final grade, because thats what you get when your room mate """"dies"""". Thye put some articles in his room including a smiths album because they think it will make him come across as a depressed teen who commited suicide...name?""",1,benign
14284,"Jan 18
Regarding the page Paul Martin, please stop. If you continue to vandalize pages, you will be blocked from editing Wikipedia.",1,benign
112420,the subject is strongly claiming the allegation of mental illness is defamatory and there are ongoing complaints about it at WP:OTRS - I support keeping it out - it seems the subject is estranged from his brother and that is the only source of the information. I would like to see some reliable independent reports of the claims before I would feel ok to add it. Leaving out what is a complained about single  claim of mental illness without additional sourcing is at this time the better option in the BLP at this time. Regards.I see you are a very new editor and a WP:SPA in regard to this controversial BLP article. -,1,benign
27679,I have begun work on the expansion. Anyone like to help?,1,benign
124524,"You can explain the situation, but not delete referenced text. For example: ''The Great Powers were unhappy with this extension of Russian power on the Balkans, and Serbia feared the establishment of Greater Bulgaria would harm their interests in the Ottoman heritage. This prompted them to obtain a revision of the Threaty of San Stefano through the Treaty of Berlin in the same year.",1,benign
152642,"I haven't got time for semantics with you Paul111. The info box is very clear, no matter what you say.",1,benign
135096,"Hello,

I am the owner of the 2 photos you deleted. perhaps i didn't license it properly because I don't have good English and thought i was putting it by the right category. Mimel took the photo, he and I uploaded the file. He is a photographer in Haifa, Israel. 
In which category should I put the photos, considering that you are speaking to the person that took it. We can decide to make it a free licences with Mimel tommorow without any problem.",1,benign
121657,Thanks for the message.,1,benign
134,"Meivazhi
I've had a go at restarting the Meivazhi article in a style that's more standard for Wikipedia articles. Someone would probably have deleted it pretty quickly if it had stayed in the form you posted. I'd be grateful if you could help at Talk:Meivazhi about the accuracy. 

Unfortunately I had to remove your links. The conflict of interest guidelines advise against editors linking to their own sites, and also Wikipedia's attribution policy WP:ATT requires that information should come from third-party published sources rather than personal websites. Do you know of any good newspaper/book accounts of Meivazhi?  

PS What is the salaimanimudi.indlist.com site? A personal site by a member?",1,benign
125262,"This is your last warning.  The next time you vandalize a page you will be blocked from editing.  (talk) 19:08, 26 Jan 2005 (UTC)",1,benign
90113,"I second Moondyne's comments - nice work on these divisions.  Given that I work in Industrial Law I am aware of and thought you might like to know (and edit appropriately where you see fit) that there are still reasonably strong relationships between Industrial Award entitlements (particularly for State Awards across Australia) and some counties.  (Although the WorkChoices reforms are beginning to remove this relationship).

Anyway the boundaries of a county is sometimes used to define the exclusion or inclusion point as to whether workers are included or not in a particular award. There are a great many examples in many parts of Australia but to show you one, the NSW METAL, ENGINEERING AND ASSOCIATED INDUSTRIES (STATE) AWARD includes All persons employed in the industries and callings of ... etc... but excludes those persons if they are in the County of Yancowinna see here  for that example. I hope that assists?  talk",1,benign
141164,"you have been reported 

i reported you on the noticeboard. i am new to wiki and all of its ways, but i know i am in the right, and that you need to quit vandalizing the page that relates to me, personally. go away, please.",1,benign
60348,"you have left out kimmy dora 10,000 hours and boy golden you only include the movies of your beloved abs cbn,fail",1,benign
28905,"in life because you're an admin, whoopee",1,benign
155843,"""
Because anons have as much right to be heard for adding new material as anyone.  (C)(T) """,1,benign
56626,It will not let me edit on my actual page so I am putting this here:,1,benign
36067,"""The old-timey socialist anarchists just don't """"know the way the wind blows,"""" apparently.  They want to freeze anarchism in 1880, and refuse to acknowlege the up and coming philosophies and movements.  In the words of Voltairine de Cleyre, advocate of anarchism without adjectives:

""""there is nothing unanarchistic about any of them until the element of compulsion enters and obliges unwilling persons to remain in a community whose economic arrangements they do not agree to.""""

""",1,benign
46143,"Wallace Hartley 

Hartley was born in Colne, however his family did move to another nearby town when he was about 5-ish. I wish I could recall the town he actually lived in. Someone from Colne, will know the exact town Hartley moved to. It was in 2001 since Ihave been there, my memory is shot.anyone? ~~",1,benign
152655,There is no copyrighted content at issue. I am the originator of the quoted material on the website regarding the Fatimiya Sufi Order. Furthemore the article on wikipedia was not authored by me. It was authored by Roya Jakoby,1,benign
148347,"I am also quite concerned about setting what in my view would be an unfortunate precedent. Today VHarris44 felt sufficently emboldened just by this debate to go on a rampage through a number of law firm articles and deleted the list of offices without discussion. VHarris44 has now been blocked and there were almost certainly other factors at play in their behaviour, but I still fear setting a bad precedent here that others may try to follow elsewhere in a crude manner.",1,benign
39268,"Assad's mother flees Syria 

Notable as now only Bashar and his badly injured brother Maher survive in Syria as members of the Assad family: Assad's Mother Leaves Syria",1,benign
140151,"regret

If I have offended you in a recent discussion with the use of the word cronies then I am sorry.
I noticed your reply much later. I regret I cannot work on Wikipedia anymore due to the difficulties with JZA84 and when I am faced with the difficulties he accuses me of being offensive. However he is both judge and jury having blocked me and issued threats and questioning my integrity. 
I personally believe this type of editor is a bully, and if calling him a bully means he will block me again so be it. I have gone beyond the bit were I care. All I looked to do was enhance Liverpool pages and add some others unfortunately every now and then JZA played games and scrubbed my edits. This is the problem I am supposed to work in conjunction with him but he does not. I regret any offence to yourself however I have been bad mouthed a few times in recent weeks by this so called administrator so I have been a bit wary of whom he deals with. I am withdrawing my edits because this fella from Manchester judges he knows more about Liverpool than I do.",1,benign
154897,"Wrong click? 

I presume this edit was an accident?",1,benign
95468,"""

Right. So we've dealt with the question of Qworty's slander. Let's move on. Here's why you should not be involved in this discussion, Qworty. You have demonstrated - not simply to me; not simply to Wikipedia; but to THE WORLD AT LARGE - that you are incapable of editing in good faith. When the mainstream media characterizes you - Qworty - as a ranting, slanderous, biased editor, then... well, we should take that seriously.  I do hope you've read the Salon article about you? If not, let me quote: your screed was interpreted (rightly) as """"an apoplectic defense by one Wikipedia editor of actions that other Wikipedia editors labeled 'revenge editing.' There’s a lot of anger here (not to mention an unhealthy fixation with excrement!). Call me persnickety, but reading Qworty’s comments did not give me the greatest faith in Wikipedia’s internal process for building an encyclopedia of human knowledge.""""

Those aren't my words, regarding you. They are Salon's. THEY have identified you as an apoplectic, vengeful disgrace, with an unhealthy scatological fixation. So, that's what we're dealing with here: you, Qworty, as the star of an article entitled """"Wikipedia's Shame.""""

Now, Wikipedia requires that we assume good faith in our fellow editors, which I do, until the most extreme (and frankly comical) evidence points out that we're dealing with someone like you. Since we know that you will do everything within your power to sabotage any entry remotely related to Filipacchi, it's a waste of time to discuss matters of policy with you. I'm happy to debate subtle points of epistemology with almost anyone, into the wee hours of the morning - just not with you.  As for Little green rosetta: I've been giving her the benefit of the doubt. Even though she accused me - on the basis of what she termed """"behavioral and technical evidence"""" - of using sock puppets. Even though, when that proved to be false (okay, a lie), she didn't apologize, but instead came here to support your - Qworty's - frivolous snark. Despite all of this, I've given her the benefit of the doubt. Now shall we get back to the tedious matter of editing this article?  (By """"we,"""" I mean me and the editor who hasn't starred in an article entitled """"Wikipedia's Shame."""")   """,1,benign
154761,"Much of the basic biographical information concerning Barungi is not readily available.  I have contacted FEMRITE members who also did not know, and informed me that Violet Barungi does not provide the same even on her own web site.  So this article is meant as stub and a starter  nothing more.",1,benign
88694,In particular the diff provided doesn't address a person at all[ so I do not understand how it can be construed as a personal attack.,1,benign
89564,Thank-you  Talk Contribs,1,benign
125807,"Article length

Before we go and start removing massive portions of the article I think we should take into consideration that many nation articles are quite a bit past the 100kb. The article of Russia is definately long (222kb) and is an excellent article (even used by the wiki community as an example of a good article) even though it has long subsections and many images. Length dosent mean that it's a poorly put together article. This article can work as a long article (and will probably need to in order to explain the complexity of mexico) as long as we provide information which provides accurate representative information.",1,benign
103348,"""

 Good job 

Excellent work on forming those citations. They really improve the article don't they? If you're up to it, you might try the third point in my comment on the article's talk page about adding the Infobox writer template. (I consider the first two points as already covered now). You don't have to do this as it is an elective but if you should decide that it would be an improvement then I would encourage you to give it a try. Try looking at the author's infobox on the right side in this article as an example.

If you decide that you want the infobox but have trouble implementing it then let me know and I'll help you. I'm also going to leave you a welcome below with a collection of links to help you navigate Wikipedia. You show excellent promise for being an editor here so I would encourage you to edit and write articles for the pleasure of it rather than just those that fall within your professional scope. I believe you might find enjoyment in that as well as being able to share your editing contributions with others. —  (talk) """,1,benign
66930,"""

 Thanks a lot!  

Hey.. Thanks a lot for the wishes!! How ya doin?? Hope you notice the subtle change in my signature.. he he... -).. thanks a lot again! 18 Years, India • contribs """,1,benign
58551,Please don't cut and paste information directly from other sites or sources.  This is a violation of copyright.  Thanks. -,1,benign
90115,There have been no substantial comments as a result of the article RFC. I am talking about a Wikipedia:Requests for comment/User conduct. Would you participate in a user conduct RFC? Yes or no.,1,benign
67210,"""|decline=Try it now. -'''''' (TALK) }}""",1,benign
434,"Right  on may 26, 1863 which is not the stars and bars ( )",1,benign
51739,"""Below you examples of what happens when someone inserts a right of FAR FAR left edits into a wikipedia article.  I'm guessing Sephy-'back'stabbity complained to her buddy """"AniMate"""".  Animate's political agenda kicked into high gear, and she left this """"final warning"""" and threat of banishment from wikipedia.  Only problem is in her rush to take care of this she forgot that no warnings had been given before.  Plus as you examine Animate you find that she actively voiced objections to the passing of Prop8, which goes against the leftist agenda.  See how they silence those who disagree.  Somebody should block her from posting.   I have inserted my own commentary into their rants.  Guess they didn't like that because Sephy 'back' stabbity made some additional comments on here to further insult me.  Oh well, all is fair I guess-wantsvictory- 

""",1,benign
88977,"You Won! 

Please pick up your prize at 33 West Bone Ave, Green Bay, Wisconsin. Thank you. 68.248.30.14",1,benign
62837,"""

 Protection needed very Badly 

There is quite a bit of vandalisim on this page i think we need to have the protection reinstated """"Nico Bellic is a Gay mexican"""" i mean what is that.   """,1,benign
31258,")
I just wish that rather than abjectly reverting my edits, people would discuss things rather than immediately coming to the conclusion that I am trying to control the article. The idea of a topic ban is way over the edge, but I do think that any objection to my edits should be responded to with a discussion rather than immediately reverting the edits. (",1,benign
151812,"""
I speak a mix of British, American and Canadian dialects. I've been to so many places, it's hard to adapt. I had an English English teacher (English language teacher from England), hence I spoke fluent BritEng at one point lol. — · [ TALK ]  """,1,benign
105899,I knew him from Pete & Pete.  63.226.104.225,1,benign
1055,"""
I've incorporated Burkert's quote embodying pathos in this context.  

Confusion with Aristaeus?
""""His statue was often set up on rocks and mountains as a protection against excessive heat."""" Often? Did Pausanias see one? Where does this come from? """,1,benign
10735,"""

 Removed for offendinmg Mr Neblett's sacred sensibility 

Removed by Mr Neblett's soc puppet from this diccussion page:
 
− TAB
 I guess some animals are more equal than others 
TAB 
− TABTAB 
− TAB
And this no talent hack of a prep school kid who has gotten everywhere in life by reason solely of playng race card politics also gets special treatment from wikipedia. no one else gets to write their own bio except mr neblett.
TAB 
− TABTAB 
− TAB
oh well, wikipedia  and wales  demnstarate the lack of integrity about the project ... again ... — Preceding unsigned comment added by 31.185.188.17   """,1,benign
44616,""" December 2008 (UTC)
This section shows several examples of taunting by you:. For example, """"Who are you going to report us to? your mommy and daddy?""""   18:33, 15""",1,benign
144152,"""

I have a feeling that proposal would be contested, because Izmir is not as well-known as Istanbul, in my experience.  .ıl """,1,benign
36127,"""

 This guy is guilty of paying $160k for work that reasonably would have cost up to $150k ???   

Something I don't understand here.

Am I correct that the crux of the case against Stevens was that he got some work done to his house for a reduced cost as part of some kind of kick-back?

What exactly were the 7 charges against him?

The residential contractor who finished the renovation for VECO, Augie Paone, """"believes the [Stevens'] remodeling could have cost ― if all the work was done efficiently ― around $130,000 to $150,000, close to the figure Stevens cited last year.""""[62] The Stevens paid $160,000 for the rennovations """"and assumed that covered everything.

So was there any question Stevens paid the $160k he claimed?

If he did, and if the work is reasonably valued at $150k, then how on earth can the prosecution claim he got some sort of unreported gift or illegal kickback?""",1,benign
77138,"Yes, I am well versed in how to constructively use wikipedia, it is my own choice not to do so, would you please remove the large orange currently lodged in your anal tract, please.",1,benign
138815,"REDIRECT Talk:List of members of the upper house of the Riksdag, 1891",1,benign
60427,"""
| Seán T. O'Kelly(1882–1966)
| 
| 29 December 1937
| 14 June 1945
! style=""""background-color: """" | 
| Fianna Fáil
| Minister for Local Government and Public Health (1937–39)Minister for Education (1939)Minister for Finance (1939–45)
| President of Ireland (1945–59) 
|-
|}""",1,benign
52760,"After giving this article sufficient time to be looked at, isn't it time for a complete revamp, especially the first development section that reads like pulp fiction. FWIW   .",1,benign
22951,"Tubthumping Silly Drinking Lyrics 
Not very surprising though, it's meant to be an amusing reference - they are a UK band, and  anarchists in the UK (sorry, couldn't resist) are notorious hard drinkers.",1,benign
12222,"""== June 2014 ==

{| width=""""100%"""" style=""""background:transparent""""
{| width=""""100%"""" style=""""background-color:#F5FFFA""""
|style=""""width: 50%; border:1px solid #084080; background-color:#F5FFFA; vertical-align:top""""|
 Hello, Robframpton, and Welcome to Wikipedia!
Thank you for your contributions to this free encyclopedia. If you decide that you need help, check out Getting Help below, ask me on my talk page, or place  on your talk page and ask your question there. Please remember to sign your name on talk pages by clicking  or  or by typing four tildes (~~~~); this will automatically produce your username and the date. Also, please do your best to always fill in the edit summary field. Below are some useful links to facilitate your involvement.  Happy editing! '''rolls''' 
{| width=""""100%"""" style=""""background-color:#F5FFFA""""
|style=""""width: 50%; border:0; background-color:#F5FFFA; vertical-align:top""""|
 Getting started Introduction
 The five pillars of Wikipedia
 How to edit a page
 Intuitive guide to Wikipedia Finding your way around Table of contents
 Department directory Editing articles How to develop an article
 Simplified Manual of Style
|style=""""width: 50%; border:0; background-color:#F5FFFA; vertical-align:top""""|
{| width=""""100%"""" cellpadding=""""2"""" style=""""vertical-align:top; background-color:#F5FFFA""""
! Getting help
|-
|style=""""color:#000""""|
 Frequently asked questions
 Cheatsheet
 Where to ask a question
 Help pages
 New contributors' help page
 Article Wizard – a Wizard to help you create articles
|-
! How you can help
|-
|style=""""color:#000""""|
 Contributing to Wikipedia
 Community Portal
 [[WP:WikiProject|Join a WikiProj",1,benign
68167,"""
 Okay, but the key phrase you seem to be missing from WP:NFCI is .  Since the non-free content criterion, section number 9 says that such images can only be used in article space, you are disallowed to use such images in your user space. — {{U|}} (e • t • c) """,1,benign
80602,I picked up the name Kurt Adkins somewhere in wickopedia but i cannot remember where - but who cares - if i am wrong in a discussion then no harm and certainly no harrassment had been caused -unless there are larger issues that you cannot disclose.,1,benign
150219,"Are you sure 
Because I got it from the Soviet Abkhazia page. I trust you, but that is what was found on that page, I though it would be useful. That is why.",1,benign
15408,"""

Simply saying """"We talked about this"""" does not a conversation make. You have not discussed this, or offered any point by point counter to each of the citations, you have simply removed the entire section without edit repeatedly.

The entire paragraph is not a one time edit, it reflects a 10 day edit, revert, discussion, update and citation run that culminated in the final paragraph that is now included. Some late comers finally decided that the entire thing did not suit them and removed it without discussion to the latter section but there was never discussion on the content just the wholesale dismissal and that is not in the spirit of NPOV.

Either please provide a point by point citation level issue with the paragraph or leave it alone until you have had time to cool down and do some research. You say the citations do little to support the content but offer no substantive example to support that. Do some homework, examine black publications and writings within the scope of your research or stand down. """,1,benign
27171,"""
""""Firing tests showed"""" - not firing tests. Its military/factory limits. Its big difference.
""""The extreme vertical spreads for the SVD were established by"""" - not for SVD. Extreme vertical spread is only usa standart. ExVer is used """"to keep things as understandable as possible for common readers"""".
Better leave mine text. It is more encyclopaedic. Even words about urban legend.""",1,benign
105205,I hope you agree on this and make it a good Christmass day,1,benign
86143,"Hmm, I do see your point. Thanks,",1,benign
40693,"Pakistani Bias 
This article tries to justify terrorist activities by Pakistan supported militants by using weasel words that 'human rights abuses by both sides' etc. Somhow it tries to put suicide bombers Also it does not portray the role of pakistani intelligence agencies ISI played in supporting the militancies in the past. There are several independent sources such as FAS which whould confirm this. I have added link to this. As an Indian as much as I want peace with pakistan, I do also want to mention these historic facts.  I urge the wikipedians to add more information from credibly sources to this article. Let us remove bias from this article. 
I would like to have various statements from organizations such as Lashkar e Toiba related to the kashmir issue included here so that we know what their stand is and what they stand for.",1,benign
10392,"NOTICE ABOUT TALK PAGE RULES

This tal page is for discussions about articles only.  Any other postings will be considered trolling and will be removed in sight.",1,benign
105791,"What? The guy clearly has consistently destroyed your arguments. Why do you feel the need, when presented with such a massive body of evidence pointing quite clearly towards to contrary (concerning the phrase in question), to argue against it and then when finally beaten claim that further debate would 'violate wikipedia policies'. You quite clearly are a militantly pro-Atheist, pro-Nietzschean fool who can't accept anyone challenging his, and therefore irrefutable, view of the world. 

Just goes to show though, you are just as dogmatic as the priests from the pulpit you so deride.",1,benign
78572,"You have deleted a number of templates, and have upset a large number of Wikipedia editors in the process.  Taking the templates through the TfD process would be a more civil and appropriate way to resolve your concerns.  You have broken the bond of trust that we all hope to share on Wikipedia - I would suggest that you take action to restore the deleted templates and then nominate them in the proper manner.",1,benign
60676,REDIRECT Talk:List of anonymous masters,1,benign
95557,"""

 OSS Logo deletion
Can I ask why you believe these """"OSS Society"""" guys? What have they provided you by way of evidence that they own the copyright to that image, beyong having it on their own website? That logo was taken directly from CIA.gov, which clearly states that everything there is in the public domain, unless it is otherwise marked with a copyright notice. I ever took a screenshot to prove this [http://commons.wikimedia.org/wiki/File:CIAscreenshot.JP, and as you can see, CIA.gov presents this as their image, without a copyright notice to """"OSS Society"""" or anyone else. This OSS Society probaqbly want to keep the logo off of Wikipedia because they use it on books and videos which they market """"for profit"""". However, I believe their claim of copyright is fraudulent.   """,1,benign
44949,User:Ruud Koot is dishonest and a disgrace to Wikipedia:  Commitment ordering,1,benign
84337,"Recent Change... 

I just wanted to show, because I'm anonymous, that I recently made a change to this webpage.  I unitalicized the text in the table under Imperfect, under Verbs (6.3).  It was VERY difficult to read when it was italicized and looks better this way.  Thanks.",1,benign
46048,"No problem, mistakes happen and are easily correctable. If you require assistance please let me know; or you can discuss the article on its talk page, Talk:Christian feminism. - Boy",1,benign
122461,"""

 Jargon 
I found sources defining the three terms tagged as jargon if someone wants to edit them in.
"""".. a thing called the jitterbug. Jitterbugging around, trying to surround enemy units with helicopters,...""""

""""...squad sized elements. These elements had fixed areas of operations comparable to the squares of a checkerboard, and once in these areas of operations they moved continuously from one terrain feature to another in order to interdict the enemy.""""
more detail

""""...""""Eagle Flight"""" choppers were loaded with Vietnamese airborne troops who were dropped in to support ground forces at the first sign of enemy contact.""""

image 11  """,1,benign
16633,to remove content from Wikipedia,1,benign
3578,"""Corinne, I was replying to your comment that """"I think articles on animals (and birds, and insects) are much more interesting than articles on plants and fungi, but I'll do those, too. I also really like articles on geology, mining, and environmental topics."""" I'm saying: that sounds fine, go ahead and do them at TFA. To see what """"support on prose"""" means, click on WP:FAC and then search for that phrase. You'll see that I've offered something called """"support on prose"""" for many of the articles currently up at FAC. Looking at what I've done should explain it better than I can. - Dank (push to talk) 

""",1,benign
127478,"Byron Nelson 

Hi, thanks for the advice on the GA for Byron Nelson. I did intend to improve the article a bit anyway, but a bit more was needed than I thought. Nevertheless, the article was improved enough to grant a GA status anyway! Also on another note, your golfer infobox needs to become the standard one for all golfer articles, so for that to happen a discussion should take place, which has been happening at the WP Golf talk page, and eventually it has to be put into the  template. So if you feel you need to discuss some things about the infobox, raise your thoughts at the WP Golf talk page as mentioned above. Thanks!",1,benign
10193,"NPOV Tag?
An NPOV tag with no talk page?  Huh?",1,benign
104520,"It's a game? 
I must be retarded because I played this game and all I have to say is don't ever come wihin 50 feet of it.
You'll have more fun banging your head on the car door long enough to be rushed to the E.R.",1,benign
1723,thanks for these replies. i atleast found one.,1,benign
127801,"""because it just seems like a page that needs cleanup now, not a test page. 888 
""",1,benign
115778,"AndyTheGrump doesn't like the Daily Mail because he is a communist, of the worst Pol Pot variety. That's why he is lying about it's popularity. 94.116.40.108",1,benign
6034,"""

 It was added to the article about a year ago, and has stayed there ever since. Due to the information that it isn't true I've removed that section.  talk """,1,benign
117668,"speedy tagging 

Hello. I am a little bit concerned with your use of speedy deletion tags. Note that in the last few minutes the following speedy deletion requests have been declined: 
River (ward)
G DATA AntiVirus
Ochopintre
Chasing Darkness
Rutherglen castle
220 (t.A.T.u. Song)
Greatest Hits Volume Two (The Judds album)
Some of these articles were the first edit of new users and there is nothing more frustrating and disappointing to new users than a speedy deletion notice that appears 20 seconds after they've created the page. Conversely, some of these articles were started by long-standing contributors and you should respect their experience about what is and what isn't a valid encyclopedia article. I think it would be best for you to either stop doing newpage patrol or seek counsel from someone who has been doing it for a while. While I appreciate you trying to help, the fact is that wrong speedy deletion tagging is quite damaging (for the reasons explained above) and time consuming for admins who often have to go back and explain the mistake to new users. When in doubt, try asking the author about the article, see if you can fix it, put it on your watchlist and return to it the next day or send it to AfD. Thanks,",1,benign
83510,"Hello there 

I noticed you haven't been very active lately. I hope you're doing well. If you make it back, add yourself again to WP:PRV please! Thanks. Best wishes.",1,benign
112678,"""

Dr. Hillman are you really so insensitive to your defamatory remarks about Jack Sarfatti? Is it simply your arrogance? Your double standard that you do not apply to yourself? I mean your

""""I took the claim about Jack's education from his self-described """"official website"""", but most of us would probably agree that Jack Sarfatti may not be the best source of information about Jack Sarfatti""""

again your blatant insinuation that Jack is a liar, some kind of criminal who must be assumed is guilty and must continually prove his innocence. You cannot point out even one factual lie about himself on anything he has ever written. As to his not using quotes for other people's remarks that is generally not true at all. It may happen inadvertently but only rarely in my experience. Sarfatti is in a position of great trust with some important people and for you and others to casually defame him as not to be trusted on factual information is really legally damaging. You should check your own sources and apply your own criteria to yourself. Also give your e-mail and real ID. I give my e-mail.
 SIGNED Jack Horner woodymarble@mac.com 4:40 PM Sunday Sept 25, 2005""",1,benign
40293,"""== Contested deletion ==

This article should not be speedily deleted for lack of asserted importance because the restaurant was awarded a Michelin star for 35 years (25 certified). —  talk """,1,benign
24172,"""

E-mail
It's what you have ) —  ε """,1,benign
131869,"I know, and as I told, I am politically syncretic and simply want neutral Wikipedia articles.
For Canada and all other Commonwealth Realms (except for England itself), the monarch appoints a governor-general to take over his or her duties in the realms. Canada and any other country needs a monarchical head of state, because it's a neutral person (and not coming from any party) representing all the People and avoids the country to become a dictatorship. He or she stands for stability, democracy and justice. One only point I don't like on monarchies is that in most of present monarchies the husband of a reigning queen becomes Prince Consort instead of King Consort. That should be changed. And now to the USA: the president is not elected by the People, but by electors. Second, there are only two parties, which have real chances to become ruling parties due to the restrictions of the Constitution. And third, it has a first-past-the-post voting system like in England, which also favors the only two ruling parties. In England, it doesn't matter, because Con. Party and Lab. Party have different aims, while the Rep. and the Dem. Party have very similar aims. Only a few persons in them make exceptions such as Ron Paul, Randall Terry, Rick Santorum or Sarah Palin.   
P.S. And there's a law of which only a few know, which gives the US President the power to pass any proposed law, despite accepted or not by the Congress.",1,benign
88641,"""==Rogue Gallart==

A {{prod}} template has been added to the article Rogue Gallart, suggesting that it be deleted according to the proposed deletion process. All contributions are appreciated, but this article may not satisfy Wikipedia's criteria for inclusion, and the deletion notice explains why (see also """"What Wikipedia is not"""" and Wikipedia's deletion policy).  You may contest the proposed deletion by removing the {{dated prod}} notice, but please explain why you disagree with the proposed deletion in your edit summary or on its talk page. Also, please consider improving the article to address the issues raised. Even though removing the deletion notice will prevent deletion through the proposed deletion process, the article may still be deleted if it matches any of the speedy deletion criteria or it can be sent to Articles for Deletion, where it may be deleted if consensus to delete is reached. If you endorse deletion of the article, and you are the only person who has made substantial edits to the page, please tag it with .  """,1,benign
31527,"Stop reverting edits because you don't like them! 

I will attack you for continuously damaging edits by other users.

Reporting this profile for spam.",1,benign
3882,"Yes, you have a point there. I humbly excuse for those edits related to 1 and 3 as they're doubtable. As for 2, I added alleged CIA operative in the article. It is more accurate than 'cult depogrammer' although no such title/profession at all would suffice too. What cults or cult members has he deprogrammed? The word 'cult' is out of context. My edits with regard to 4 are at least better than the previous state. Note, that point 4 is proven by Project Monarch entry and various of its sources on bottom. It is therefore completely bogus to say that CoB and MP are somehow 'the only source'. 2 and 4 in CoB entry were inconsistent with PM entry. The article is now more accurate according to Wikipedia's policies IMO. Have a look and a nice day or 2.",1,benign
40643,"Please stop your disruptive editing. If your vandalism continues, you will be blocked from editing.  \talk 
If this is a shared IP address, and you didn't make the edit, consider creating an account for yourself so you can avoid further irrelevant notices.",1,benign
110898,"More misrepresentation. You said, in the very first post in this section, Well, I am proposing to add Malaysian prime Minister Mahathir's call to charge western leaders including John Howard for war crimes. That isn't generalised criticism of the Iraq war. It's a specific attack on John Howard, stating that he is a war criminal. In addition, Mahathir is not the Malaysian prime minister - that position has been held for the past five years by Abdullah Ahmad Badawi.",1,benign
46585,"""
Also, I can't access that paper you linked to on Cambridge web. Can you post a quote? Nightw """,1,benign
53176,"""

 DYK for Rescue of Jews by Polish communities during the Holocaust 

On 11 November, 2008, Did you know? was updated with  from the article Rescue of Jews by Polish communities during the Holocaust, which you created or substantially expanded. If you know of another interesting fact from a recently created article, then please suggest it on the Did you know? talk page.     """,1,benign
82777,"""

No, I never have been much on WikiCup.  I have the following articles pending at GAN:
Idaho v. United States
Glik v. Cunniffe
Lone Wolf v. Hitchcock
Any reviews would be appreciated.   Boomer!  """,1,benign
70937,"Hi there, that was not a test edit. I was meaning to communicate with User Flyer22. Thanks.",1,benign
17966,"""

Then leave this page to those who know the english language because that statement was pure insult, of course you will now tell me you literally believe he was THE FIRST BORN OF SATAN and its all rationale in your mind. The Germans would have loved you at the Nuremberg Trials you would have rationalized away all there deplorable actions with words like """"but they believed it to be true"""" and """"in there minds it wasn't wrong"""".

It's clear you are running away from the key issues that i raised since you haven't replied to the inadmissible content policy and ignored the fact that non of these insults present an argument what so ever [that appeals to an individuals intellect] which is the definition of a criticism and what sets it apart.  """,1,benign
99798,"Good point and have reverted, thanks.",1,benign
82060,"Chris crocker change 

Idont know where you came from but he is a queer who needs to be shown and displayed as one for if he isnt people will mistake him as an icon which he isnt cause hes a filthy human being",1,benign
135697,"""
Thanks.   (talk) 2006-08-17 05:24Z""",1,benign
111082,"Hi  This whole episode is being reported in the National Review: http://media.nationalreview.com It's also being reported on the blog havecoffeewillwrite.com  http://havecoffeewillwrite.com/?p=1625
There is no valid reason to have this site down. Please put it back up immediately.",1,benign
45706,"Come on guys, I think we've all had enough now so can we get back to what this thread started off as? Maybe some technocrat could put this debate in one of these drop down banner thingies.Ta.  | Talk",1,benign
61473,"""

I haven't touched, much less """"vandalized"""", any article. Ever. Who is """"we"""", and what """"consensus"""" are you talking about? Read the comments above. I just read the talk page at Talk:Espresso and see you've done the exactly the same thing there to Wikipedia. Promoting a falsehood for no apparent reason. Congrats. And please stop harassing me and accusing me of being a """"sockpuppet"""" and a """"vandal"""". Leave me alone. 193.109.199.35  """,1,benign
148357,"""Thank you for experimenting with  Wikipedia. Your test worked, and it has been reverted or removed. Please use the sandbox for any other tests you may want to do. Take a look at the welcome page to learn more about contributing to our encyclopedia. khoi """,1,benign
90769,"Fair enough. My only question would be, why did you revert my PROD on the Atheists in foxholes article?",1,benign
154182,"Here are some sources that I found while researching Green Island yesterday, were of no use to be then, but definitely some gems for your article; but this page 7 might be a good addition as it adds notability with mentioning a tie-in with an actual person that is represented in The Last of the Mohicans. page 62 and 63 here is also relevant. here is more in depth info on the selling of the land and the native's names. A book I have might be good, The Mohawk-Hudson Gateway I believe is the name, if you can get your hands on a copy at the library instead of buying it.",1,benign
105843,CORRECT ARTICLE ON MY USER PAGE OKAY,1,benign
113980,Unconstructive edits on Talk:Hebron,1,benign
64439,"""

 Not to do more drama, but to understand 

Hi Shimeru,

I must say I've been thoroughly surprised of your block on me. I admit freely that my comments were quite over the top, but despite your rationale I've seen no previous warning (nor has the unblocking admin), while instead you took care of warning TreasuryTag for example. Also, I see much worse violations of WP:CIVIL and WP:NPA everyday that even when protested at AN/I or WQA for admin attention do not lead to blocks. I also explicitly stated that no personal attack was meant at all and that mine was (harsh, agree) criticism of opinions.

What done is done; however I would like to understand the rationale for such a tough action against me. I feel strongly I didn't deserve it; however I'm ready to hear your reasoning and in case I'd like to learn from my mistakes. Thank you. talk """,1,benign
51225,Thanks - that clears it up.,1,benign
151706,"""

I understand why they show this on your source, because they include also the East Germany. So you have to split the East Germany on a separate record.

My sources   - here is a bit different, because they count Win or Lose also for a penalty game.

A penalty game is considered drawn by FIFA. You should now this, I will send you a reference if you do not know. So you have to modify in this article in case of this situations. 

Other source   12 - 5 - 12.

England national football team all-time record - if you have a look here, also you will see the difference.
I did modify this articles and add colors, if you want to do it for this article also, and to split the East Germany from the main table.
You can add also """"Combined predecessor and successor Records"""" a separate table for this cases. Read the England national football team all-time record article to know what I am talking about. I hope you did understand me. Thanks!  """,1,benign
60778,"Despite Martin's efforts to rescue it, the entire second section of this entry reads like a deranged adolescent essay with severe POV problems. If that bizarre collection of unrelated factoids had crossed my desk back when I was teaching, I should have needed a great deal of red ink in my pen, and the student would probably have needed to schedule in another twelve months to repeat the course next year. As it stands, it's hopeless and would be better off deleted.",1,benign
12201,"""Could someone post """"How To Tie A Whip Popper""""? The """"popper"""" is the part at the end of the whip that causes it to """"crack"""" and I know you can """"tie your own"""" but don't know the technique. Thanks.  

""",1,benign
39064,"""

 Don't get it... 

""""planned to spend three months with the Parachute Regiment at Falklands, and stayed there for 3 months before returning back to England, where they parachuted into the sea to secure the beach heads whilst the British pulled out""""

Into which sea did he parachute?

Which beach heads was he securing?

From where were the British pulling out?

Is this tied up with the Aden quotes I've read? They seem to have all gone. """"At Falklands""""? Do they mean the Falkland Islands?

The passage doesn't make much sense to me.""",1,benign
12741,REDIRECT Talk:East Coast Railway Zone (India),1,benign
40460,"""
Well the accusation of vandalism remains unsupported by any attempt to justify it, and the accusation that I said anything about """"sorting him out"""" (what does he think I am? a 14 year old in the playground?) can be seen from the talk history to be pure fanciful invention.  If you believe that this editor has anything positive to add to the project, perhaps you would like to steer him towards the straight and narrow.   """,1,benign
49851,"Yeah I know, it was my friends this time that were vandalizing after I told them what was going on; they didn't listen to me apparently.",1,benign
367,"""
It isn't about success. It's a phenomenon that goes back at least 100 years, to the days of Sousa and Johann Strauss. However, if you look at the """"Article Milestones"""" section above, you'll see it has survived no fewer than four deletion discussions. And we do require credible sources, and fancruft is removed on sight. andemu """,1,benign
40107,"""
Hello!  Peyton Bowen is not the appropriate place to post information about yourself, because it is in the part of Wikipedia where encyclopaedic articles are written.  A """"userpage"""" at . Please see Wikipedia:Introduction and Wikipedia:User page for more information.  talk """,1,benign
86432,"It is an improvement so I won't comment on the discreet tweaks a user made in his/her arguments in order to fake logical consistency and avoid blame or cite anything that would smear a user's strained wikilike appearance. Excuse me if I don't seem to remember the same thing, and I won't comment on your bringing up this dead issue just like Scieberking did on my talk page. Some would call that harassment. Oh well.",1,benign
106003,"""
 This article is prejudiced 

Not only is this article prejudiced, but Balkan based """"admin"""" from Croatia is bullying editors who do not share his nationalistic worldview, and even does not allow for a POV tag to stick on this horrible article. The article has many problems:

Coverage is biased, and is from Croatian POV. 
""""Facts"""" are skewed, and pictures are inserted that favour their POV.
 Problems abound, but the clique of editors and admins with conflict of interest do not allow any review of article that they think they own.""",1,benign
125782,"RfC: The Gambia or the Gambia 

There is currently a request for comments at Talk:The Gambia on whether to capitalize the definite article in the country name. Feel free to participate in the discussion.",1,benign
63954,"That's annoying. File:Sirfrancisdashwood.jpg was lost in the September 2008 image loss, but I can't find any explanation for the others, such as File:West Wycombe 2 (Giano).gif. Btw, I had no idea the Image: space was just renamed to File:",1,benign
96362,"""

 I dispute Jayjg's block for """"personal attacks"""" 

For the record I dispute Jayjg's block of me for """"personal attacks"""" (and he has yet to notify me on my talk page). Given the history of the Conspiracy theory article it is perfectly reasonable to interpret that a bot-like highly coordinated cabal of editors do everything in their power to defend or implement a certain POV. Why do Jayjg and his POV aligned friends always seem to show up to the same article at the same time? Why do Jayjg and his friends have exactly the same POV? They never seem to debate the core issues of any controversy on the talk page.  T """,1,benign
78632,"Arkansas is not so fun about it,becaues it dosent tell us about who was the founder.",1,benign
41708,Can any tell or show me where active debate about the article is held as Georgewillamherbert mentioned?Darko,1,benign
97682,"""
 Your submission at AfC Joshua Irungu was accepted 
 Joshua Irungu, which you submitted to Articles for creation, has been created. 
You are more than welcome to continue making quality contributions to Wikipedia. .
 If you have any questions, you are welcome to ask at the help desk.
 If you would like to help us improve this process, please consider .
Thank you for helping improve Wikipedia!
  """,1,benign
129175,"""

content moved from bennelong medal talk page
I feel this page is notable as it is not included on the Bennelong Society entry, where it should rightly go. I attempted to put it there and it was repeatedly deleted and I did not want to enter an edit war. Therefore it exists as a separate page.

 There appear to be some mentions in Google; you should add some to the article.  

I removed the notability warning as  seems to have contradicted himself by adding a notability warning prior to checking basic searches such as google. I'll add some links and expand the article so it can be merged back into Bennelong Society when time permits (unless  would like to make some constructive edits? ) ).  

 Article did not cite any third party sources when I added the tag; the onus is not on other editors to cite sources for material.  

 What on thi spage needs cleaning up? It states the data and the source. What else could there be. The article did site one third party source at the time of you first tagging, it was within the body of the article, as it was a hyperlink, as opposed to at the end. This surely suggests that you have not actually read the article fully. The added sources to keep you happy are in fact irrelevant as they add nothing to the article and in adding to the length of the article, remove some of its encyclopædic nature. Is it these you would like removed for the clean up? - - [[User talk:A.J.1.5.2.|TALK]] 

Assuming I understood you correctly I have gone ahead with the clean up and removed the tag. - - [[User talk:A.J.1.5.2.|TALK]] """,1,benign
106687,"Image:Equilibrium_of_the_Online_Medium.pdf listed for deletion 
An image or media file that you uploaded or altered, Image:Equilibrium_of_the_Online_Medium.pdf, has been listed at Wikipedia:Images and media for deletion. Please see the discussion to see why this is (you may have to search for the title of the image to find its entry), if you are interested in it not being deleted.    Talk",1,benign
78737,"""

You helped choose carbon dioxide as this week's WP:ACID winner
Thank you for your support of the Article Improvement Drive.This week carbon dioxide was selected to be improved to featured article status.Hope you can help.

 """,1,benign
128075,edited me off. this guy is still a douche. cromdog that is.,1,benign
85185,""" 
I would recommend that we consult Wikipedia policy and guidelines on quotations, and discuss the matter with an eye toward improving the article, before jumping into a GAR reassessment prematurely.  Per WP:QUOTATIONS: """"As a matter of style, quoteboxes should generally be avoided as they draw special attention to the opinion of one source, and present that opinion as though Wikipedia endorses it. Instead of using quoteboxes to highlight its notability, explain its importance before introducing the quote or in an introduction to the quote.""""198.228.200.161  """,1,benign
8655,"""

 Please do not vandalize pages, as you did with this edit to Ice-T. If you continue to do so, you will be blocked from editing.   Waters """,1,benign
91381,"Basic Block 
Added link to this article in the Basic block. The article is now essentially about main in various languages. Maybe we should add something regarding the more general meaning.",1,benign
42098,"Truthfully, my situation was what opened my eyes to how screwed up things were, how often we get things wrong and how crappy editors are treated. Before that I thought very highly of the processes. I thought they worked and often supported them. Know I know better because I have been through it. Those who haven't been through it do not know how often the tools get things wrong, how often one bad admin decision can cause terrible harm to the pedia and how quickly the community turns on one of its own for petty and simple reasons without even taking the time to look into the situation.",1,benign
4425,"Decline unblock 

You declined my unblock request. Barrymcpeedmipants or wev his name is, is probably another student at my school, NOT me. If you understood this before it would make you real smarter than you currently are, you obnoxious cunt.",1,benign
111766,">
Well-behaved women (and people of color) seldom make history.",1,benign
128862,"Well, I think you've actually demonstrated that a block may be effective  in that the vandal might not be able to come back to the page he/she vandalized  but obviously, collateral damage is the issue and that is known already.  In the case of the vandal I was chasing this morning, however, he/she was roving through a variety of IPs in that subnet.",1,benign
104476,"Thanks for the links on India 

Also, sign up for nominating Nagpur for the Indian collaboration of the week, if you haven't already.",1,benign
139272,"Loosing Battle
Dude, just looking at your list of topics it would seem like you are fighting more than a few loosing battles.",1,benign
157877,"""

I checked what links here and found Wikipedia:Administrators' noticeboard/Archive105#Block for review:
""""I've preemptively blocked . See  for background. I'd appreciate it if someone gave this a second look. ∇∆∇∆ 
 """"Looks good to me.  That's a hell of a find.  talk 
 """"Absolutely a good call.  
 """"Appreciate that action  """"

(Brief WP:ANI discussion blockquoted above.) —   ✉  """,1,benign
117438,Was that enough reason to remove his comments here?,1,benign
141306,"Your editing
Why do you only edit Jewish articles?24.27.130.12",1,benign
149207,"""
 Don't you mean """"only plurals LOSE the post..."""" not """"only plurals LOOSE the post..."""" LOL""",1,benign
27688,"""
I have removed the warning. Seems to have been WP:Huggle Wars. Very sorry about that! ~ Ameliorate  T C @ """,1,benign
20522,"""

Check this page and tell me what's my fault.
Yesterday I got into an argument about vegetarianism and stuff. Since then I'm being harassed by Edwar321 and his sock mihaiam (I'm 100% certain look at their writing styles and all).

All my edits are getting reverted from these 2 accounts. I am not complaining about other reversions pertaining to vegetarianism because they are still under question.But recently, he reverted this and It's wholly unrelated to the topic of the argument. Check their today's contributions (Edwar321 and mihaiam) you'll see mostly deletions of my posts. I'm offended by this sort of behaviour.  (Talk?)  """,1,benign
8829,"""
It would be helpful if the time stamp was in EST. UTC confuses me all the time and it gets me annoyed. Normally I leave it for half of the day to a day. I archive threads, perhaps too early, it's because to avoid clutter. Have you seen the number of threads open as right now? It's long and very detailed. However, I have not ruled out the other involved editors. Nonetheless, I will limit my archiving. May I ask, in your opinion, how long it should be before I archive? PS: I restored the thread in your message.  (Talk) ♑ """,1,benign
1733,"""
 Speedy deletion of """"Charlene Doofenshmirtz"""" 

 A page you created, Charlene Doofenshmirtz, has been tagged for deletion, as it meets one or more of the criteria for speedy deletion; specifically, it is about a person or group of people, but it does not indicate how they are important or significant, and thus why they should be included in an encyclopedia. Please see the guidelines for what is generally accepted as notable, and the guidelines for biographies in particular.

You are welcome to contribute content which complies with our content policies and any applicable inclusion guidelines. However, please do not simply re-create the page with the same content. You may also wish to read our introduction to editing and guide to writing your first article.

Thanks. Blanchardb-•MyEars•MyMouth-timed """,1,benign
14336,"""

 Help Please! An evil Wikipedia editor attacks aviation pioneers Coanda and Vuia constantly 

Unfortunately, an evil Wikipedia editor (who uses a multitudes of names ( Romanianlies, Romaniantruths, Binksternet, Soundofmusicals, Andy Dingley, GraemeLeggett, BilCat, ... ) and is also in the Bord of Editors, so he has more power on Wikipedia that an ordinary contributor) has been attacking for more than three years various aviation pioneers, amongst others Traian Vuia and Henri Coanda, for unknown reasons. 

In general, as soon as he sees the two names in Wikipedia articles he immediately adds the word """"unsuccessful"""" and other unjustified bad characterizations, multiple times.

Any attempt to delete these unfair remarks always fails and the user who dare to confront Romanianlies gets suspended.

Something has to be done. If you have an idea feel free to share it. This man is paid with donations from Wikipedia supporters and he simply abuses his position and denigrates, at will and with no justifications, personalities that he does not like.""",1,benign
139794,"Qiyamah
I have been having a huge amount of trouble with a vandal ( on the Qiyamah page. I ask that he, and every other sockpuppet he uses be banned, and the page protected. Dmcdevit was previously contacted but has refused to take any action thus far. For more information see the Qiyamah talk page, Universaliss's talk page, and my talk page. Thank you for your time.  18:11, July 30, 2005 (UTC)",1,benign
17418,you are talking to Larry Harnisch who happens to know more about this case than anyone living.  I suggest you walk away.,1,benign
66876,"Edits of National Civic Council
Hello, and welcome to Wikipedia. Unfortunately I have reverted the edits you made to the above article based on the apparent conflict of interest you have with your username. I ask you to please read WP:ISU, which says Wikipedia policy does not allow usernames that appear to represent a company or organization. There are a few things we need to discuss.
We can discuss your proposed changes to the article at the article's talk page. But edits under your current username will not be accepted on the article itself.
If you are related to the organization, you will need to change your username so that it complies with Wikipedia's policies regarding names. I can help you with the process if necessary. Of course, you are not required to disclose any personal information about whether you are or not related, it is a voluntary issue.
If you are related to the organization, that means you have a conflict of interest. Please read the policies regarding COI, so that we can collaborate on the article talk page and make the changes you think are necessary.
Please contact me via my talk page if you have any questions or need help. Regards,",1,benign
124271,"Lancashire
do not say Wallsuches is Greater Manchester,it is not. Wallsuches along with Horrocks Fold are in Bolton but are too far out to be Greater Manchester, Bolton is the only Borough of Greater Manchester to have parts which are adminstrated by Lancashire,other Boroughs such as Bury and Salford are fully in greater manchester.",1,benign
66782,"""

 Robert Plant's Romani roots? 

I see that there are some information about Plant having some Romani roots. As far as I know, however, Plant said """"my mother was a gypsy"""", where """"gypsy"""" could've meant """"a traveller"""" or a """"a hippie"""" - in terms of a lifestyle, not ethnicity. He could've meant some Itinerant groups in Europe like for instance the Irish Travellers or maybe some Scottish Gypsy and Traveller groups. I know Robert Plant is from the UK, and I've heard that British people usually don't use the word """"gypsy"""" when speaking about Romani people, but they use it when speaking about people who lead itinerant life. Any conformation that Plant used it in terms of his Romani ethnic origin?   """,1,benign
68255,"""

 Please do not vandalize pages, as you did with this edit to Vincent (disambiguation). If you continue to do so, you will be blocked from editing.    """,1,benign
33060,"Hey, can you please respond to my comment on star wars' talk page?  

http://en.wikipedia.org/wiki/Talk:Star_Wars#Why_don.27t_we_talk_about_Star_Wars.27_prodigious_impact_on_pop_culture_in_the_opening_paragraph.3F",1,benign
70917,You weren't supposed to post that yet you tard. 217.41.226.121,1,benign
60690,"Who's a celebrity then?
Congratulations, I ran up your name in Google and look what I found!. Regards! 188.28.140.9",1,benign
42310,"Well no crap we're the same person because this is Sascha Kreiger.  Also, I think it's pretty obvious why I would act in concert with Alex and any other people she decided to bring in.  She brought us in because you were running a historical revisionist flame war along with your group of e-thugs, and making it impossible for factual and historical edits to the article.  I find it very strange that you would bring up sock puppetry when you already know why we're editing the same article.",1,benign
88759,"""
Welcome!

Hello, , and welcome to Wikipedia! Thank you for your contributions. I hope you like the place and decide to stay. Here are a few good links for newcomers:
The five pillars of Wikipedia
How to edit a page
Help pages
Tutorial
How to write a great article
Manual of Style
I hope you enjoy editing here and being a Wikipedian! Please sign your name on talk pages using four tildes (~~~~); this will automatically produce your name and the date. If you need help, check out Wikipedia:Where to ask a question, ask me on my talk page, or place {{helpme}} on your talk page and someone will show up shortly to answer your questions. Again, welcome!  

Thanks for experimenting with the page Bulgaria on Wikipedia. Your test worked, and has been reverted or removed. Please use the sandbox for any other tests you want to do. Take a look at the welcome page if you would like to learn more about contributing to our encyclopedia.  Thanks.   melmac """,1,benign
25637,"""

 Please do not vandalize pages, as you did with this edit to Rhode Island. If you continue to do so, you will be blocked from editing.   – scent """,1,benign
149261,"Nicholas Bartley
I have similarly removed Nichalas Bartley from the disambiguation page Bartley. Unless he is notable enough to have his own article in Wikipedia, he should not be mentioned there.",1,benign
10607,""", 16 September 2013 (UTC)
I have submitted an unblock request. In your post on 15 Sept above you say """"note that sockpuppetry is only part of the problem, you still need to address the other issues"""" - what other issues are you talking about? The edit war? I will avoid edit war, but I will resume discussion on the article on yoga with a view to make it more accurate once the block has been lifted. I am far from convinced that that article has all the relevant information properly represented.   18:53""",1,benign
1644,"""

 Tossgirl as best or only? 

you seem to think that she is the only female pro, but you are mistaken. there are many others such as: Berry, JongMi, Navy, January, tulip, sunhee, carot, 13etty, anna, d0d0, fish, kanghuny, precious, puzzle, vitamin, y""""-""""o, arima, gano and others. also, if she is the only pro, why do u think they still occasionaly hold all female SC events in korea? so yes, i will change it back""",1,benign
35952,"""
Read WP:Null edit, where it says, """"Sending a short message via the edit summary (""""SMS"""") is one way of communicating with other editors if there is no need to create a new thread for the message.""""   """,1,benign
159416,How is asking for CORRECT REFERENCES disrupting a page? Do you support bad history?,1,benign
4392,", salt-cured meat, curing (food preservation), smoking (cooking technique) - probably others. Perhaps we don't need any more general articles",1,benign
64545,"""

Oh, so sad! Why you always remind of me? Uh? This time I remind you serious, you said on this page you are retired and inactive. But why you always so active to my proper modification? You ever told me do learn in English. Yeah, your English, """"retired"""" means also """"set block to me"""", """"inactive"""" means """"very active"""", I could never understand what kind of English like this. OK, I forget ask that what kind of English you speak? Anyhow time I warn you that you could make report or discuss to remove me and block my IPs, just for I retain the consistency about the date format. OK, do please! Best regards,   """,1,benign
120138,"""

   01:08, May 20, 2005 (UTC)""",1,benign
60469,. Sorry I'm always late at these things. (  (talk • contribs • email),1,benign
5680,"Response: 

Hi,  checking in. This is a response I was writing to Betty before I was banned:

Mrs. Logan, this is a whole new level of rudeness. I have made it clear to you multiple times that I wanted to edit that page because I suffer from OCD. I need to use that particular page multiple times because I'm making a big report on movie-making. Because of my medical condition, I decided to do something that bothers absolutely nobody and center the budgets on that particular page, just like the references, years etc. are also centered on the page. You decided to jump in and undo it because it appears that you have nothing better to do than bother somebody for no reason.

On top of that I did not even violate 3RR, so why are you reporting me? And on top of that Mrs. Logan, I have looked into your editing history and MULTIPLE people have reported you over the years.",1,benign
83463,"Go and answer the question I asked on your talkpage, why should I reply to puppets?",1,benign
149346,""", 18 January 2008 (UTC)

 You know, I'd be in favour of a reduced Studio Alliances section (""""Studio Support""""), given this isn't a comparison article and as written the whole thing is utterly unreadable. Something along the lines of a bulleted list of studios supporting HD DVD (with an appropriate asterisk and comment next to WB), and a short paragraph reporting that many studios have decided to actively not support HD DVD, preferring Blu-ray, and reporting the major ones. The way I see it, it would work something along the lines of:

Studio Support

To date, approximately 30% of recently released movies are available in HD DVD format. The following studios and publishers offer HD DVD content:

Universal Studios (including subsidiaries Focus Features and Rogue Pictures)
Paramount Pictures
Nickelodeon Movies
MTV Films
DreamWorks Pictures and DreamWorks Animation
The Weinstein Company (including Dimension Films).
The BBC
First Look Studios
Image Entertainment (including the Discovery Channel)
Magnolia Pictures
Brentwood Home Video
Ryko
Koch/Goldhil Entertainment
Medusa Home Entertainment
Studio Canal
Universum Films
Kinowelt Home Entertainment
DVD International
Opus Arte
MK2
Momentum Pictures
Twister Home Video

Additionally Warner Brothers currently releases its content on HD DVD, though has announced it will cease supporting HD DVD in June 2008.

Many major studios have chosen not to support HD DVD, having decided to exclusively back the rival Blu-ray format. These studios include Fox, Disney, and many others.
This is a much simpler and easier to read than the current """"ACME studios announced it plans to support HD DVD for three weeks in March, but pr0n Studios Inc has released 72% of its content in the Chinese EVD format but plans to switch to HD DVD in 2009"""" format that the section is in currently. And it does do away with the need to have a graph in that section as it's no longer a richard-waving area.

Comments?   21:16""",1,benign
41117,"""

 response to message 

  response to message Hi Laser Brain,

Couldn't figure out how to respond to your message. I am not ed stringham and I don't believe I've violated the wikipedia's conflict of interest stipulation. I was however mistaken in posting the copyrighted material, and understand and appreciate your decision to remove it. I merely want to see more anarcho-capitalist academic literature. Hayek, Mises, Rothbard, and many other ancaps are already all over wikipedia. I'm just looking to add some modern ancap literature, like that of Stringhams. ) Regardless, I think I will take a break from editing as it's back to school for me.    """,1,benign
25737,"""
It seems to me rather poor form to blank the discussion after causeandedit (or their sock, or whoever else) apparently attempted to impersonate WP legal council.  I really doubt WP's actual lawyer would edit from an IP.  - Starblind """,1,benign
113848,I need to create an account please.,1,benign
95284,"OPEN THE OLD PAGE AGAIN 

My name is Irene Tandry. I don't care about your contribution, but I hate speedy deletion you do it without my agreement. Can you open See Me (novel) so that I describe that page in my own language?",1,benign
66750,"""

Hebrew word
The Hebrew word עשנ (Ayin-Shin-Nun), means """"Smoke"""", and adds up to 420 by Gematria.

Don't delete that. It's perfectly valid to the article.""",1,benign
13251,"the point isn't that the article is autobiographical, it's that it was reviewed for that and approved on multiple occasions prior to this. The only reason it got removed now is because I talked about how I did what I did? Does that sound like Wikipedia is unbiased to you?",1,benign
21125,"apollo 
a consensus has being gained on the discussion page 3 vs 1 in favour of roman names. we would like you to do the honours and put them on please. what a day for wikipedias decomracy and anti-bias projects",1,benign
140791,is there any number system after hexadecimal,1,benign
24661,"I think that it is really immature that a country the size of Japan is trying to extend its sea borders. I was searching this topic on the internet. I found a site that was pro-Takeshima. It said that Korea was illegally claiming the land. That is not true. I agree that older historical evidence is being ignored from the Korean side. They need a mediator because each country and government is out to persue their own agenda. CIA World Factbook is calling them the Liancourt Rocks. I don't like either government very much. The sad thing is, the Japanese Educational System is teaching that the island is Takeshima and is Japan's with no hard evidence. The map the Japanese are using as evidence is a outdated map of feudal Japan in 185os. It is inaccurate. At that time more than half of Asia was Japanese territory.",1,benign
1061,"""

 Frederic Bourdin. 

Hey Jimbo,
Your Bbb23 did not step back, instead he asked a friend Admin. calling him to help him with this matter against me. 
You have a open door policy right and when I came nicely explaining what the problem was and that I would be very happy to end it even though I did not feel it was fair it seemed to me that you really wanted to help. But I got blocked again and again for nothing. Let say I'm not very happy about that because it's obvious to me that the bad guys are winning. You know I can't be blocked for long though since I'm a pretty good brain with computers, that's not why I'm mad. I'm mad because you lied to me. All the people involved against me here are biaised so of cpurse unfair. And I won't let it go and no matter what I will have to do I shall do it. Your actions have been unfair and unwarranted. And even the """"great"""" Jimbo is not going to stand up for some fairness. We'll see then. Good night !37.8.170.180  """,1,benign
147455,Remove this article entirely,1,benign
13871,"""}]]|-
| colspan=""""2"""" style=""""border-top:1px solid black;"""" |
This template adds articles to Category:Old requests for peer review.
|""",1,benign
153183,"That's one of two books that deal with the topic of Commodore, MOS Technologies, etc... I think these are listed in further reading? That seems entirely appropriate for people who want more in depth information.",1,benign
45931,"""

 Some stroopwafels for you! 

  thanks for hosting us !?   """,1,benign
54136,I was actually referring to the entire section. Right now the controversy section that refers to a few papers is equal in length to the section on Hagelin's major body of research-73 studies and numerous cites. That's a weighty controversial section.(  ),1,benign
34432,And a banned user?  WTH?  Randy has been violating Wiki for weeks and I'm not allowed to say stay away?  That's not right.,1,benign
35181,"""
No problem dude, I've just found you as a good admin. Also, in the future, don't waste your time trying to talk with Greenock125/Andy593, or any of his other sockpuppets. You'll waste your own time. I think Greenock125 is a troll and wants to waste your (and others') time, or he is just dumb and don't understand or listen to our advices. /Mid (contributions) """,1,benign
105576,"""== July 2009 ==

 flash; """,1,benign
125449,"""
 I've already posted my Gooogle search results on the talk page.  Please refer to WP:BLP and insert necessary sources from WP:RS.   ''talk ♦ contribs'' """,1,benign
93407,That's not how it works and you should know that. Especially when you haven't even bothered to say anything on talk.,1,benign
37588,", what is amusing is that the BBC actually uses the wikipedia article so they obviously agree!!",1,benign
10584,"""

 My Block 

I have extended your block to indefinite - your account appears to only exist to push a POV and disrupt the Wikipedia community. Calling a user a racist is unacceptable. –'''''' | Talk 

Alright look, I will apologize for the racist remark. I shouldn't have said it. But can you please tell me how I'm pushing a POV when I accept his autobio as well as other soureces??? Rlevse seems to not accept any source besides the autobio. I accept all of them (I never even said that I don't accept his autobio). So how am I pushing a POV??? Can you explain??  

Juliancolton, do you know you are breaking adminid\strator rules with your failure to commuinicate as per http://en.wikipedia.org/wiki/Wikipedia:Administrators#Administrators_are_accountable and my block said that I was blocked for Vandalism. Not edit warring. Its on this page so you can see. Furthermore, as is clear, I was not Vandalizing. But then you said I got blocked for edit warring yet can't prove that I was. Now you say, I'm blocked indefinetly for pushing a POV. And you can't tell me how I am doing so. According to Wikipedia policy, admins are held accouintable.  """,1,benign
122943,"baahubali box office 

I request you to intervene in Baahubali movie box office collections. Actually the movie is primarily a Telugu movie shot simultaneously in Tamil and it is bilingual. It is also dubbed in Hindi and Malayalam too. The story, entire cast and crew including production house is from Telugu. It grossed around Rs 401 crores in 15 days. But it is included in Tamil list of highest grossing films. The Telugu version alone grossed Rs 236 crores   The Hindi and Malayalam versions ( dubbed from Telugu) grossed around 120 crores. The Tamil version grossed around Rs 55 crore from India and rest of the world. The above information is from official trade analysts. So I kindly request you to remove from Tamil list which even didn't gross 15% of collections.",1,benign
131576,"On your poorly researched (it should have taken you an hour or two to read through the raw data on Underwood) response 

You're talking to the wrong guy. Not only did I not start any editwars. I didn't initiate any personal attacks either, I used the talk page the way it is supposed to be utilized, to initiate discussion on the subject of an influential person to the Church of the SubGenius. Someone who at bare minimum is a church in-joke and at maximum had a chilling effect on a number of the members. I suppose you are off to edit DooM out of the article on the Columbine Killings as it was released several years before the killings happened and there is no direct causal relationship between it and the killings, only people who claim there is a causal link. Kevin Underwood affected the church. Nearly every member of note has an opinion on the booger, and all you have to do is mention Underwood on the talk page to get swarmed by Church member caretakers and hack attacks (a variety of these have taken place in the last few days while discussing editing the article, from blocking of the page entirely, to abnormal (10 minutes or more) page load times, to apparent deletion of talk points after loading the page.) What you have here is a page zealously defended by a bunch of nuts who are so zealous about their complete disassociation from Underwood despite comments by Church co-creator Ivan Stang regarding him AND conversations with him, that the protestations are evidence themselves of his effect on the Church. That said, notice I haven't made any edits on the article. Just responded on the talk page to your unjust accusations. Far politer than was deserved. 71.102.18.173",1,benign
10163,"Good sources you've got there mate. Aye, a video game, that will fly. LOL.",1,benign
45502,"File:Southern Rhodesia scout badge.png: newer version that just says Rhodesia, but with the fleur-de-lis like File:Swaziland SSA.svg, please do not overwrite the original on this one
is like this one ok? File:The Boy Scouts Association of Rhodesia.png
Perfect, beautiful, thank you so much!",1,benign
62794,and in Wikipedia talk:Manual of Style/Pronunciation,1,benign
107650,", 16 April 2012 (UTC)
If you are honestly defending the WHO, the standards here at Wikipedia are very low. This is regarding an organization, public facts, and tainted research. Your reference to WP:BLP is laughable and irrelevant.   04:27",1,benign
105890,"Well done! You have just proved that as an Admin you do over step your position. What abuse is this? Have I broken any laws, made any threats, used any abusive language? No of course not. This has not been abuse. I have mearly dared to disagree with an Administrator. Do you really think that BT are interested in this. You really should remember that as an Admin you should be trying to improve Wikipedia, as I have been doing, and not massaging your ego. It really is rather pathetic,",1,benign
155509,"""

 What you have done to your RfAs of other users 

Please stop posting uncivil oppose votes to other users' RfAs. All oppose votes should remain as civil as possible. — ro » 
Oh, I see you've done this before, too. It is blockable if you keep this up. — ro » """,1,benign
113956,"Categories 

Rather than acting capriciously and on your own regard in your deletion of categories, please remember that Wikipedia works through consensus. There is on-going discussion regarding this here, but do not make further categorical changes until consensus has been reached, or you may be blocked from editing. Thank you.",1,benign
118843,"Adam you obviously don't know much about these subjects, they are accurate nfl stats, even the wikipedia dan marino page has the career points record on it, without a reference, let it go, it's pointless, I gave you you a reference for the career games by quarterbacks, so use it or don't. the point is most of earl morrall and george blanda's games were as kickers, so they racked there career games up with just kicking, and only so many of the were as quarterbacks, the point is even though they have more games as brett, they didn't have 240+ games as quarterbacks as favre, marino and tarkenton did, but they should get a shout out, because that refernce page I gave you only has two people with more games than favre, marino, and tarkenton, that's morrall and blanda, so an explanation is provided, so just link the reference page I gave you on there as a citation, that way people can see of all the nfl quarterbacks, Tarkenton, Marino and Favre top the list in games played, I know it's a long list, but it's the info true fans will want to see.",1,benign
116171,These is the attitude of an operator??? (  ),1,benign
125481,"Ah. I am too tired to chase Scibaby for now. Ok, well I am not going to complain further. It was a reasonable WP:IOR call I guess.  talk",1,benign
121115,User talk:Giano II/archive 10(2009),1,benign
46172,Also https://meta.wikimedia.org/wiki/Special:CentralAuth/Bbjalvin,1,benign
33614,"""

 Epiwafer 

I am surprised to learn that """"epiwafer"""" was a popular term right around 2000-2002, the exact time that my company started to use epi wafers.  I should pay more attention to ads, I guess.  Anyway, it quickly settled back to more normal terminology, like """"epitaxial wafer"""", looks like.  I guess another move is in order.    

Hi , I think it best to look at all those Google searches on the Talk page, and see which spelling/nomenclature  adding the web + book, singular + plural spellings (that's four searches for each spelling)  has the most hits, for the title of the article. If you want, I can do that and add them up. Of course, the company name will skew """"epiwafer"""" so we can exclude that if you like.   
We don't use plurals, and book searches are generally more authoritative than web searches, but feel free to provide more data.    
Plurals are for the Google searches, because obviously many of the mentions (even in books) are only in plural, not singular, so an exact-phrase Google search (i.e., in quotation marks) will omit those mentions unless a plural form is searched. I'm fine with the fully spelled-out version as long as all of the other spellings redirect to it; therefore should probably also create a redirect for Epi-wafer, since that hyphenated form is sometimes used as well.   
Yes, good point(s).    """,1,benign
146587,"""

her fan base? what fan base? in a country of 300,000,000 people, only 120,000 people bought her second album and her first album couldn't even get released by a record label. that hardly qualifies as a """"fan base"""". .03% of the population bought her album. hell, i could sell that many records, and i can't sing or dance. oops. neither can she.""",1,benign
13857,"Sibiu userbox 

I took the liberty of borrowing your Born in Sibiu userbox D. Hope you don't mind. By the way, you could use it more simply like this: {{user 1|#FFFF00|white||This user was born in '''[[Sibiu]]'''.}}  -talk",1,benign
89120,"""

 """"partially recognised Republic of Abkhazia"""" 

Is this a precisely defined term? Because the only countries that recognise Abkhazia and South Ossetia apart from Russia (which is obviously going to recognise its own attempt to establish new satellite provinces) are Venezuela, Nicaragua and Nauru, two of which are non-entities geopolitically, and all of which are thousands of miles away and have no business in that part of the world whatsoever. Except inasmuch as they gain political advantage by sucking up to the Kremlin.

So I would say 'barely recognised' or 'disputed'. """"Partial"""" to me makes me think at least 20 - 30% of the world's states have recognised the place, not 2%. But perhaps """"partially recognised"""" is a legal term that covers all countries recognised by more than one other state or something. In which case perhaps some more knowledgable editor can clarify. 86.181.239.136  """,1,benign
109962,"As with all coins, the value depends on the condition of a coin, its rarity, and the state of the market  the rarest coin will be worth nothing if no-one wants to buy it where it is being offered for sale.

That said, the British grading system for coins works like this (I will not touch the lunatic American grading system with 70 different grades!):-

 Poor coins are very worn, and most of the detail of the coin will have gone, but you're still able to tell what type of coin it is.
 Fair coins are well worn, but more of the detail of the coin is visible, and it is easy to identify the coin.
 Good coins will have almost all the lettering readable, and the date will be easy to read in most cases.
 Very Good coins  will have all the coin readable, and some of the finer details of the design can start to be made out.
 Fine coins will have the details of the coins taking shape, and the coin is starting to become collectable if it's fairly recent.
 Very Fine coins will have all the details clear, and there will be wear only on the high points of the design, and most of the fine details shows clearly.
 Extremely Fine coins will have wear on only the highest points of the design.
 Uncirculated coins will have no wear on the high points of the design at all, though faults in the engraving, or wear on the die, may mean that the design may not be fully struck.

 Under no circumstances should collectible coins be cleaned or polished  this will destroy at least half its' collectible value.

Coming back to your 1862 penny, values for a bog-standard penny in UK Pounds, in Britain, are:

F - GBP 4
VF - GBP 10
EF - GBP 40
UNC - GBP 70

Lower grades are not worth anything much.

Multiply by 1.6 to get a US $ figure, then discount any amount for reduced interest in the coins in the States!

  18:10 3 Jul 2003 (UTC)",1,benign
126608,"Now we are getting somewhere although I expect evidence in your next post. Firstly the assertion was if they where undercopyright in the first place. You say that its derisable so by all means prove it. Moreover, fair use is not simply a license to copy any amount of stuff, sometimes without attribution, and hoping that that's ok. I found that part laughable as British law says it is fair use do do exactly that, go look for yourself if you don't believe be (but I know you won't as your scared that I'll be proved right). Oh and the claim about no attribution is a blatent lie, all of the articles are given citations. If I'm wrong about the above then by all means correct me... with proof. Your acting as if your say so is evidence enough not going to cut any more mustard with me.",1,benign
71406,Further comments in this section are not worth my time.,1,benign
20379,"""

Speedy deletion of Feague
 A tag has been placed on Feague requesting that it be speedily deleted from Wikipedia. This has been done under section G12 of the criteria for speedy deletion, because the article appears to be a blatant copyright infringement. For legal reasons, we cannot accept copyrighted text or images borrowed from other web sites or printed material, and as a consequence, your addition will most likely be deleted. You may use external websites as a source of information, but not as a source of sentences. This part is crucial: say it in your own words.

If the external website belongs to you, and you want to allow Wikipedia to use the text — which means allowing other people to modify it — then you must include on the external site the statement """"I, (name), am the author of this article, (article name), and I release its content under the terms of the GNU Free Documentation License, Version 1.2 and later."""" You might want to look at Wikipedia's policies and guidelines for more details, or ask a question here. 

If you think that this notice was placed here in error, you may contest the deletion by adding  to the top of the article (just below the existing speedy deletion or """"db"""" tag), coupled with adding a note on the article's talk page explaining your position, but be aware that once tagged for speedy deletion, if the article meets the criterion it may be deleted without delay. Please do not remove the speedy deletion tag yourself, but don't hesitate to add information to the article that would would render it more in conformance with Wikipedia's policies and guidelines.    """,1,benign
132247,"Finally the largest terrorist is dead

Its about time",1,benign
41041,"how was this show edited?
it says it was on degrassi main page.",1,benign
4203,"My two demands are, leave the flagship alone on the tech page, and Lnnzman has got to drop the dumb fake british thing.  CHEERS!!!",1,benign
123436,unlike this page Rajinikanth which is sheer idoatry! Citations are not needed for things that are plain common knowledge in the Coromandel coast,1,benign
55092,"""
You may want to consider putting the new user boxes that you're creating in your own """"user space"""", although I'd be willing to host them in my space. As we saw a few months ago they like to delete POV-related user boxes that are in the general template space.  """,1,benign
58661,"""
the pagination is given as """"179, 144"""" indicating two separately paginated sections and the German word Wendebuch (turning-book) indicates separate sections from the back and the front (there is no English word for it that I know of).  I see there are copies in DC, Munich, and LA.  (There is slightly fuller info. in the full LC & Bayern cats, neither of which can be correctly reached from worldcat. )   The next step would be to write to LC for more information.   ''''''  """,1,benign
126837,And there we go P The legislative names should probably go there too. '''''' (T C),1,benign
57162,"""

Hi Lulubyrd, would you be so kind as strike out or remove your post for the reasons I explained in the ANI thread? (Reader's digest version: because it's not true, I even gave you a diff, and because I'm bothered you'd say such things). If you would do, then perhaps I owe you an apology for not WP:AGFing and assuming you wouldn't. It's not like our paths will cross very often, if ever, but why not score another friend?

Like you said in the article talk, the sources I cited didn't support """"Sabbatic Witchcraft"""", and... hey now, believe it or not, I was aware of that. You are welcome. Polemics make it difficult to communicate effectively.. there was no dispute, and no good options... but if you had renamed the article Sabbatic Craft, no one would have undone it. Better still, if you had suggested deletion and mentioned there was already a writeup in Contemporary witchcraft, I would have been behind that 100%, (even just mentioning the latter, I'd have suggested the former), with redirect 'natch.

""""Sabbatic Current"""" works ok as a section header, but because it's so obscure, it couldn't be used for the article per the guidelines for WP:TITLE, and while """"Sabbatic Craft"""" would have been better in that regard, it's supposed to be proprietary—the kanundrum... In addition to struggling with the guideline, I was trying to find a way to go by what Chumbley said too... and that's consistent with what you thought WP should do, yes?

Do you have any concerns with the redirects for Sabbatic witchcraft and Sabbatic Craft?

It's a sure bet you know way more about Sabbatic Craft than I intend to learn. What did you think of the changes I made to Contemporary witchcraft#Sabbatic Current? Is there a particular section in the Chumbley article that would be good to point the Cultus Sabbati redirect to? (My impression was none in particular, but I only read it once through). Was the link to cunning folk copacetic?—  """,1,benign
62162,"Hi Jay: I disagree with you on that. There are two topics here. One is about the actual Jews of Syria or from place XYZ, and then there is their history, two entirely different fields of study. In the case of Syrina Jews they have their own Halachic customs and they are a sub-ethnicity, like Yemenite Jews, and their types extend beyond Syria or Yemen, but when they were IN Syria or Yemen, they had long histories not related to their ethnicity per se. You seem to lack the historian's appreciation of Jewish history and it only serves to undercut the quality of the articles by creating compressed versions of two streams of scholarship.",1,benign
123995,"question 

About your undo here. Can i ask why is it offensive?",1,benign
97073,"Also, FYI, I just posted a comment in one of the discussions, and placed it in the second part (within #47 to #92), so please take care when deleting...",1,benign
5655,"Edit Summaries Part II 

While I realise you can do what you like to your talk page, classifying my edit as vandalism, when it was obviously not is, again, the kind of thing you might want to avoid. I assume Twinkle has alternate ways of rolling back that don't imply vandalism. Thanks! ©™",1,benign
15843,"""
That ANI was crushed all too soon! Would've been more fun to have given it a bit more rope...   Imperatrix Mundi """,1,benign
47782,"""

 DYK: Greater East Asia Conference 

 On 17 April, 2008, Did you know? was updated with  from the article Greater East Asia Conference, which you recently nominated. If you know of another interesting fact from a recently created article, then please suggest it on the Did you know? talk page.   """,1,benign
153616,"http://en.wikipedia.org/w/index.php?title=Crash_Bandicoot_%28series%29&diff;=prev&oldid;=484470162]], [], [], [], [] [[",1,benign
30668,"Also, I don't see how 'past actions' can be indefinitely used as a weapon against my contributions, since I have greatly enriched this project especially with regards to articles of Maltese interest/related to Malta. Coming up against cliques and disgruntled editors shouldn't justify a month long ban. Constructive comments are appreciated.",1,benign
128196,toolLONG LIVE ANONYMOUS PHILIPPINESLONG LIVE ANONYMOUS PHILIPPINESLONG LIVE ANONYMOUS PHILIPPINESLONG LIVE ANONYMOUS PHILIPPINESLONG LIVE ANONYMOUS PHILIPPINESLONG LIVE ANONYMOUS PHILIPPINESLONG LIVE ANONYMOUS PHILIPPINESLONG LIVE ANONYMOUS PHILIPPINESLONG LIVE ANONYMOUS PHILIPPINESLONG LIVE ANONYMOUS PHILIPPINESLONG LIVE ANONYMOUS PHILIPPINESLONG LIVE ANONYMOUS PHILIPPINESLONG LIVE ANONYMOUS PHILIPPINESLONG LIVE ANONYMOUS PHILIPPINESLONG LIVE ANONYMOUS PHILIPPINESLONG LIVE ANONYMOUS PHILIPPINESLONG LIVE ANONYMOUS PHILIPPINESLONG LIVE ANONYMOUS PHILIPPINESLONG LIVE ANONYMOUS PHILIPPINESLONG LIVE ANONYMOUS PHILIPPINESLONG LIVE ANONYMOUS PHILIPPINESLONG LIVE ANONYMOUS PHILIPPINESLONG LIVE ANONYMOUS PHILIPPINESLONG LIVE ANONYMOUS PHILIPPINESLONG LIVE ANONYMOUS PHILIPPINESLONG LIVE ANONYMOUS PHILIPPINESLONG LIVE ANONYMOUS PHILIPPINESLONG LIVE ANONYMOUS PHILIPPINESLONG LIVE ANONYMOUS PHILIPPINESLONG LIVE ANONYMOUS PHILIPPINESLONG LIVE ANONYMOUS PHILIPPINESLONG LIVE ANONYMOUS PHILIPPINESLONG LIVE ANONYMOUS PHILIPPINESLONG LIVE ANONYMOUS PHILIPPINESLONG LIVE ANONYMOUS PHILIPPINESLONG LIVE ANONYMOUS PHILIPPINESLONG LIVE ANONYMOUS PHILIPPINESLONG LIVE ANONYMOUS PHILIPPINESLONG LIVE ANONYMOUS PHILIPPINESLONG LIVE ANONYMOUS PHILIPPINESLONG LIVE ANONYMOUS PHILIPPINESLONG LIVE ANONYMOUS PHILIPPINESLONG LIVE ANONYMOUS PHILIPPINESLONG LIVE ANONYMOUS PHILIPPINESLONG LIVE ANONYMOUS PHILIPPINESLONG LIVE ANONYMOUS PHILIPPINESLONG LIVE ANONYMOUS PHILIPPINESLONG LIVE ANONYMOUS PHILIPPINESLONG LIVE ANONYMOUS PHILIPPINESLONG LIVE ANONYMOUS PHILIPPINESLONG LIVE ANONYMOUS PHILIPPINESLONG LIVE ANONYMOUS PHILIPPINESLONG LIVE ANONYMOUS PHILIPPINESLONG LIVE ANONYMOUS PHILIPPINESLONG LIVE ANONYMOUS PHILIPPINESLONG LIVE ANONYMOUS PHILIPPINESLONG LIVE ANONYMOUS PHILIPPINESLONG LIVE ANONYMOUS PHILIPPINESLONG LIVE ANONYMOUS PHILIPPINESLONG LIVE ANONYMOUS PHILIPPINESLONG LIVE ANONYMOUS PHILIPPINESLONG LIVE ANONYMOUS PHILIPPINESLONG LIVE ANONYMOUS PHILIPPINESLONG LIVE ANONYMOUS PHILIPPINESLONG LIVE ANONYMOUS PHILIPPINESLONG LIVE ANONYMOUS PHILIPPINESLONG LIVE ANONYMOUS PHILIPPINESLONG LIVE ANONYMOUS PHILIPPINESLONG LIVE ANONYMOUS PHILIPPINESLONG LIVE ANONYMOUS PHILIPPINESLONG LIVE ANONYMOUS PHILIPPINESLONG LIVE ANONYMOUS PHILIPPINESLONG LIVE ANONYMOUS PHILIPPINESLONG LIVE ANONYMOUS PHILIPPINESLONG LIVE ANONYMOUS PHILIPPINESLONG LIVE ANONYMOUS PHILIPPINESLONG LIVE ANONYMOUS PHILIPPINESLONG LIVE ANONYMOUS PHILIPPINESLONG LIVE ANONYMOUS PHILIPPINESLONG LIVE ANONYMOUS PHILIPPINESLONG LIVE ANONYMOUS PHILIPPINESLONG LIVE ANONYMOUS PHILIPPINESLONG LIVE ANONYMOUS PHILIPPINESLONG LIVE ANONYMOUS PHILIPPINESLONG LIVE ANONYMOUS PHILIPPINESLONG LIVE ANONYMOUS PHILIPPINESLONG LIVE ANONYMOUS PHILIPPINESLONG LIVE ANONYMOUS PHILIPPINESLONG LIVE ANONYMOUS PHILIPPINESLONG LIVE ANONYMOUS PHILIPPINESLONG LIVE ANONYMOUS PHILIPPINESLONG LIVE ANONYMOUS PHILIPPINESLONG LIVE ANONYMOUS PHILIPPINESLONG LIVE ANONYMOUS PHILIPPINESLONG LIVE ANONYMOUS PHILIPPINESLONG LIVE ANONYMOUS PHILIPPINESLONG LIVE ANONYMOUS PHILIPPINESLONG LIVE ANONYMOUS PHILIPPINESLONG LIVE ANONYMOUS PHILIPPINESLONG LIVE ANONYMOUS PHILIPPINESLONG LIVE ANONYMOUS PHILIPPINESLONG LIVE ANONYMOUS PHILIPPINESLONG LIVE ANONYMOUS PHILIPPINESLONG LIVE ANONYMOUS PHILIPPINESLONG LIVE ANONYMOUS PHILIPPINESLONG LIVE ANONYMOUS PHILIPPINESLONG LIVE ANONYMOUS PHILIPPINESLONG LIVE ANONYMOUS PHILIPPINESLONG LIVE ANONYMOUS PHILIPPINESLONG LIVE ANONYMOUS PHILIPPINESLONG LIVE ANONYMOUS PHILIPPINESLONG LIVE ANONYMOUS PHILIPPINESLONG LIVE ANONYMOUS PHILIPPINESLONG LIVE ANONYMOUS PHILIPPINESLONG LIVE ANONYMOUS PHILIPPINESLONG LIVE ANONYMOUS PHILIPPINESLONG LIVE ANONYMOUS PHILIPPINESLONG LIVE ANONYMOUS PHILIPPINESLONG LIVE ANONYMOUS PHILIPPINESLONG LIVE ANONYMOUS PHILIPPINESLONG LIVE ANONYMOUS PHILIPPINESLONG LIVE ANONYMOUS PHILIPPINESLONG LIVE ANONYMOUS PHILIPPINESLONG LIVE ANONYMOUS PHILIPPINESLONG LIVE ANONYMOUS PHILIPPINESLONG LIVE ANONYMOUS PHILIPPINESLONG LIVE ANONYMOUS PHILIPPINESLONG LIVE ANONYMOUS PHILIPPINESLONG LIVE ANONYMOUS PHILIPPINESLONG LIVE ANONYMOUS PHILIPPINESLONG LIVE ANONYMOUS PHILIPPINESLONG LIVE ANONYMOUS PHILIPPINESLONG LIVE ANONYMOUS PHILIPPINESLONG LIVE ANONYMOUS PHILIPPINESLONG LIVE ANONYMOUS PHILIPPINESLONG LIVE ANONYMOUS PHILIPPINESLONG LIVE ANONYMOUS PHILIPPINESLONG LIVE ANONYMOUS PHILIPPINESLONG LIVE ANONYMOUS PHILIPPINESLONG LIVE ANONYMOUS PHILIPPINESLONG LIVE ANONYMOUS PHILIPPINESLONG LIVE ANONYMOUS PHILIPPINESLONG LIVE ANONYMOUS PHILIPPINESLONG LIVE ANONYMOUS PHILIPPINESLONG LIVE ANONYMOUS PHILIPPINESLONG LIVE ANONYMOUS PHILIPPINESLONG LIVE ANONYMOUS PHILIPPINESLONG LIVE ANONYMOUS PHILIPPINESLONG LIVE ANONYMOUS PHILIPPINESLONG LIVE ANONYMOUS PHILIPPINESLONG LIVE ANONYMOUS PHILIPPINESLONG LIVE ANONYMOUS PHILIPPINESLONG LIVE ANONYMOUS PHILIPPINESLONG LIVE ANONYMOUS PHILIPPINESLONG LIVE ANONYMOUS PHILIPPINESLONG LIVE ANONYMOUS PHILIPPINESLONG LIVE ANONYMOUS PHILIPPINESLONG LIVE ANONYMOUS PHILIPPINESLONG LIVE ANONYMOUS PHILIPPINESLONG LIVE ANONYMOUS PHILIPPINESLONG LIVE ANONYMOUS PHILIPPINESLONG,1,benign
157095,"WikiProject Infoboxes 

I just noticed you were placing infoboxes on several of the projects and although I think that its largely a good Idea and quite beneficial I noticed that you were using a generic Portal:United States for all of them. I recommend, at the very least, adding the state portal as well. As I have found over the last couple months the state projects are easily offended and will begin spinning up at a pretty high RPM if they feel that WPUS is being thrust upon them.",1,benign
90313,"If a stutterer reproduces, would his offspring be a stutterer too? 

if so we should include this - hell, if not we should include this too.",1,benign
61743,"Wikipedia has many, many references to Slam Poetry, spoken word, performance poetry all with my contemporaries listed, some of them with far fewer credentials listed.

Againif the information needs to submitted by someone else then it will be done. I understand. Or if it needs written revising. OK.

However, there is very little difference between my history, experience, and importance to the international and national performance poetry comunity as many others who already listed on Wikipedia.

BTW: As a law student what experience do you have to determine what is and is not relavant information regarding 20 years of performance poetry? Been to a slam? or maybe more than one? how about poetry readings in general...  just wondering...",1,benign
27543,"""If you're going to delete her page, then you may as delete 1/2 of the pages relating to """"Matrix"""" characters. At least that would be fair. """,1,benign
146359,"But according story of NFS carbon, you came to rockport from palmont after some bizarre police raid involving an EMP.",1,benign
125882,"""
I disagree with that criteria; either the sources or notable and reliable or they are not.  One does not have to be a political commentator to have a valid opinion on this matter. -''''''The '45 """,1,benign
102879,"Ny Teknik is reliable until provent it is non reliable. You must ask about its reliability. Until then, it is reliable.79.6.145.208",1,benign
20841,"It's definitely not paranoia. The entire back and forth over the photo demonstrates that editors at Wikipedia/Wikicommons operate completely arbitrarily. First they demand release of the photo under license cc-by-sa-3.0. Once that is given, they demand an additional statement by EPA. Once that statement is given, they find new objections. The main objection agains the photo of Heleen Mees is that it is really nice, almost iconic, and the Wikipedia article of Heleen Mees may for sure not look nice. It must be as damaging to Heleen Mees as possible instead, witness the undue and vicious references to the dismissed charges in the text that you co-edited. Any self-reflection would be appropriate at this point.",1,benign
7513,"Thanks. Sorry, I missed the fact that it was produced by Al-Jazeera. Ignore me. -)",1,benign
60596,"LMA 
Please Leave me alone.",1,benign
68649,"""

Find any other equivalent. You guys have changed the entire subject. The fact of the matter is that you can not call ethnic groups prior to 1919 as Azerbaijani; there was no such defined identity. Why are there articles on the Dutchy? The Dutchy were more defined as a group than were the Turkic peoples living in those lands… why not plain German? And again, Parishan is using Russian and Soviet propaganda material, which maintained such a position, including for the Turks living in Armenia, to stop Turkey's expansionism… they had Turks in Nakhichevan and those in Armenia rather to adhere to an Azerbaijani identity than Turkish. But prior to the Soviet rules, those people were not identifying themselves, neither were they identified as such. I am wondering how much more can Parishan provide other than Soviet-Russian historiography which was known to be tainted when covering ethnic groups and ethno genesis, turning ethnic groups into groups that all originated from the identities forming the Union, some sort of Self-Sufficient system. This process already started during the end of the Russian Empire, Roy writes: In Azerbaijan for a brief period (the governorate of Vorontsov in the 1850s, and that of Goltsyn from 1896 to 1905), the Russians encouraged the development of an Azeri identity in order to weaken links with Iran and Turkey (The New Central Asia The Creation of Nations by Olivier Roy I.B.Tauris, (2000) p.56)

During the process, many different groups were pushed into being identified as ethnically Azerbaijani, including Kurds, who haven't until recently when groups wanted their independence requested their identity to be changed: In 1988 some 10,000 Kurds in Azerbaijan returned their Azeri identity papers to Moscow with the explicit request that their identity be changed from Azeri to Kurd. (A Modern History of the Kurds by David McDowall, I.B.Tauris (2004), p.493)

And to use Parishan’s opening, it is funny how Parishan is requesting sources for those quotes, Ulvi were you not a participant on the arbitration enforcement? How many sources were used? Parishan has probably missed references like this: In 1897 'Tatars'-which officially included most Muslim groups... (Socialism in Georgian Colors: The European Road to Social Democracy, 1883-1917, Harvard University Press (2005) p. 19)

Here, another quote missed by Parishan: In Contrast with the Armenians, the Azerbaijani national identity is very recent. In fact, the very name """"Azerbaijani"""" was not widely used until the 1930s; before that, Azerbaijani intellectuals were unsure whether they should call themselves Caucasian Turks, Muslims, Tatars or something else.  (S.Kaufmann, Modern hatred, Cornell University Press, 2001. See page 56.) 

Do I need to provide what was provided and include also newer ones? I like Eupator’s request RFC about this article, and a it’s a good idea of requesting the same for several other articles. Ulvi, your English language justification makes no sense; you could have changed for Turkic people instead of making an inaccurate move. -   """,1,benign
68170,Have now fixed a lot of problems,1,benign
96930,"Thank You 

Thanks for the link on the reference desks to 'Crux orthodoxa' it was a good read, pretty much what i was looking for, it seems that the cross is slightly ambiguous and has no defined reasons for extra beams. So again, thank you",1,benign
47757,"Hey 

Hi! I understand your block, but can you tell me if you used the same criteria for the user who was always reverting the edits? Just wondering... I have been editing here since 2007, creating articles and greatly improving some already existing pages and I was never blocked... I am editing on Wikipedia most of the time, even when I'm on my little free time at work. Did you check on that before you blocked me? I really am found of Wikipedia's principles saying that all knowledge show be free and available to all. So please... the next time you have problems with my editings and if I say rude things to annoying users (may them be anonymous or registered on Wikipedia) consider what I just said. Thanks for your attention.",1,benign
53703,"|listas = Mannerheim, Carl Gustaf Emil",1,benign
10600,"""

 Albert Einstein 

""""Uncle Albert"""" is Albert Einstein. (source:   """,1,benign
85925,People like Mihirtheone is bent on removing the pages to reflect his biased views. Periyar was against Brahmanism. This is a fact and true. Naturally many brahmins would not like him. That does not mean that they can try to damage the pages and twist the history as they like. This distortion  will be fought tooth and nail.  If they want they can add more facts to the article.,1,benign
16194,"Perhaps the problem is most of you contributors treat you contributions like little girls treat their Barbie dolls and jealously protect them.
refusing to accept modification and extra information is totally against the ethos of Wiki",1,benign
152554,"DIFFERENCES OF OPINION ON GAY RIGHTS
is not correct. He left over the inability of the government to pass its own same-sex benefits legislation. Rae supported the government bill, but he left in disgust at the government's ineffectiveness and allowing a free vote. This makes it sound as if he and the government were on different sides of the issue. They were not.",1,benign
8534,"In any case, I'm hatching a novel idea. Do you think it's possible for me to give you my watchlist token so you can see what I do? (talk)",1,benign
59908,"""

Sockpuppet investigation
 Send WikiLove  """,1,benign
62568,"I replied on the user's talk page. The  template was not added because of vandalism, just to provide information. Every known AOL IP is tagged with  regardless of vandalism and many other IPs have similar templates, like User talk:132.185.240.120, which is from the BBC.",1,benign
43242,We want to keep the first sentence of the lead concise.  We can list all the CRs at the end of the lead or in a separate section.  Listing the white CRs makes it appear they are more important.  But Jamaica has almost the same population as NZ while Barbados is the oldest realm and at one time the most important.,1,benign
89742,"""One editor does not a consensus make. And it doesn't matter how """"long"""" the discussion is; there is still no consensus. You jumped the gun, which at this point I'll acknowledge as done in good faith. But please wait for a consensus. There are other procedures on Wikipedia when a small number of editors disagree. Please read WP:CON.   

""",1,benign
62779,"There are actually two versions of that page on the web at the moment. One was created soon after the NIST report, with the one Artifex is citing being from many years later.",1,benign
104535,Next person (sexy boy),1,benign
51890,"""

Question
Hi Alex, regarding this talk page tag which appears on the Transcendental Meditation article:

At present it only appears on the talk page of the one, main article. Would it be proper and useful for me to add it to the talk pages of other articles in the topic area? I like to do it but don't know what the protocol is on this. I notice that the Abortion topic has it on multiple talk pages. any insight you can give is appreciated. Thanks,  —  • Talk •  """,1,benign
90654,"Seem fine to me. I didn't realize there was so much on him and should have checked your refs on the article. I'll blame that lapse on missing lunch ... have to blame it on something, I guess. The other bio material is on his own website, but I would think your sources are enough, and better at the moment, at least. And I do agree that the tone you've established is very good, very neutral. Now I wonder if there's any press on a botanist, I know of.(  )",1,benign
26968,and shape of radicals,1,benign
64038,and won't try to talk him out of it,1,benign
117311,Wikipedia:What is a featured article?|,1,benign
156594,"Who said anything about no longer arguing? I 'gree, it can be fun as well as constructive (as in our case on this article). My suggestion was that we might be able to argue it out on talk pages, rather than jerking revisions back and forth on the main article.

Or not - jerking around can be fun and constructive too.",1,benign
29850,"""

Hi Colin, it is good to hear from you!! I have had a lot of real life stuff piling up lately and haven't had a lot of time to contribute lately. I took a look at the Rubella article. According to several articles I was able to dig up, epidemic Rubella has been eliminated from the US.  (by Stanley  Plotkin no less) and . This article is also quite clear on the matter. Whether this woman really had rubella and where she got it are not clear from the """"podcast"""" and neither is a Podcast a reliable source. I guess  what I am saying is that I think RS must trump unverifiable trivia at every turn. Would you like for me to change it, or post a comment on the talk page?

Oh polio, my dear friend polio... I am not sure what to do with her. I think that the recent changes Marco made have really helped, but I am not sure that it fulfills the 1a requirements? I would like to take her to FA at some point but I am really busy right now, maybe in a few weeks I will take it to task, so if you might have a chance to look at it and give me your thoughts that would be quite helpful. 

I dunno what happened to Marco?? (Picturing my self wandering around a swimming pool with my eyes closed here) I will give an email shout if I don't hear anything soon, just to make sure he hasn't given up or anything. 
Wrt to Rubella. I'd appreciate it if you were bold and edited the article, mentioning the talk page in an edit summary, and explained there the difference between eliminated and eradicated. I'll back you up if necessary. °Talk """,1,benign
48390,"It can be mentioned only as an example where the examples of pseudoscience have been pointed. Now as it is just a view of a person, see Wikipedia:No original research#Neutral point of view, third point.",1,benign
42201,"Hey, Little
Hey, Little, you wrote in kind of an invisible place. If you want comments to be read (for all of several seconds, as mine apparently was, see timestamps), you need to post them at the bottom of the talk page of the intnded reader. Not that I think there's much percentage in commenting on that person—still, I know action can be satisfying. | Talk 21:08, 14 Jan 2005 (UTC)",1,benign
11435,"""

 Scientific Creationism in the opening sentence? 

I'm a bit confused regarding the opening sentence and why it uses both """"creation science"""" and """"scientific creationism"""".  I wanted to bring it up here first before editing in case there was some sort of debate or discussion that already happened in the hopes I could get clarification on why we use the phrase """"scientific creationism"""" at all.  Aside from a few books with that title it's clearly not a commonly used synonym for creation science (check the google test after you remove any references to """"Scientific Creationism"""" book titles).  Additionally """"Scientific Creation"""" as a unique term doesn't seem to have any sort of definition and as such just seems pointless and redundant to use in the opener.   """,1,benign
24012,"""
Who are you calling, a """"troll""""? ;) 98.207.236.113  """,1,benign
70619,"""
From your comment,  it doesn't look like it.  It looks like a standard knee-jerk reaction to something someone doesn't like.  However,  if that's how things work around here,  perhaps there should be a page on how to avoid such problems.  btw,  what happened to """"first warning"""" (and maybe even second)?  """,1,benign
130798,"Myspace?

I found his myspace account, and i'm almost positive it's his:

www.myspace.com/jayresotna

Should we add it to external links?",1,benign
132667,"Image copyright problem with Image:Imperialgovernor.jpg

Thank you for uploading Image:Imperialgovernor.jpg. However, it currently is missing information on its copyright status. Wikipedia takes copyright very seriously. It may be deleted soon, unless we can determine the license and the source of the image. If you know this information, then you can add a copyright tag to the image description page.

If you have any questions, please feel free to ask them at the media copyright questions page. Thanks again for your cooperation.  babelfish",1,benign
78577,"""

Underhill et al: 20 groups based on Y chromosome

{The following is extracted from the archives, mainly for 195. The referenced article is readily available online at http://www2.smumn.edu/uasal/DNAWWW/pdfs/Underhill2000.pdf
It is well worth reading very closely.
 06:38, 18 Jan 2004 (UTC)}

Here is a summary of a phylogenetic tree based on analysis of the Y chromosomes of 1062 individuals from around the world. The tree comes from . It has 20 population clusters, but only captures 18% of the variation in the haplotypes. (That is, many of the haplotypes are spread in various ways amongst the identified groups. The details are given in a table in the paper.)

Underhill et al did not have adequate data on New Guinea and Australia, and so created a single group for them all. It looks as though they may have missed some interesting areas altogether.

In the following:

    * """"X, Y"""" means X and Y are leaves that are directly joined together;
    * A+B is just the name of a single group. 

The tree has three main lobes (A,B,C):

 A. Sardinia
    Sudan, Ethiopia
 B. America
    Mali
    Khoisan
    S.Africa, C.Africa
    New Guinea/Australia (grouped for lack of data)
    Cambodia+Laos
    Japan
    Taiwan, China
 C. Europe, Basque
    Morocco, Mideast
    C.Asia+Siberia
    Hunza
    Pakistan+India

Peak 09:04, 10 Dec 2003 (UTC) 

{END}""",1,benign
23090,It is not vandalism. Thank you.,1,benign
142843,"mind youre business

hey stay out of my personal matters i dont care what you think so you can blow my balls. Wrestlinglover420",1,benign
16258,"""
Wrong article: Merge this article with Toronto Transit Commission bus fleet.   (talk/contributions) """,1,benign
152042,"Humm, I'll read that. I must have completely misunderstood (not unusual for me). So I guess your addition did no harm. I could have sworn that I saw it nested withing the Psychology category but I guess I hallucinated that. Thanks,",1,benign
101096,"""

Fair use rationale for File:Gplus.jpg
Thanks for uploading or contributing to File:Gplus.jpg. I notice the file page specifies that the file is being used under fair use but there is not a suitable explanation or rationale as to why each specific use in Wikipedia constitutes fair use. Please go to the file description page and edit it to include a fair use rationale.

If you have uploaded other fair use media, consider checking that you have specified the fair use rationale on those pages too. You can find a list of 'file' pages you have edited by clicking on the """"my contributions"""" link (it is located at the very top of any Wikipedia page when you are logged in), and then selecting """"File"""" from the dropdown box. Note that any non-free media lacking such an explanation will be deleted one week after they have been uploaded, as described on criteria for speedy deletion. If you have any questions please ask them at the Media copyright questions page. Thank you.   """,1,benign
48072,"Thanks for coming here. I have addressed my concerns on the article talk page. That said, I'll no longer be editing the article or participating in discussion. Rjanag's removal of the tag without either giving me a chance to address your requests here or contacting me himself took me off guard and made me feel a bit uncomfortable. I may be totally off-base with those feelings and the intent behind the removal, but it still didn't sit well with me and I'd rather just avoid the issue all together. 2",1,benign
7138,He kinda got it right. Stop spamming his talk page. It's very mature.,1,benign
44938,if I promise to stop spamming any more,1,benign
75476,"""

 Plural? 

I don't want to change Template:Did you know nominations/Sweetened beverage now that it was passed, but shouldn't it be plural beverages in the hook? | reply here """,1,benign
141069,cause seriously all your doing is wasting previous space on their servers by filling up the history logs and what not ;),1,benign
31926,"""
Most of the problems come about from editors who certain people consider ignorant and are liberal in telling them so, the civil stick is brandished, they're blocked, unblocked, pressure gains for it to be lifted and it usually is. All unnecessary drama. You could argue don't, call anybody a name and it won't happen, but I honestly believe that most violations of Wp:Civil do come about from genuine ignorance by somebody over something.♦ Dr. Blofeld """,1,benign
60204,"I'm just shocked at how quickly I was railroaded. I understand that it's not cool to use those words, but it's far less cool for the words he used to be anywhere on wikipedia, even an AfD page. And for what it's worth, I felt it was a description of his actions/words, not a name-calling - it's not rude to say that about Apartheid or Nazism. It seems like there were a few other admins who came on that ANI board after I had been blocked and were the first ones to actually discuss the true issue, i.e. evidence of views expressing a systematic bias being a problem with objectivity when an article's deletion is at stake. It seems like that other user was the baiter and then, being the first to complain (I don't even know how), he got what he wanted, and I had no chance for appeal. This was an especially dirty trick since this happened as the election of which the subject of the article was a candidate's results were being announced and, had he won, I would've wanted to (and been in the best position to) update his article accordingly. Thank you for the somewhat quick and painless resolution, but this whole experience has left me pretty upset with this blocking procedure. It should not have been done so quickly like I was some anonymous IP (been editing for over 6 years, have created dozens of articles) and I should have had a chance to appeal, or at least get judged on the merits of the issue, not just on what kind of grease the squeakiest wheel wanted.",1,benign
54528,EPONA EPONA EPONA EPONA EPONA EPONA,1,benign
92899,"""

 Rugby 

Hey, I saw your contribution to Rugby union and thought you may want to take a look at WikiProject Rugby union. Anyway questions or queries feel free to contact me on my talk page. I can't believe we overlooked the history section though! I think somewhere along the way when the page got split off into separate articles it got lost, so thanks for fixing it. -  talk """,1,benign
148517,"Invitation to Inquiry 

Yath, you are cordially invited to join Inquiry.",1,benign
122031,"""
Not sure who said it was personal. There also is no issue, the article is currently named correctly, it deals with allegations and is named so. This was covered in the AfD and admins stated the article should be renamed to a neutral term as """"State terrorism by the United States"""" was a statement of fact, which allegations are not.  """,1,benign
109672,-Hillelfrei 70.29.100.35,1,benign
81282,"""

 Mediation  
This is a request to see if you will submit to formal mediation regarding your actions on  this issue.  Thanks. (talk) """,1,benign
102133,"Response: As I stated above, these were not bad faith nominations. I truly believe these are non-notable artists in a non-notable band. They don't meet a single point of the 12 set forth in WP:MUSIC. If they do, and that reference can be verified. Feel free to add it and I'll publicly change my opinion. Additionally, the pages were created my the band's webmaster. The article speak for themselves, there were not a single reference or source in any of the four articles asserting any kind of notability at all. Not one. WebHamster's mere assertion without any cited sources does not establish notability. This is not Hamster-pedia. If the discussions had been left open, I suspect the consensus would have agreed with me.",1,benign
37256,"I've done the crime and the time. Lucky me. Actually, I can accept trading a 48 hour block for still being allowed to express my feeling towards some of Wikipedia's greatest flaws when it comes to the wiki-police and how it is common for a gang of users to ridicule others without fully studying the facts simply because they do not have the time and/or are enforcing some policy written by the wiki-police. There is a reason newbies are reluctant to become regulars on Wikipedia and most editors that have edited Wikipedia for as long as I have, just basically retire and walk away. What is funny is that during the asteroid re-direct discussions of March and April I was not even around to discuss the consensus that developed. I did not make a single edit to Wikipedia from March 5 to May 1. It will be a great loss to Wikipedia content (vs the wiki-police force and policies) if editors like myself leave because members such as Padenton are allowed to group attack people without bothering to properly look into the facts. Perhaps I should move my near-Earth asteroid work over to a SETI website, but then I would probably have to leave Wikipedia to prevent being further accused of a COI with my edits. After all, Wikipedia itself is NOT a reliable source, it is the verifiability of the reliable sources.",1,benign
99498,REDIRECT Talk:The Gargantuan Elf Album,1,benign
103682,"I don't see what makes you say that, as I wasn't blocked in accordance with the official policy.",1,benign
21632,"Re:Berlin procedure

I am one of the authors who worked on the article about the mathematical statistical method “berlin procedure”. You added the template which criticizes the “poor quality” of the article. I would like this article to remain in wikipedia. So maybe you could tell more concretely why you think that the article in this status is not appropriate to wikipedia. Afterwards it could be sufficiently improved.  
 
 I did some copyediting on it. Would be nice if more details would be there about how it works, say a new section with a description of the method.",1,benign
21356,I just did! They are in the article and right above you. Please pay attention.,1,benign
63232,"Lewes
The county town of Sussexs is not quite so straightfoward. Assizes were held in both Chichester and Lewes, and the county town swapped between them several times. I don't have the details on this though.",1,benign
96762,Agreed. The new changes are better. It's about time someone got rid of Everybody Dance Now. It was such a flop show (cancelled after 4 episodes) it doesn't deserve to be mentioned in the lead.,1,benign
142263,Oppose. The Táin is merely shorthand. All books which use that as the short title give 'Táin Bó Cúailnge' as the long form. The function desired is entirely served by having The Táin redirect here.,1,benign
38702,"""

 Caucasion vs. white 

I noticed that there was a change from """"white"""" to """"Caucasian"""" and back recently, yet neither party has mentioned their rationale on the talk page. Personally, I prefer the term Caucasian.  (talk|contribs) """,1,benign
113465,"""

 Double standards 

If I make an edit, that's being """"unilateral"""", but if you unilaterally revert it, that's OK. Is that it? .  fys aym. """,1,benign
118933,"""

Notability of Julien Deschamps
A tag has been placed on Julien Deschamps requesting that it be speedily deleted from Wikipedia. This has been done because the article appears to be about a person, group of people, band, club, company, or web content, but it does not indicate how or why the subject is notable: that is, why an article about that subject should be included in an encyclopedia. Under the criteria for speedy deletion, articles that do not assert the subject's importance or significance may be deleted at any time. Please see the guidelines for what is generally accepted as notable. 

If you think that you can assert the notability of the subject, you may contest the deletion by adding  to the top of the page (just below the existing speedy deletion or """"db"""" tag), coupled with adding a note on the article's talk page explaining your position, but be aware that once tagged for speedy deletion, if the article meets the criterion it may be deleted without delay. Please do not remove the speedy deletion tag yourself, but don't hesitate to add information to the article that would confirm the subject's notability under Wikipedia guidelines.

For guidelines on specific types of articles, you may want to check out our criteria for biographies, for web sites, for bands, or for companies. Feel free to leave a note on my talk page if you have any questions about this.   (Talk, Contribs) """,1,benign
148592,"Can we not talk about this and instead talk about getting the article to GA? There's plenty of blame to go around, here, but if the focus is GA status, rather than vengeance, then we might actually get somewhere.",1,benign
145961,"""

 British vs. American english 

Should the article read so that there are no Brit.-Amer. ambiguities?  There are several words used that are not in common usage in the United States.  Even though this horrendous crime took place in the U.K., a """"Yank"""" reading it has to do a bit of research to understand a few of the meanings. Maybe this is a good thing, i.e., a bit of learning.  """,1,benign
28677,The wording is quite clearly inane and ridiculous.  I have no idea what you're playing at. 190.46.98.195,1,benign
110753,"""

I wonder what the phrase According to some clotochronological speculations in the History section means. I can't find the word """"clotochronological"""" anywhere when googling for it, except in this article. I suggest explaining the term or using a more common phrasing.

""",1,benign
116833,"The block has already been undone, what can possibly be gained by arguing about procedure?",1,benign
94647,"""
As a native English speaker, I must say I don't find """"Triple Cross Square"""" elegant at all, and I agree that it would likely mean """"potrójny krzyż"""" rather than three crosses. But if it is really used in a significant number of reliable sources, then I suppose that's justification enough for mentioning it in the article.  """,1,benign
43818,"Right; well, as I was saying earlier I know the physical attacks of all the characters. Hobbits and Gimli push, Gandalf pushes with his staff, Aragorn, Legolas and Faramir kick.
Just one thing; a friend of mine told me that there is a cheat code that allows you to play as Gollum (or some such evil character) This article doesn't list any cheats, yet the article for Spider-Man: The Movie lists all its available cheats. We need some of those in the article.",1,benign
66227,"""Welcome

Hello, and welcome to Wikipedia! Thank you for your contributions. I hope you like the place and decide to stay. Here are some pages you might like to see:

 The five pillars of Wikipedia
 How to edit a page
 Help pages
 Tutorial
 How to write a great article
 Manual of Style

You are welcome to continue editing articles without logging in, but you may wish to [ create an account]. Doing so is free, requires no personal information, and provides several benefits. If you edit without a username, your IP address () is used to identify you instead.

In any case, I hope you enjoy editing here and being a Wikipedian! Please sign your comments on talk pages using four tildes (~~~~); this will automatically produce your IP address (or username if you're logged in) and the date. If you need help, check out Wikipedia:Questions, ask me on , or ask your question and then place {{helpme}} before the question on this page. Again, welcome!  Tally-ho! """,1,benign
122308,Left you a message here. [],1,benign
44466,I was wondering how do you change color in raw signatures?,1,benign
129542,"Thanks. As for a block-taking contest with Bugs, I wasn't aware I was in one, though if I am, I'd like to point out that Bugs had something of a head start. Though perhaps I'd better not, given the implications of this... ;-)",1,benign
45698,"""

 Please do not continue to violate Wikipedia's neutral point of view policy, as you did with this edit to Gossip Girl. If you continue to do so, you will be blocked from editing.    """,1,benign
43777,I can't think of a better source for population statistics than a census. Estimates are great when no one's counted but here we have a count.,1,benign
31239,It's apparent that you do not keep up with asian american news. The OC Weekly article was one of the most talked about article of the year in the asian community. On all the forums and asian blogs this article was talked about. The author even followed up with another article because of the incredible uproar it caused. Please do not delete any more content until you can justify your changes.,1,benign
24798,etc. This person should be blocked from Wikipedia.,1,benign
58202,"""

In brief, what's this all about?
I think I better go back to editing mainly badminton stuff. I only recently did anything on the """"men's movement,"""" because it seemed to me that there was some fairly obvious POV in the lead. Perhaps you can give me the short version of why reasonably polite and thoughtful discussion on the Talk page here draws warnings from some administrator (at least, I assume the guy's an administrator). Regards.   """,1,benign
80962,"""
 Regardless of how relevant or not relevant climbing the mountain is, that paragraph constitutes important historical background material as to previous occupations on the mountain. If you move it around you are going to severely mess up the flow of the section, for fairly little benefit. Yeah, it focuses much on the summit and upper flanks of Mauna Kea. In this case, there is no escaping it. There are sources to one, and not to the other; moving everything around has so far only messed up flow and made it hard to read; Nowiki's idea of verifiability based on other Wikipedia articles is a confligation of WP:SOURCE (do not use Wikipedia as a source) and would be immediatly removed come the FAC. All in all, the best course of action is to simply agknowledge the biase and move on from there. The section is hardly the most important one in the article anyway. Mar """,1,benign
128221,"Factor to convert HBA1 to HBA1c 

I am sorry but I am trying to find the correct factor to change HBA1 to HBA1c, I would like to know if somebody can send this factor to me and also the explanation of the way to obtain that factor. 

I hope somebody can help me with that.

My name is Nancy and my e-mail address is:  nancychavezch@hotmail.com

Thank's 201.216.146.23",1,benign
149481,"Per Wikipedia's page on blocking, I'd like to respectfully ask the person who has blocked me yet again, accusing me of vandalism, to please provide additional rationale, outlining the facts and the part of the blocking policy he feel applies, and why.

Thank you.",1,benign
59664,"""Is the """"significance"""" section really necessary?  As it stands, it's nothing more than the synopsis rehashed into a bunch of disjointed statements, with no explanation of any significance.""",1,benign
83896,"←I noticed that you just granted yourself IPBE, I don't think you need to do this because it is included in the +sysop package along with rollback. -''''''004",1,benign
21909,"""

 Correction 
24.46.103.28  """"The Munsters"""" were not a relief of melodramtic soap operas such as """"Dark Shadows"""" as the later series did not debut until 1966A.D. The only """"suspense"""" soap opera that could have come close was """"The Edge of Night"""".  Rather, it was more a tongue-in-cheek send-up to the low-budget horror moviess perliferating in the fifties and sixties.  The characters themselves bore this out, obviously!  With sister-themed show """"The Addams Family"""", and competitive sit-coms """"Bewitched"""" and """"I Dream of Jeannie"""", this formula became a winning mantra that departed from the typical family situation comedies, and droll western series!  24.46.103.28  Veryverser""",1,benign
145861,"Joe is referring to the three week session in NYC.  Most of the ideas for the songs on Sandinista
were born during that time.  However, the band did spend a considerable amount of time recording in London 
to complete the album, and some songs were actually written and recorded then.

They also recorded at least one track in Jamaica, and managed to squeeze in the sessions for Ellen Foley's
album during July of 1980, before completing Sandinista in October.

Jeff Sanchez",1,benign
13077,"Yeah, every change to every article, makes it easier to know what's going on. Regards,",1,benign
3813,"Hi. We have three members already. We all seem interested in the project. I have created a template to place on article's talk pages. An user from the Spanish WikiProject has just suggested that we translate articles from one Wikipedia to the other using an automatic translator, but no-one responded yet. One of the members is interested in writing about gay literature, and there has been somewhat of a discussion about whether it should be gay literature or LGBT literature. I believe this was the first discussion of the project. Two of us think that LGBT literature would be best. I don't have a lot of time to dedicate to the project, so I would like it if it didn't depend on me to survive and grow and be successful. The other two members have asked what they can do for the project. I would like to write something to better explain what a Wiki Project is for, because this seems unclear. I believe it's not much of a big deal, it's just a way to have all people interested in the same subject in the same place, so if something important happens concerning that subject (for example a page gets nominated for deletion), all interested people get to know. It should also create a sense of community, and it's good to have that since we'll be editing the same articles. I think things are going fine, except that I don't know whether the other members see this as I do.",1,benign
117810,"Hi, Øßp&, and welcome to Wikipedia! I hope you like the place and decide to stay. Here are some pages that you might find helpful:

Introduction to Wikipedia
The five pillars of Wikipedia
How to edit a page and How to develop articles
How to create your first article 
Simplified Manual of Style

Please remember to sign your messages on talk pages by typing four tildes (~~~~); this will automatically insert your username and the date. If you need help, check out Wikipedia:Questions, ask me on my talk page, or ask your question on this page and then place {{help me}} before the question.

However, there is a small issue with your username. As it is in a non-Latin alphabet script it may not display correctly for many other users. Although usernames like yours are not prohibited, Wikipedia's  signature guideline and username policy encourage you, as a courtesy to other users, to alter your signature so that it also includes a transliteration of your username using Latin characters, so others can see it correctly. For the how-to of tailoring your username, please see WP:CUSTOMSIG.

Thanks, and feel free to message me about anything.

ترجمة |
թարգմանություն |
tərcümə |
пераклад |
অনুবাদ |
превод |
翻译 |
თარგმანი |
μετάφραση |
અનુવાદ |
תרגום |
अनुवाद |
翻訳 |
ಅನುವಾದ |
បកប្រែ |
번역 |
ການແປພາສາ |
превод |
भाषांतर करणे] |
ترجمه |
перевод |
превод |
மொழிபெயர்ப்பு |
అనువాద |
การแปล |
переклад |
dịch |
 |
יבערזעצונג (talk)",1,benign
33782,"In addition, you may want to read this as it is explained by author Mike Campbell:

The TIGHAR-Nikumaroro Fiasco
Two years of speculation and hype came to a numbing climax on
March 16, 1992, at the National Press Club in Washington,
D.C. At a crowded news conference receiving national TV
coverage, Richard Gillespie, executive director of The International
Group for Historic Aircraft Recovery [TIGHAR], unabashedly
announced that the Amelia Earhart mystery “is solved.”
Since early 1990, following the group’s first excursion to Nikumaroro,
a 3.5-mile long coral atoll in the Phoenix Islands, about 2,100 miles
southwest of Hawaii and three hundred miles south of Howland Island,
the national media had touted TIGHAR’s theory that Nikumaroro could
be the final resting place of Amelia Earhart and Fred Noonan.
The “evidence” Gillespie presented included a battered piece of aluminum,
a weathered size 9 shoe sole labeled “Cat’s Paw Rubber Co.,
USA,” a small brass eyelet, and another unlabeled heel the group found
on Nikumaroro during TIGHAR’s highly publicized return there in
October 1991. These items, elaborately displayed and labeled in a glass
case, all came from Earhart or her Electra, according to Gillespie.
“There may be conflicting opinions, but there is no conflicting evidence,”
Gillespie said. “I submit that the case is solved.” Gillespie then
bit his lip and looked down at the floor — a curious yet revealing display
of body language for someone claiming to have solved one of the
20th century’s greatest mysteries.
Gillespie and Patricia R. Thrasher, TIGHAR’s husband-and-wife
team, theorize that through a navigational error, Earhart and Noonan
overflew Howland Island and landed on a reef on Nikumaroro during
low tide. There they died of dehydration a short time later. The plane,
they said, was washed over the reef when the tide came in and now lies
under 2,000 feet of ocean.
The April 1992 Life magazine featured a six-page spread penned by
Gillespie, who cites Navy pilot John Lambrecht’s July 9, 1937 report:
“Signs of recent human habitation were clearly visible [on
Nikumaroro], but “repeated circling and zooming failed to elicit any
answering wave from possible inhabitants.” Gillespie called this report
“hugely significant” and “tragically inadequate. What had not been
done in 1937 had to be done now. We would have to search
Nikumaroro.”
Gillespie credited two retired military aviators, Tom Gannon and
Tom Willi, of Fort Walton Beach, Florida, for the theory’s origin.
“Using celestial tables, Gannon pointed out that on the morning of July
2, 1937, the rising sun would have provided the precise line of position
Earhart said she was running,” Gillespie wrote in Life. “By flying
southeast along that line, Noonan could be sure that, even if he missed
Howland, he would reach an island in the Phoenix group in about two
hours. Clearly it was the safest, sanest course to follow. I traced the line
on the chart and read the name of the island: Nikumaroro.”
This supposition was convincing to some, but Devine wasn’t
impressed. “There is considerable information in Gillespie’s rendition that
can be faulted,” Devine writes. “One example is his attempt to foster a line
between Howland Island and Nikumaroro. He presents Earhart’s last message
as ‘We are on line 157/337 ... We are running on line.’
Earhart never reached Howland Island. Earhart never
saw Howland Island, therefore Howland Island is not a reference
point for a landing on Nikumaroro. Earhart’s authentic
last message received by Coast Guard personnel on board
the Itasca, and recorded by Commander Thompson, related
no reference point: ‘We are on line of position 157-337 ...
We are running north and south.’ Earhart was not flying east
toward Howland Island or Hawaii. She was on a course, a
compass course or line of position 157-337, which terminates
on the island of Saipan.1
With Our Own Eyes
– 163 –
– 164 –
Earhart was not adept at navigation, and may have stated
her reading from a pocket compass she carried on her person.
She was probably and almost certainly stressed by ensuing
events, especially if Noonan had been rendered unconscious
during the almost disastrous takeoff of the overladen plane.
If Noonan had not been incapacitated, I assure you that he,
one of the best air-and-sea navigators of that period, would
have been communicating. He would have guided their
plane on a pre-arranged course, and calculated for accuracy
during intervals of the flight.2
Devine writes that another likely origin of Gill",1,benign
66922,"I would rather that you answer my concerns, especially those explicitly outlined in my previous comment in which I cited your work, instead of resorting to personal comments.",1,benign
101209,"You're right it doesn't matter what happened months ago or why. I'm sorry to have posted something so paranoid. My family's having financial problems and my house is in danger of being taken away from me. I guess I let the stress of the situation, get the better of me. I have merged the article, I need to know if you'll support me if I make it a redirect. I'll be copying the debate on demographics to Talk:Western United States, when the page does become a redirect, as that is where it would be included now. I'm going to propose a compromise there. -with sincerest apologies, your friend, Jay ()04:05, Jun 11, 2005 (UTC)",1,benign
44055,"""

Are you reading these messages at all?  talk to me """,1,benign
86254,"DONT YOU THINK DAVID TENNANT SHOULD COME BACK!?

I DO 

HE IS THE BEST DOCTOR EVER",1,benign
9277,"""

 Steve Waugh 
I'll still be expanding this. You're welcome to do so as well, of course. If the article gets too big, then forking like Keith Miller is always an option, especially in the modern era, every captaincy decision etc is analysed a lot and there is a lot of politics in the open as well. ''''  (bananabucket'') """,1,benign
100174,The  lolipop brand was Chupachup...,1,benign
131207,"""

 Where? 

I surrender. Non-attorneys have decided an entry on a genuine court case is the place to reargue the case.

Nonsense like this is why Wikipedia can't rise to the level of a reference work.

""""I don't remember them explicitly addressing ..."""" - you do understand that this *was* an entry on Parker v District of Columbia, not Chemerinsky's ideas? No? No suprise there.

Have fun in sandbox, children.

 """,1,benign
70880,I didn't know that voilates copyright.,1,benign
92315,"""

Why not use lipstick to paint a happy face on this fat pig? Something along the lines of """"USMC aviators have developed innovative flying patterns in order to briefly reach the specified Mach 1.6 top speed of the F-35."""" Would everybody be happy with that?   """,1,benign
123146,"Hello, and welcome to Wikipedia! We welcome and appreciate your contributions, such as Pictures of Success, but we regretfully cannot accept copyrighted text or images borrowed from either web sites or printed material. For more information about Wikipedia's policies and guidelines, take a look at our Five Pillars. Happy editing! .:..:. babelfish",1,benign
127712,"""

 Yo 

Where have you been? What's up? Hit up IRC or reply on my talk page... or yahoo, dude. You've totally disappeared!  (Talk) """,1,benign
116137,"""==Notability of Magnus howie==
A tag has been placed on Magnus howie requesting that it be speedily deleted from Wikipedia. This has been done because the article appears to be about a person, group of people, band, club, company, or web content, but it does not indicate how or why the subject is notable: that is, why an article about that subject should be included in an encyclopedia. Under the criteria for speedy deletion, articles that do not assert the subject's importance or significance may be deleted at any time. Please see the guidelines for what is generally accepted as notable. 

If you think that you can assert the notability of the subject, you may contest the deletion by adding  to the top of the page (just below the existing speedy deletion or """"db"""" tag), coupled with adding a note on the article's talk page explaining your position, but be aware that once tagged for speedy deletion, if the article meets the criterion it may be deleted without delay. Please do not remove the speedy deletion tag yourself, but don't hesitate to add information to the article that would confirm the subject's notability under Wikipedia guidelines.

For guidelines on specific types of articles, you may want to check out our criteria for biographies, for web sites, for bands, or for companies. Feel free to leave a note on my talk page if you have any questions about this.   """,1,benign
67701,"Do not threaten me 

I understand what weasel words are perfectly fine. Please note that any attempts to stalk and harass me will be reported.",1,benign
152704,"""
Still welcome ) Love that wikimedia software and edit conflicts!    Chat   """,1,benign
77034,"""

 Please do not vandalize pages, as you did with this edit to Flamingo. If you continue to do so, you will be blocked from editing.  gabsadds """,1,benign
35195,"""
 I'm afraid I will not be restoring your other comment. I am familiar with WP:TALK of course – as I'm sure you are familiar with WP:BLANKING. Before you made that comment, I specifically asked you not to leave further messages on my talkpage unless you were willing to adopt a more collegiate attitude. Your subsequent comment betrayed no change in stance. So I removed it, and I stand by that removal, per policy and per my own sense of right and wrong.I appreciate your offer to unblock me, and hope that you will consider doing so in recognition of the fact that the offending passage is now removed and that I would have done so on request at any time. However, I am resolute that the deleted comment is going to remain deleted. ╟─Tag►inspectorate─╢ """,1,benign
108607,"That reply you sent me made me very sad. I said clearly that i don't want to start any wikihate. But surely, don't you realise that President Bush is not an alien? He is a 61 year old man, and deserves dignity. You are arrogant, alking and using words like 'dude' that doesn't contribute as a respectable part of the English language! Chill, man! You are really horrid, and have made me angry.",1,benign
43868,"Mama's Family edit 
Thanx for the mama's family edit compromise thing. Maybe you're not such a bad guy after all )",1,benign
484,"""== TfD nomination of Template:SilentRedirect ==

Template:SilentRedirect has been nominated for deletion. You are invited to comment on the discussion at Wikipedia:Templates for deletion#Template:SilentRedirect. Thank you.   | (talk) 

 Watermarks 

I shall remove the obvious ones, the less obvious ones stay. I am allowed to watermark images with anything whatsoever I wish to, even if it's a contradiction, and if you wish me to use up further WP  bandwidth by re-uploading them, that has no effect on me. I can't do anything until this evening, and if any get deleted, I shall reupload them. Yours without respect (talk|email) 
You could have the grace to reply. I said that I'd deal with them this evening, but only the ones where the watermark is visible from the page. So *** off (talk|email) 
I am planning to re-upload them with less obtrusive watermarks, such as that on Image:Bliss parody.jpg. (talk|email) 
It wasn't vandalism; I used an external link as per your instructions, which incidentally I'm not bound to follow. I am certainly on the verge of requesting mediation, as you are disrupting my life, never mind WP, to make a point. I will tell you one more time: any images are better than none. If you wish to get your own pix of all the concerned images, you're damn welcome to try, but they are GFDL therefore there's no grounds for removal. (talk|email) 
PS - I shall add the external link again, not as an image, and if you remove it I shall make a formal complaint to the Wikimedia Foundation, and the Information Commissioner in London. (talk|email) 

, your conduct is a little off in this matter. While I'm all for discussing the issues with users, let's keep it civil please? Thanks.  (talk) 

 I disagree, Rob - it is far more than """"a little"""" off. Images watermarked as such are not in any way appropriate for Wikipedia. This is an encyclopædia, not a pet image project. If """"TheDoctor10"""" isn't happy to play ball, he can go elsewhere.
  (talk) 

I am proposing a change to the image use policy to forbid watermarked images. Please voice an opinion at Wikipedia_talk:Image_use_policy#User-created_images -Thanks - talk 

I edit from the United Kingdom, and under the 1990 Computer Misuse Act, the editing of information online is illegal, without permission. The button at the top of every page that says """"Edit this page"""", among other things, constitutes that permission, while the policies and guidelines form conditions. Since there is no condition against my image, it has a legal right to be there. Q.E.D. (talk|email) 
True, but therefore your addition fails under the same logic. Also, Wikimedia own the servers, it's their right to delete it. 13ID:540053 
Apologies to Ed for invading his talk page, but what a load of rubbish! Wikipedia are under no legal obligation whatsoever to host your images, regardless of whether they meet any policy. I have no idea under what flawed logic you presume that the fact you can edit Wikipedia means that your edits must legally be accepted. If the Computer Misuse Act states that the editing of information online is illegal without permission, that implies that editing with permission is legal, and nothing more. Furthermore, by your logic, I have the legal right to edit Wikipedia, and remove your images... I fail to see what on earth you intend to tell your lawyer, but I don't imagine the Wikimedia board are too concerned... └''''''/talk┐ 

Ignoring the gibberish i",1,benign
98334,"Swiss-born chairman of the Kaiser Wilhelm Institute for Anthropology, Human Heredity, and Eugenics: tricky one.",1,benign
7353,"""

 Someone's impersonating you 

Please see Wikipedia:Administrators' noticeboard/Incidents, section title """"Non-credible User Performing Multiple Vandalism"""" — someone fraudulently signed your name to many comments in that thread.    """,1,benign
117178,"Epalela fish pond 
 Epalela fish pond

A fish pond, or fishpond, is a controlled pond, artificial lake, or reservoir that is stocked with fish and is used in aquaculture for fish farming, or is used for recreational fishing or for ornamental purposes. In the medieval European era it was typical for monasteries and castles (small, partly self-sufficient communities) to have a fish pond.

History

During the winter, supplying fresh food for a castle garrison was a constant struggle. Although meat would be available from deer parks, this couldn't supply the needs of the whole household. A fish pond provided an elegant solution. As long as there was a natural flow of water into the pond, fish required no feeding and were available all year round. There would usually be a series of ponds, with fish being moved between them as they grew.

Wikipedia:School and university projects/Polytechnic of Namibia

~~Inamutila O.D Anghuwo  200723791~~

 External links 
 Link 1",1,benign
76589,"""

 Who is more of a threat to India-the LeT or the VHP? 

It has been less than 48 hours since the blasts and the Vishwa Hindu Parishad is already trying to incite Hindus to violence against Muslims.It amazes me how these guys jump at any oppurtunity to start a riot!I think its about time people realise that the VHP is just as fundamentalist and dangerous as the Lashkar-e-Toiba.As for the Parishad being a """"guardian of the rights of Hindus"""",the VHP is just a farce.Its """"activists"""" are just jobless 20-somethings who want to vent their frustration by damaging public property and beating up innocent citizens,whilst screaming praises of Hindu Gods at the same time {to show their devotion}.These people pose a grave threat to India's secularity and the VHP must be outlawed.""",1,benign
143010,"""

Just because a word is used in an opinion piece, blog, article, or letter to the editor does not mean it needs to be cited as an example.  All of the examples are there because of their political point of view.  They are completely subjective and inappropriate to the page.  All of them should be removed.  I'll go over a couple of them.

""""Character assassination is the Karl Rove tactic of choice, eagerly mimicked by his media surrogates, whenever the White House is confronted by a critic who challenges it on matters of war. The Swift Boating is especially vicious if the critic has more battle scars than a president who connived to serve stateside and a vice president who had """"other priorities"""" during Vietnam."""" –Frank Rich in the August 21, 2005 New York Times[3]

This is purely about Karl Rove, and the opinion writers thoughts on Karl Rove's tactics.  It  offers no meaning or insight to swiftboating.

""""Swiftboating Cindy Sheehan""""[6]
""""Swiftboating the Crazies""""[8]
""""Swiftboating again""""[9]
""""Dean is being swiftboated.""""[10]
""""I do think the race offered one good opportunity for out-of-state Dems and Progressives, and that was to calmly write to newspapers and try to talk to receptive radio hosts about the swiftboating of the candidate.""""[11]
""""I’m glad the efforts to swiftboat Paul Hackett have been exposed for what they are.""""[12]

These are all blog entries which may or may not contain the word swiftboating.  They serve no purpose other than to push a political agenda.

Swiftboat ('swift bOt); transitive verb: (1) To accuse a public figure of questionable conduct without the benefit of physical evidence, usually by an entity informally associated with a person or entity benefiting from the accusation. Noun: (2) An unsubstantiated charge made against a public figure or organization, usually made by a proxy entity. See also: Smear, hatchet job, character assassination. (3) An organization dedicated to swiftboating on behalf of a respectable organization. (4) archaic: a type of boat used by the United States Navy to patrol the shores of Vietnam from 1965 to 1970; see also PCF. [14]

This comes from some password protected forum.  Seeing the word is defined above, I see no reason for it.

""",1,benign
40658,"2012 (UTC)
Try The Books of the Bible.   16:01, 7 May",1,benign
43426,"Really, but listing associations (which is done on countless other pages) is all well and good. Would this be different if it wasn't a church. May I direct people to [religious intolerance|religious intolerance]. Saying an event had 2500 people show up on its debut, which is fact, is hardly making a judgment. Now, I do thank you for being the only one who actually read and post something here, rather than just removing all of the legitimate information here. Just to let everyone know, I work in the town, and my information is first hand.",1,benign
120269,"""

 improper referrals 

the section titled """"Elimination of systemicc free radicals contains the sentence """"Since reactive oxidative species (ROS) like sunlight and carcinogens lead to the formation of free radicals, inhibition of free radicals therefore decreases the risk of tumoric growth."""" Sunlight is certainly not a free radical and not all carcinogens are either. This sentence makes no logical sense and should be re-written by the author to better express their argument.  """,1,benign
63881,"TUSC token eaf3126a18fae1f097f990290c84672a 

I am now proud owner of a TUSC account!",1,benign
52894,"I have today received an email response to my query about his possible membership: Dear David, Sir Henry Chamberlain was not a member of the Royal Academy nor an exhibitor here so we cannot help you with information. Regards, Andrew Potter, Research Assistant, Royal Academy Library.",1,benign
37922,kendrick lomar howard jr,1,benign
49161,"""

 I interpret it as that as we have sources that are conflicting on basic information. While each of the sources appears reliable enough none of them can be reliably, and verifiability, traced back to either reports written by the people involved with the operation or someone that interviewed them. There does seem to be wide agreement that OBL was hit twice with the first shot being somewhere in the chest/trunk (depending on the report), and the second in the head. There are conflicting reports on the number of shooters and the number of shots fired.

 We have a couple of options for the article. 1) Only report those items that seem to have wide agreement and to be silent on those details where our sources offer conflicting data. 2) Document the conflicting details along with the sources. I'd personally go with #1 as it'll be a cleaner article. We'd have a constant battle with people trying to inject a POV such as """"OBL was shot twice by one person - look at all these sources.""""

 I have a personal concern with the New Yorker version of the events in that it mentions the assault team blowing their way through doors and walls. For the first couple of days after the mission it appeared the public was allowed to wander around the compound and were only restricted from the innermost courtyard. Lots of people took photos. I never saw a photo of a hole blown into a wall nor did I see any apparent damage to the doors. Visible evidence of the assault would have been of great interest and no one took a photo? Thus, I'd say the New Yorker and other articles article is wrong on that detail. The assault team likely found the inner doors were unlocked and/or scaled the walls to get into the compound and to move between the walled off sections of the compound.

 There are other concerns about the New Yorker article in that it switches from great detail which appears to build credibility and the impression that this is an """"inside account"""" to an absence of information on basic things such as what team #1 was doing immediately after they landed. I suspect the entire thing was spun together out of speculative opinions by others. Unfortunately, many of the articles about this incident have similar issues. |talk """,1,benign
128358,"I've removed the speedy tag from Ayloo Milaki, since it clearly asserts notability, and added a reference per WP:BLP. Thanks for the articles.",1,benign
112955,"""

 Perspective? 
""""In the trial Shylock represents the Jewish side in contrast to the Christian one in a matter of highest importance: Justice (Jewish, Old Testament) is confronted with Mercy (Christian, New Testament). In the Christian view mercy is the decisive step after justice is reached. Therefore the Christians in the courtroom urge mercy. Beside the fact, that Shylock as a Jew is not in duty to give mercy, he is not able as well, because for this you need love. He doesn't find love at all, but hate. Shakespeare explains this in Shylock's monologue very clearly. To be merciful despite the hate nevertheless you have to love your enemy (New Testament). That means in fact that the Christians in the courtroom urge Shylock to behave like a very true Christian by loving his enemies although they themselves failed even in loving just their neighbours (the Jews) in the past before.""""

Second person much? 129.2.18.220  """,1,benign
112795,Target seat sections are standard Wikipedia practice for every election in almost every province and federally. –  (talk),1,benign
127405,""" A second opinion will brought in to see if this qualifies to continue review.

 Status 
This section is supposed to be edited only by reviewer(s). Any questions and comments concerning this table should be posed in Discussion subsection below.
{|class=""""wikitable"""" style=""""text-align:left""""
|- valign=""""top""""
! width=""""30"""" | Rate   
! width=""""300""""| Attribute
!            | Review Comment
|- valign=""""top""""
| colspan=""""3"""" | 1.  

 

{{GATable/item|1b|n|
In the introduction, """"As an example, let's represent a number of eggs by the letter..."""" Let's? this isn't a Wikiversity page.""",1,benign
145706,"We don't know that they are the same person, even though it seems likely.",1,benign
84166,Aren't you afraid your party will end in bloodshed?,1,benign
15449,"July 2006 (UTC)

Thanks for the message. I am not quitting WP, since that is exactly what some of the people involved in the recent incident exactly want(ed). The more they gang up on me, the more my point comes across to everyone. There are lots of people following this incident. Administrative abuse is not a light issue. 02:33, 25",1,benign
41067,"""
 It's been released by all sources. I bought my copy from Amazon. ╟─Tag►assemblyman─╢ """,1,benign
55411,Proposing to merge this article with the main artcile of Albania NFT,1,benign
78394,", 8 September 2006 (UTC)
I've gone the next step and done so.   07:52",1,benign
43467,"I would object to that title for the same reasons as presented above.  Splitting hairs and playing at semantics does not sidestep the above raised problems, imo.  And one of the arguments Tarc has alluded to is one I agree completely with: If you can't describe a person in terms of their own accomplishments, but only on the nature of their relationship with someone else, then they simply are not notable enough for an article.  If Sarah Brown is only really notable for being the spouse of someone, then this article should be deeply pruned, merged and redirected to Gordon Brown. lute",1,benign
46668,"NO! It is a lie, that Anton Fick was an official member of Kiss in May 1980. It is not the truth! 141.91.136.40",1,benign
125934,"Similarities 
Surely a surrogate key and a primary key are identical? 
Is there really any difference?",1,benign
47895,"Who are You? Where is you name and Address ? 

Utkarshraj Atmaram is a friendly Wikipedia administrator from India, who lives in Canada. He joined Wikipedia on 26 March, 2004 and became an administrator in February, 2005. On Wikipedia, he is better known as Utcursch (talk · contribs · blocks · protections · deletions · page moves · rights). As an admin, he is open to recall. If you feel that he has abused his admin powers, you may also file an RfC against him. Utcursch is also an OTRS volunteer. [edit]Bookmarks
User:Utcursch/plagiarism from Wikipedia User:Utcursch/Migrate Infobox Indian Jurisdiction to Infobox settlement User:Utcursch/Migrate Infobox Indian Jurisdiction to Infobox settlement/main.js User:Svick/WikiProject cleanup listing India-related articles needing cleanup (warning: HUGE) Wikipedia:WikiProject India/Requested articles Special:FeedbackDashboard Wikipedia:Database reports — Preceding",1,benign
60304,"Actually I was not going to replace any of them, I accept my book it not a credible source until someone else says so -) I'll do some work on the Talk Page. Thanks for your advice. 94.76.238.116",1,benign
109610,"""

The rules are not going to be bent for you and they most certainly shouldn't.  The term is non-notable no matter how you look at it, even you admit that you just invented the term yourself.  In order for a term to be notable, there needs to be more than a very tiny number (mostly just you) of people using it.  It's not helpful, it just serves to confuse people since """"inverse ad hominem"""" implies that it's opposite to ad hominem, which it's not.  It's just saying """"I have superior credentials"""" instead of saying """"You have inferior credentials.""""  There is no difference as far as logic is concerned.  8 July 2005 01:20 (UTC)""",1,benign
103646,"""

 Hakan Mild 

Hi Johan. Why do you keep deleting the link to video featuring Hakan Mild?? You write, """"it's irrelevant to the article"""". Great, if the article was about Nuclear Power Plant, I'd say too, the video about great Swedish football player Hakan Mild, showing his AMAZING skills with the ball, is irrelevant to the topic. But the article about Mild... so what's wrong with the video about the very guy the article is written about, Johan?? ) Seriously, I wonder why do you delete it. Please, think again, let's put a link to the video so all the people who visit this Wikipedia page (and Wikipedia's pages are first to be found in all search engines, so everyone who likes to know more about Hakan Mild, would visit this page first) would see an amazing skills of the guy. If I could, I'd add more videos to that section, videos that feature his goals, for example, that great goal he scored when Sweden beat Bulgaria 4-0 in 1994 (over the 3rd place, I bet you remember). Other pages DO HAVE this link section with the link to videos. So why wouldn't we?? 
P.S. Mind you that it is NOT my video neither I want to promote it in such way. I'm simply a big fan of Sweden, Swedish football and everything that's connected to the fame of your incredibly beautiful country.85.250.39.107  Ronnie Slogun, 5 Dec 2007, 7:41 PM.""",1,benign
155742,(talking to the fan),1,benign
95594,"(addition: the present map actually still erroneously shows Sindh as part of the sassanid empire during 620 CE. While there may be a case during the early Sassanid period, there doesn't appear to be one post-huns as independent hindu/buddhist dynasties ruled there. I should also note that it is important to distinguish between territory and tribute state.)",1,benign
30122,"""

Maybe you can also """"mediate"""" T-Man's insane edit on Legends of the Dark Knight...  """,1,benign
140198,"(UTC)

Russell was active in the Fabian socialist movement.  His political thought was certainly very sympathetic to many technocratic ideas, but was generally more abstract than any ideology.  Roads to Freedom makes patent his political promiscuity: Russell was willing to support any movement that would tend to push history towards human freedom, humane social relations, and the rational satisfaction of human needs.  (Although when nuclear war was concerned, he seemed to prefer social injustice to complete ruin).  On the other hand, Russell was deeply skeptical of technology and science in its influence on human society and culture.  The Scientific Outlook was his vision of a scientific dystopia—one which incorporates much of technocracy.  (For the uninitiated: it is somewhat similar to Brave New World).  Although the technocratic elements are not necessarily portrayed in a negative light, they are not left blameless for the resulting society.  All in all, it seems hard to imagine that book could be the work of an enthusiastic technocrat. — 06:39, 27 January 2007",1,benign
137847,"A tag has been placed on Trevor Schneider, requesting that it be speedily deleted from Wikipedia. This has been done because the article seems to be about a person, group of people, band, club, company, or web content, but it does not indicate how or why the subject is notable (see the guidelines for notability here). If you can indicate why the subject of this article is notable, you may contest the tagging. To do this, please add  on the top of the page and leave a note on the article's talk page explaining your position. Please do not remove the speedy deletion tag yourself.

Please read the criteria for speedy deletion (specifically, articles #7) and our general biography criteria. Feel free to leave a note on my talk page if you have any questions about this.",1,benign
60282,"""

 Thanks 

  Dippin' Dots! I absolutely love dippin' dots (vanilla is my favorite). To express the love, here's some for you, too. Thank you so very much for adopting me. I can't thank you enough.   """,1,benign
131430,I really think there should be more of a distinction between amides with a carbonyl group and amides such as lithium diisopropyl amide. I thought all amides had a carbonyl group until i ran across LDA.,1,benign
137019,"""

ROH's 4th Untitle PPV
1) I didn't even noticed when you got rid of the """"Matches"""" part and though I did that on acident, that's why it put it back in. 2) Have you been around long enough to learn how not to have an ego?  """,1,benign
155748,"None of the incidents I removed cited sources that described the acts as terrorism. Just because a state may recognize an organization as terrorist does not make it necessarily true. FOr example. take the Chinese government's response to the Xinjiang riots.

 Secondly, instead of spending your time violating WP:CIVIL with your constant personal attacks on me, just find sources that support your contention that the given acts were terrorism. It should only take a minute, probably far less time than you've devoted to complaining on this page.",1,benign
40975,"You probably noticed that the stl template can now be used to group articles under a number of various working groups.  I've been working through Category:Unassessed St. Louis articles and slowly rating and sorting articles.  Generally, the work is pretty easy, but i do have a problem with certain businesses, musuems, parks, and other minor things.  They don't specifically belong to of the working groups I made, and I am very reluctant to begin new working groups because there are already way too many.  The education group, which is shaping up nicely is a bit overloaded.  I'm trying to decide if I should group all the museums under them or not.  Musuems may also be categorized under buildings and structures and therefore architecture, and some of them can fall under History.  I made a proto-list at List of museums in Greater St. Louis which seems like a useful place to work from, but should I really make a museums working group?  Alternately I could just leave all the museums without a group and just let them fall under the general wikiproject.  What are your thoughts?",1,benign
38452,", 16 April 2012 (UTC)
This article is being controlled by a pro-MGM circumfetishist who is violating multiple Wikipedia policies and is highly disruptive. Please stop! If any article needs a the POV tag as a badge of shame, it's this one.   04:29",1,benign
55410,"Thank you for experimenting with the page Wikipedia:Contributing to Wikipedia on Wikipedia. Your test worked, and has been reverted or removed. Please use the sandbox for any other tests you want to do. Take a look at the welcome page if you would like to learn more about contributing to our encyclopedia.",1,benign
21172,"Email has been sent, addressing the copyright issues etc. Will I be allowed to keep the picture on the article until the email is accepted?? 17 April, 22:51",1,benign
130211,"""

Yes, the cited FAQ page is amazingly weak. We've covered this many times before - just look up """"dildo"""" in the Talk archives.  Why dildo?  Because the main argument on that FAQ page is: [b]A dildo is whatever traditionally has been considered a dildo.[/b] IOW it uses a totally illegitimate """"definition."""" A good definition needs to have a genus and a differentia.  A circular appeal to past usage doesn't hack it.  We even used to have a template for this:

 """"A dildo is whatever traditionally has been considered a dildo."""" - Unknown Anarcho-socialist
Congratulations! You win the """"Head Up Your Ass"""" award for being the zillionth person to read one stupid disinformation FAQ about anarchism and think they know it all. FYI, anarchism means:
""""a political theory holding all forms of governmental authority to be unnecessary and undesirable and advocating a society based on voluntary cooperation and free association of individuals and groups"""" Merriam-Webster
""""The theory or doctrine that all forms of government are oppressive and undesirable and should be abolished"""" American Heritage College Dictionary
""""doctrine rejecting government: an ideology that rejects the need for a system of government in society and proposes its abolition"""" Encarta World English Dictionary
Observe that there is nothing zero nada requiring socialism, or favoring any particular economic system. So anarcho-capitalism is anarchism. Get over it.
Note: If you want to argue, please read thoroughly the 24+ pages of Talk:Anarchism/Archives on this topic. Then you may start another edit war.""",1,benign
51416,"help and advice 

seek it here just add on and ill see what we can do and we are also looking for teen strougles and more ways to connect to you! any tips? or ways to orginize our information

my friend is doing a report on us and i was wondering if you new where to find 8thgrade report tips he needs help!",1,benign
156980,"You must be ignorant? The article is about the modern group, not the ancient one. The names Chaldean and Assyrian has only been used for a shorter time.",1,benign
141673,"""
 I was unaware of this and have to say I'm disappointed.  chat """,1,benign
147715,"""

The examples you show are mentions of the term """"comfort women"""" used for comparative effect, to compare a different system to the one involving forced sexual slavery for the Japanese Imperial Army. The term """"comfort women"""" is not used as an established term for a system of primarily voluntary prostitution, such as the 1945–46 RAA in Japan serving US soldiers, or the prostitution in Korea in the 1950s.   """,1,benign
63628,"Chillum 

FYI...chillum really does have breasts. They're not very nice. Cheers! 68.28.155.112",1,benign
156473,"""

To erase a souce and to replace it with a """"fact tag"""" is not to """"think an edit is helpful"""". The only definition is """"vandalism"""". """"Ninguém"""" is a not a new user, he does know very well what he is doing in Wikipedia. He knows very well that I posted a source that gives the 3 million figure, and there was no reason to reverte my edit, unless he was trying to rise another disruption, as usual.   """,1,benign
103032,".

States have ratified or acceded to the Covenant (as at April 1999):
Afghanistan, Albania, Angola, Algeria, Argentina, Armenia, Australia, Austria, Azerbaijan, Barbados, Belarus, Belgium, Belize, Benin, Bolivia, Bosnia and Herzegovina, Brazil, Bulgaria, Burkina Faso, Burundi, Cambodia, Cameroon, Canada, Cape Verde, Central African Republic, Chad, Chile, Colombia, Congo, Costa Rica, Cote d'Ivoire, Croatia, Cyprus, Czech Republic, Democratic People's Republic of Korea, Democratic Republic of the Congo, Denmark, Dominica, Dominican Republic, Ecuador, Egypt, El Salvador, Equatorial Guinea, Estonia, Ethiopia, Finland, France, Gabon, Gambia, Georgia, Germany, Greece, Grenada, Guatemala, Guinea, Guyana, Haiti, Honduras, Hungary, Iceland, India, Iran, Iraq, Ireland, Israel, Italy, Jamaica, Japan, Jordan.

Also Kenya, Kuwait, Kyrgyzstan, Latvia, Lebanon, Lesotho, Libya, Liechtenstein, Lithuania, Luxembourg, Madagascar, Malawi, Mali, Malta, Mauritius, Mexico, Monaco, Mongolia, Morocco, Mozambique, Namibia, Nepal, Netherlands, New Zealand, Nicaragua, Niger, Nigeria, Norway, Panama, Paraguay, Peru, Philippines, Poland, Portugal, Republic of Korea, Republic of Moldova, Romania, Russian Federation, Rwanda, Saint Vincent and the Grenadines, San Marino, Senegal, Seychelles, Sierra Leone, Slovakia, Slovenia, Somalia, South Africa, Spain, Sri Lanka, Sudan, Suriname, Sweden, Switzerland, Syria, Tajikistan, Thailand, The former Yugoslav Republic of Macedonia, Togo, Trinidad and Tobago, Tunisia, Turkmenistan, Uganda, Ukraine, United Kingdom, United Republic of Tanzania, United States, Uruguay, Uzbekistan, Venezuela, Viet Nam, Yemen, Yugoslavia, Zambia and Zimbabwe.",1,benign
137130,"The best source for this is on the ACS own site and, by the way, it was the ICC not the ECB which has given official sanction to ListA.  Have removed tag and supplied reference.  72.37.171.100",1,benign
142509,Add Centrosaurus Retards! It clerely states a picture of Centrosaurus that you did NOT list!,1,benign
114807,"""
Hi. Do you mean the box that says """"This article is an orphan, as few or no other articles link to it."""" on the article Gobar Times? That has been added manually and can only be removed manually by editing the page, but you should only do that when you have satisfied the issue it describes. If you check the """"What links here"""" link in the Toolbox section in the column at the left of the article, you'll see nothing links to it, which is what that is about. So you'd need to find other articles where a link to Gobar Times would be appropriate, and add them.    """,1,benign
28665,"OK, great! Just let me know if you have any questions ) ~",1,benign
115043,"""

 Thanxs for the support! 

Thank you for supporting the pic I nominated.  One thing though...I'm kind of befuddled regarding the stated age on your user page.  Your 17, but in med school?!?  Wow, do I feel stupid!   Cont@ct  =D""",1,benign
100241,I had to use my special powers now DS yes I am an Admin ins disguise now please ride out the block 109.145.226.227,1,benign
139577,"""
Then you should know that the """"Lady Hope"""" story you referenced (Darwin denying evolution) is a complete and utter lie. Even Answersingenesis.org says not to use it. So why did you use it? -   """,1,benign
116364,"Do it Our Way (Play) 

Look bruv, I'mma ask you this once, but what IS YOUR problem with me editing on here? I have proved that Do it Our Way (Play) is sourced as R&B;/pop, so why are you changing it and always reverting my editing when I ain't harming anyone? 86.182.64.127",1,benign
35125,""":You certainly have a """"choice"""" as to what to call the comic serialization of the series.  """"Manga"""" is just a word.  Call it a comic!  This is an English-language article.  If there's contention, use the English word!  IMO, because of the multinational nature of this series, it's the best word anyway.  This article is almost entirely unsourced.  To be nitpicky, """"we"""" don't even know a Japanese version of the comic was produced, either.  Any listed citation that isn't currently a broken link pertains only to the animated version of the series.  Since there is so much contention over the series' origins and initial publication, all statements referring to either of those things should be removed until they can be reliably sourced.  The info can always be added back later.  Hopefully we can all take for granted that the Korean manhwa author (which is his profession, not a statement about the origins of this particular work) originally wrote the work in Korea.  If you guys can't get past your preferences for asserting its Japaneseness or its Koreanness, then the article will continue to suffer.  (talk) 

""",1,benign
56277,"Fix 

I think much of the article here warrants the OR tags and the writing is better off in the HIMYM Wiki. I believe the current version of List of recurring Entourage characters is a good template for converting this in a more out-of-universe model. I've started with the work and unless some anon or new account troll here raises a stink here, I intend to see this through.",1,benign
111719,"""

""""the New Church belief that both the Roman Catholic and Protestant Churches are in a fallen state."""" Okay, so what about Eastern Christianity, ie the Orthodox Churches? Does Swedenborgianism consider them to be apostates, or not?  Grigrory  """,1,benign
11531,"Veritas-spanish Article. 

Some people continue erasing verifiable and up-dated information in the Spanish People's article about recently published books pointing to a strong link between Iberia and Atlantic Europe. Those books are Blood of the Isles, by Bryan Sykes, Origins of Britons, by Stephen Oppenheimer and Deep Ancestry, by Spencer Wells. What do you think of it?",1,benign
115747,"""

 Please do not vandalize pages, as you did with this edit to Asli Bayram. If you continue to do so, you will be blocked from editing.  . """,1,benign
131418,"Trigor's edit

 have erases pointing out that nuclear waste is stored in unprotected place and that is venerable to terror attack in most plants. No offense but that is not truth because this waste has containment and most often it is in reactor containment itself. I have added the link. Also I have added some data about terrorist attacks as well as link. 

I have pointed out that there is no proof that low level radiation is harmful. 

I have also pointed out that there are uses for depleted uranium. 

Please write if you are unpleased with edit.",1,benign
147525,"joshbuddy, it is your opinion that I do not know how to work with others. I appreciate this is your feeling, and I am glad you felt free to share it with me. What is amazing in this exchange is that you view critical and studied analysis as hostility. I have not offered any insults. I have offered objective feedback, and explanations when asked for. When you write that I “completely missed” the existence of the HLC and HIS your statement is purely absurd! I am the one that added that language in the introduction in the first place! Frankly, EVERY SINGLE item you complain I omitted is in fact FOUND in the verified version! How on earth you can claim to have a meaningful analysis comparing the verified Lead-in language with the body of the article is beside me to understand. I recommend continued education as a remedy.",1,benign
42744,"IMHO, intergovernmentalism and supranationalism do not need explanations of those terms, they can click on the links to look into that and the article should speak for itself on detail. GDP should be mentioned as it reflects its importance and clout in the world - to change any misconceptions about its importance. Don't care much where it comes in though. Some history could be good but kept brief as it can easily get long winded with the different treaties - maybe just that it has its roots in the ECSC founded in 1952? History is a good context to start talking about something, the era of establishment -and age- reflects its nature and so on. On the established consensus, that should be stuck to till a new one is formed, all parties should refrain from amending the text without getting support here or we just decent into the edit wars which stop this page progressing.-  t:",1,benign
51781,"""
No, it is vandalism if you persist in making edits contrary to warnings - look at the bottom of the infobox you're editing - it says """"* Professional club appearances and goals
counted for the domestic league only """" -  DOMESTIC LEAGUE ONLY being the pertinent phrase.  Okay?  Cheers!   """,1,benign
38722,"""
I do't give a damn about anything apart from your admin status and your involved position and removing it - reallycan """,1,benign
93343,"No harm, no foul, no apology necessary. If Wikipedia editors were perfect, the project would be mostly done by now. )  (talk)",1,benign
99603,"do explain 

How to upload an image. The entire procedure is clumsy and is it possible for me to snap photos of all celebrities and have my own copy right. brief me the possible way to upload an image, how to find it is copyright unprotected...§§",1,benign
29596,"GA reassessment of Streetcars in Washington, D.C.

I have conducted a reassessment of the above article as part of the GA Sweeps process. You are being notified as you have made a number of contributions to the article. I have found some concerns which you can see at Talk:Streetcars in Washington, D.C./GA1. I have placed the article on hold whilst these are fixed. Thanks.",1,benign
129309,"""

Yeah I've seen that website, but according to Wikipedia, TV.com is not a reliable site. Sorry.  ♥ Disc.us.sion """,1,benign
82042,I love him and i wish he had killed more,1,benign
115980,"""

When you have read [{WP:CITE]] and WP:UNDUE, we can discuss this further.  Length is not the issue, focus and balance is.  You might think """"most"""" readers want to know the history of the garment.  I think """"most"""" readers are people who like horses and want to know about riding clothing, thus a modern focus is needed.  And we cannot break this impasse because I am pretty sure that no one has taken a poll of what readers of wikipedia want to know about jodhpurs.  There is a place for a history section, but there already is a link to the Maharaja, so a lot of what you proposed probably needs to go there.  But for the ref, links to images are seldom accessed anyway,so footnoting is perfectly proper and in line with wikipedia's manual of style. If the actual images can uploaded to commons, then I think adding one good historical image to the article is useful, but otherwise, they are awkward in the text.  I also have no beef with clarifying that they aren't precisely breeches, as they go to the ankle, except that no one has yet provided a dictionary definition or either term.  One problem is that you and I both noticed that flared-hip breeches worn with tall boots get called """"jodhpurs"""" in popular culture (the aviator/Hollywood/Military look), even thought they are technically breeches.  And I don't know the solution because who wants to argue with, say, Ralph Lauren?  (talk) """,1,benign
48215,"@I searched for it, but I have not found any webpage containing Jf-17 deal details. The reports were only telecast live, All I found is these screenshots given by the official page of Pakistani media outlet.",1,benign
135246,"""This is my last post on this part as well. I know you only claimed - """"LTTE committed acts of terrorism"""". But you know -  It not only depends on the individual how many """"acts of terrorism"""" it takes to make some organization a terrorist organization, but the nature of the goverment with which the rebel organization is fighting for and the State Terrorism by the government against its people (the rebel's) as well. 

""",1,benign
65268,"Still a bit long, but thanks for your work and for taking my comments on board!",1,benign
122736,"I fixed it for you.  You have to manually name the reference tag, because the software isn't smart enough to guess which one you're referring to.  (This is probably a feature, since you cite two different publications by Naylor, and odds are 50-50 that it would guess wrong if it were capable of guessing.)",1,benign
69233,"""

 B roads 

Regarding your page , I feel this subject has already been covered in B roads in Zone 2 of the Great Britain numbering scheme. I hereby urge you strongly not to create that article. '''''' (talk) """,1,benign
112068,I only reverted three times. That is not a breach of 3rr. 79.97.92.28,1,benign
90951,"""Student essay editing...==
Andy, if you are so keen, then you are encouraged to make the improvements.  These contributions are inferior in many ways as is being widely discussed not only by myself but others.  The rest of us have day jobs, so limited time to contribute.  As you probably know from your teaching experiences, repairing student essays take hours of effort and time.  Sincerely said, I just dont think that these unsupervised contributions from students are of the technical or stylistic standards we are accustomed to in Wikipedia.  The graphics are copyright violations, the article are often violate WP:NOTTEXTBOOK and are preachy or making value judgements.  The referencing ignores WP:SECONDARY.  If you find these massive additions, salvageable, then you can join the completely absent instructor in editing.  We really hope that you can help with content!    
I find your mass removal of good faith contributions by new editors, and your repeatedly pejorative descriptions of them, both outwith the spirit of Wikipedia (WP:BITE, WP:AGF), and disruptive (WP:POINT). If you are too busy to make fixes, that's OK, you are not personally required to do so - just leave the material for others to fix.  (Pigsonthewing); Talk to Andy; Andy's edits 
As I have already indicated, at that stage in my traiing would have submitted similarly awful essays. So my pejorative comments are directed at the so-called ambassadors-coordinators-instructors who foster and protect such inappropriate and poorly crafted content.  Like you, they are waiting and praying for someone with writing skills to intervene.  But as you're discovering, determined mediocrity can be difficult to rectify within the fringes of Wikipedia.  Looking forward to your help with editing these and other articles.   
Those people may have been your intended targets, but that's quite clearly not the result you achieved; here as elsewhere. And no, I do not pray.  (Pigsonthewing); Talk to Andy; Andy's edits 
There is no result to be achieved ... the students dropped their essay bomb on Wikipedia and got their grades.  The ambassadors-coordinators-instructors are flush with approval that they are """"encouraging"""" and """"nuturing"""" and being innovative in their engagement of Wikipedia.    

==""",1,benign
101938,The Handbooks were published for gullible fans by a greedy comic book company.  All we need to know is that these characters are superhumanly strong; who is stronger is up to the writer and the needs of the story.,1,benign
121136,"Counterpointing it as less optimistic is a whole separate issue. Other editors have voiced there opinions that the astronomer is not a biologist and has said some very nonsensical things in his paper, his enthusiasm is almost obsessively biased. But that doesn't change the temperature figures that they themselves have published. Whether it is more optimistic or less optimistic is nonsense when compared to the actual figures and calculations in the primary source.",1,benign
122075,"""
Nothing much. I'm quite busy with a bundle of SVG tasks this week, but unfortunately my software keeps crashing in the middle of a drawing. So yeah, I'm a little stressed out too. So how's studying? Anything interesting you're learning? Fari """,1,benign
88003,"I restored my comment 

Hey I just wanted to let you know that I restored my comment to Jimbo's talk page. Per Resolute, we don't have the right to refactor others comments so that being the case I put it back. Cheers. 108.45.104.158",1,benign
53570,I think that by implementing a no-discussion beyond one turn-of-talk rule should help in toning it down.,1,benign
72926,"I'm fairly certain that he had a good recolection of Hyrule being flooded, and I would imagine that he had a sneeky suspicion that it still existed, since that's where he was trapped until the beginning of WindWaker.  Maybe it's just me.",1,benign
12126,"Animals section on Muhammad
Hello Truthspreader, you should know that the whole reform section on the Muhammad article is being turned into a new article. Reforms under Islam (610-661), being that is the case the animal section is going to be worked into there. Just to cut down on the edit warring on the Muhammad article I would advise you to just carry that content over now. Cheers. (→)",1,benign
104878,"Wikipedia:Articles for deletion/Simon Leamy
This note is to let you know that I have consolidated this AfD into Wikipedia:Articles for deletion/J. P. McManus Scholarship Award winnners 2.  There were multiple articles for winners of the J. P. McManus Scholarship Award created today and it makes more sense to have a single discussion for these articles instead of handling them one at a time. '''' talk",1,benign
100605,"More links for the historical maps 

More ancient maps can be found on links from the following Web Site:

http://www.geocities.com/master8885/Maps/main.html

 http://www.geocities.com/master8885/Maps/cama_1840.jpg
 http://www.geocities.com/master8885/Maps/map.jpg
 http://www.geocities.com/master8885/Maps/armenia.jpg
 etc.",1,benign
38665,"With respect, there is no action that can be taken here via the adminhelp template. If you are looking for a block review you should reuse the unblock template. If you wish to engage in legal discussion or take legal action against the WMF, you should contact the WMF directly, as you say you have already done. Your request for adminhelp largely rehashes the material from the previous ANI thread, and is unlikely to generate a response that is of assistance to you.",1,benign
106622,Please keep messages to the Erin Burnett talk page.,1,benign
128419,As always. You couldn't be more wrong.,1,benign
28456,"When I open a talk discussion based on a disputed edit on your talk page and you ignore it and give me a warning on my own page about the EXACT SAME MATTER, it generally doesn't look good.  Do not remove mine or anyone else's comments from anyone else's talk page.  it's vandalism.  Not like, an interpretation of WP:VANDAL.  It's spelled right out!

Deleting the comments of other users from article Talk pages, or deleting entire sections thereof, is generally considered vandalism.

Don't ignore my comments and make bad-faith warnings on my talk page, and don't delete comments from talk pages!   (Karwynn)",1,benign
99336,". You also claimed to be protecting for ip hopping but the was also another editor, User:lisa that was objecting to the addition https://en.wikipedia.org/w/index.php?title=Meir_Kahane&diff;=625693337&oldid;=625692808",1,benign
60521,I'VE STATED MY REASONS. YOU ARE ACTING BELLIGERENTLY ABSURD.,1,benign
49859,"""
 Archives 14 March 2006 - 19 June
 20 June - July
 August - September
 October - 17 December
 17 December 2006 - 29 January 2007
 
 """,1,benign
126529,"I dispute the first 2 instances as personal attack and would like the editors in question to be able to see what I have said about them because it is directly relevant to the article and indeed the politics section as a whole. I accept and understand the reason for censoring the comment where I called 2of the editors a pair of t*ts, thats fair enough but I want the other editors to be able to see whatr I have said about them on the record. 130.88.114.41",1,benign
1336,I hope others are around (,1,benign
69989,"Protection 

Dear and learned Sir, I 'll hope you 're being able to revert your 'protection' from editing my own page through revoking, I am yours faithfully D.A. Borgdorff MASc and retired lector fundamental power electronics, railway traction equipment, and theoretical quantumelectrodynamics, who was awfully blocked by this hardly adult youngster just born when I was granted a pension. So, with esteeming regards, I remain awaiting your reaction: 86.83.155.44",1,benign
1148,"I don't mean to be a downer -(  BTW, I stole your username template. It looks great!",1,benign
89541,"No specific reason, just for the kicks. It's my talk page, I can do what I want with it.",1,benign
15272,"Ref penal harm  , cruel and unusual punishment, Eighth Amendment to the United States Constitution

prison damage two
Loss of light, air, views, workout time, ... loss of any ability to read, study, correspond, ...
Prison conditions clearly severely harming prisoner health and so then clearly illegal, also are not covered, please add to article; e.g. a summary as 
the 'hell block' in Oklahoma is entirely underground and intentionally built that way to deny all light to its prisoners and any doctor will make clear to anyone
this causes increasing major harm over time.
 Similar intentional aggravation are maximum security prisons with zero outside time e.g. as in 'old prison' prison yards; and claimed workout time of e.g. 30 minutes once week or once a month are also clearly a joke. And this is clearly illegal when solitary confinement exceeds few days, and times in solitary confinement of weeks, months, years are all massively illegal ...
 Restriction on any normal views - maximum security cells with no outside views or no windows or windows to high to see outside are all examples
of intentional torture vs older prisons all having a 'prison yard' where all prisons spent time outside 1-2 plus hours each day ... .
And this is also clear when all windows are covered to review all views with wire , twisted wires over each square inch - all psychological tortures.
And same with silence rules, etc.
... here come de judge 4 all sr 47.18.43.166",1,benign
19992,"I appericate your opinion. As to the 48hr block, it had to do with another user and a totally different subject. -  (VT)",1,benign
51802,"Cliff Richard status update
Hello, thanks for your message, i'm a fan of your music.  i'm intrigued by this, and will let you know if i find anything. i'm not on Wikipedia much, but i will search whenever i can.  keep up the good work and keep singing! you have a wonderful tallent! now i got to go and look for that source. thanks. yours truely, Christian.",1,benign
150978,"Yes, I know she said it, it was on 5-14-07 but Melina said alot of things, all of which was not notable and what I meant by it was not true is that Candice is not fat!",1,benign
113086,"Fon, Coova, and a couple of others have their own pages but I don't see any of them as major. Let's leave Tomato where it is (major). We can move it if it isn't receiving the same attention in a couple of months. Talk",1,benign
87880,"""

 June 2008 
 Please stop your disruptive editing. If your vandalism continues, you will be blocked from editing Wikipedia.   Channel ®   """,1,benign
146626,"WNSB 

Yesterday I made edits to the WNSB page. Last evening the edits were removed because of not being sourced.  I am the Program Director of the Station in control of all documentation and knowledge of station history because I was part of it. How do we revert the page back to my edits on yesterday.  Some of your information is also incorrect because internal changes that has occurred over the last few years.

    dperryjr",1,benign
108289,"In response to your question about the translation of board I looked at the Canada Business Corporations Act to see how it handled the matter.  Both the French and English versions are official in Canada.  This particular law governs the operation of corporations.  Where the term, Board of Directors, is used in English, it uses conseil d'administration.  I hope this helps",1,benign
74241,Please undo all of your additions of catalog numbers or matrix numbers to the 'label' parameter in the infobox. This parameter is for the record company name and nothing more.,1,benign
52250,"Oppose I believe that while costume jewelry is an accessory of fashion, it holds its own for a namespace article.",1,benign
78290,"You're talking bull, bro. It WAS constructive! Don't try to avoid my arguements (in the talk page) by patronizing me with your boxed messages. 158.36.232.201",1,benign
87704,", an event which lead Diaghilev to eventually form the original Ballets Russes in 1909",1,benign
18032,Someone please update the box (i don't know how) then delete this section. Thank you. 86.10.119.131,1,benign
110254,"""

I know there was a kind of Schism, when the Bulgarian Curch declared Autonomy from the Ecumenical Patriarchate, but the last was not acknowledging it. Thus, there were Bulgarian """"Patriarchs"""" (of the Exarchate) and Metropolitans (of the Patriarcahte) for the same territory. But, I do not know more details and I need to study a lot, in order to contribute at this time  """,1,benign
141711,"How the Hell does fighting him at Memory's Skyscraper or his fighting style clarify something as ambigious as darkness? That's what I mean by clarification. Defying gravity doesn't mean they use gravity; when I jump, I defy gravity, but that hardly means I can control it.  (Feeling chatty? ) (Edits!)",1,benign
110509,"""::: I have tried to proceed in a reasonable manner. Clearly you are not reading my post. Did I or did I not state that these are definitions from a Classical Chinese dictionary? Have you bothered to look this character up in a proper Chinese dictionary? You think the omission of """"being unsettled"""" is intentional do you? 
 I feel unable to continue a reasoned discussion when faced with such an attitude. """"Uneducated?"""" """"argumentum ad ignorantiam""""? Perhaps you need to read up on what argument from ignorance actually means.
 You also don't seem to appreciate the verifiability issue relating to ancient Chinese pronunciations. But you seem to simply refuse to appreciate any point that I raise. So I shall stop trying. Good day.  (Talk) 

""",1,benign
22489,Does anyone know of any updates to Andre's financial troubles?,1,benign
62426,When did I attack an editor?,1,benign
156728,"Xyzzy666, if you would like to edit articles, you are welcome to do so, but please do not remove citations, thanks. onka",1,benign
18628,"""==Notability of Will blazer==
 A tag has been placed on Will blazer requesting that it be speedily deleted from Wikipedia. This has been done because the article appears to be about a real person, organization (band, club, company, etc.), or web content, but it does not indicate how or why the subject is notable: that is, why an article about that subject should be included in an encyclopedia. Under the criteria for speedy deletion, articles that do not indicate the subject's importance or significance may be deleted at any time. Please see the guidelines for what is generally accepted as notable. If this is the first page that you have created, then you should read the guide to writing your first article.

If you think that you can assert the notability of the subject, you may contest the deletion by adding  to the top of the page (just below the existing speedy deletion or """"db"""" tag), coupled with adding a note on the article's talk page explaining your position, but be aware that once tagged for speedy deletion, if the article meets the criterion it may be deleted without delay. Please do not remove the speedy deletion tag yourself, but don't hesitate to add information to the article that would confirm the subject's notability under Wikipedia guidelines.

For guidelines on specific types of articles, you may want to check out our criteria for biographies, for web sites, for bands, or for companies. Feel free to leave a note on my talk page if you have any questions about this.    """,1,benign
128718,REDIRECT Talk:Movin' with Nancy (album),1,benign
12539,"I agree for a vote, even if I know that there are several activists here, most notably Kuzdu.",1,benign
144024,", 17 September 2006 (UTC)

What? My use of CAPITALS? That has nothing to do with reason! I am emphasising my point and certain words. Your edits are a grammatical travesty, do not adhere to wikipedia's neutrality policy, and are terribly written. Not to mention that they do not make sense. I would expect better from you.  22:49",1,benign
140680,October 10 - October 23 2006,1,benign
26073,"No way to know, since the only mention of the Dilu horse (Or Hex Mark if you like) was when Liu Bei lept with it over the Tan river but it's not confirmed if that event actually happened.",1,benign
149761,"Jeff Gordon 

I really don't feel like vadalizing anymore.",1,benign
52631,"Poorly written 
This is one of the most poorly written wikipedia pages in existence. Much of the grammar is poor and the meaning of many sentences is hard to decipher because of it. It is also not very detailed (the article as a whole).",1,benign
2431,""" (UTC)

Interesting logic: """"some of the other comics mentioned by Mark Evanier existed, therefore this one must have existed"""". Well, here is what Mark Evanier himself has to say about it on his own website (at http://www.newsfromme.com/archives/2003_08_09.html#007191):
And the comic book based on The Dick Van Dyke Show wasn't drawn by anyone since it didn't exist. Yeah, I'm sorry: It's a phony that I cobbled up using an old still and pieces from other Gold Key covers. I wish they had done such a comic and if they had, it would probably have been drawn by Dan Spiegle. But they never did so I whipped up the cover to one to see if anyone would notice.
  10:11, 13 May 2009""",1,benign
10229,"Cleanup tag
Hi there,
Do you have any specific suggestions for the salt of the earth article? Thanks,  04:12, 2 Jun 2005 (UTC)",1,benign
30716,Haven't done much today actually.,1,benign
129535,"The request for deletion under CSD G7, which went up for discussion under the AfD process on 4 November 2006, as per the suggestion of administrator Luna Santin (see above), did not generate a consensus of opinion on whether or not the requirements of the G7 rule had been satisfied.  The discussion was nevertheless closed, on the initiative of administrator , on 11 November 2006, at the urging of , and in seeming violation of the principle, enshrined in the same policy, that ‘[s]ome arguments can override all others’ (Wikipedia:Deletion_guidelines_for_administrators#Rough_consensus).  — Prof02",1,benign
96168,"Why?
Do you really have to do that. I know its all fun and games untill you get blocked, and it could turn out that way. Go vandlize encyclopedia dramatica instead. Ok, unless you find this so amusing, then i feal sorry for you",1,benign
111674,"""

 social promotion 

Hi Barek

I agree; let's talk rather than undo/undo.

I want to focus on the link for the wp page """"social promotion.""""  The link is:  www.writingachievement.com/Retention.htm

Do you consider that page to be a discussion that contributes to fleshing out the topic of social promotion? Or is it spam?

I know that you have decided the latter, but I think you are misreading the page and what it offers on the topic.

If you believe it is spam, tell me what you think I need to do to the page in order to make it otherwise.

Look forward to your reply   """,1,benign
45621,"Photo requests
Hi! Do you have any time to get some north Dallas pictures?

If so I think these pics would be good:
 Preston Hollow Elementary School
 Lakewood Elementary School
 Benjamin Franklin Middle School
 J.L. Long Middle School
 W.T. White High School
 Woodrow Wilson High School

Thanks,",1,benign
25571,"Broadway Revival 

Why is there no mention of the revival on b'way right now? 74.89.58.36",1,benign
97951,"SAAF Sqn's
I just like WW2 military history, and there was very little regarding SAAF squadrons who made a significant contribution!  They need a lot more work though - will plough through my books in due course.  Thanks.",1,benign
62314,"Wow, after looking at that I feel patriotic. That must be why all these animes portray girls who are about 14 in a sexual manner.",1,benign
7273,"""

 Thanks 

  The RickK Anti-Vandalism Barnstar Thank you for cleaning up my (and others) user pages! Your vandalism hunting is greatly appreciated. '''' (talk|contribs)'' """,1,benign
17163,"""

 Facts 

I think I'm finally starting to get the hang of this Finding of Fact malarkey, Brad.

The scenario: Bishonen has been focusing her energies for the last few weeks on her attempt to get an editor called Nina Green banned from Wikipedia. When Bishonen realises that Nina Green is indeed going to be banned

She posts to the arbcom page in green text: FoF perfectly normal. Arbcom pages are like little rainbows.
At the end of a talk page post about the green text, Bishonen suddenly decides to refer to it as """"dye"""":  FoF Not at all forced or contrived. Lots of people refer to text as dye. Or if they don't, they should do.
Bishonen ends her post with  """"Green dye!"""" which reads as """"Green die!"""": Fof Pure coincidence. Nina Green couldn't have been further from Bishonen's mind when she wrote """"Green dye!"""". Bishonen hadn't though of Nina Green for at least 30 seconds.

FOF: This entire sequence events: Bishonen wants Nina banned, gets what she wants, posts in green text, decides to call text """"dye"""", and ends her post for no apparent reason with """"Green dye!"""" is just a random bubble of billion-to-one-coincidence. Bishonen could just have easily chosen blue text, and it would have made perfect sense to end her post with """"Blue Pigment!"""".

Yep. I think I've got this FoF thing, now. And it certainly makes it a lot easier to understand how arbcom arrives at its decisions.   """,1,benign
60162,"Oppose The title of the article should stay as is. Norton was never an Emperor, and should be shown here with his legal name- not a fantasy one. See other false pretender pages for examples. Tim Foxworth",1,benign
111415,The article was protected because of edit warring. That you took part in. My edits match the reference. As it stands the opening sentence has a fraudulent reference. And stay off my talkpage. 89.100.0.70,1,benign
38840,"[The Ecclesiological debate]
As it stands now, this section is completely unsourced and appears to be little more than a poorly written personal essay and includes blatant POV rants. Regardless of the fate of the rest of the article, this section should either be deleted or rewritten from the ground up.",1,benign
25674,"Elvo (producer) 

Tell you what - email the information on Elvo to me (you can contact me through Wikipedia - I am emailed enabled).  Let me look at it and, if I can, I will help you write a great article.",1,benign
80138,"[EDIT] I have removed the quote, and slightly fixed the last sentence of the previous paragraph so that it does not sound like the actual episode word for word.",1,benign
106669,"""

You know,  I told myself """"this person used and pasted what I wrote in another article, the user did not create any original intellectual content to it"""". Since, it is really my work, I decided to add content to it. How do you like it so far? Sometimes, when I get into an article I become a little sloppy in my writing, therefore all corrections are more then welcomed.   """,1,benign
69306,"""

 Error 

In the Peru featured article box, why is """"home"""" highlighted? contribsTALK """,1,benign
97828,Its not the same thing. Whatsoever. This article is pitiful and misleading,1,benign
120682,"""

 Non-sequiter need to be straighten out 

The following obviously needs correction: 

""""The loss of shipping also affected the fishing fleet, and the 1945 catch was only 22% of that in 1945.""""

Notice the same year is used  """,1,benign
85768,"Hi (sorry) 

Why do you devote your life to stop vandalism on a website?????????????

76.67.105.188",1,benign
112344,"""
I guess you didn't understand what I meant in my last message. I'll try to be more concise. The article needs a major rewrite. There is not one section posing a problem. The entire article is not written in an encyclopedic manner in a neutral tone. It presents one side as right and goes out of its way to prove it, and then gives a small section of """"criticism"""" in a way that makes it seem as if the criticism is coming from a small group of people and is unfounded.   """,1,benign
78809,"Think links you added to the current events portal are non-contextual Please review Wikipedia:How_the_Current_events_page_works#The_context_is_not_the_geographical_location and the following paragraph on subject. The articles crane, and locations in New York are not specific to the event. Lemmey  talk",1,benign
84364,"National Hockey League rules 

I may need your help in National Hockey League rules in regarding spelling changes.  Regards,",1,benign
144445,""", 20 June 2014 (UTC)

Please read the discussion. To repeat """"The historical statehood narrative recalls that the Vojna Krajina[Military frontier] galvanised Croatian national sentiment by providing a focus for political mobilisation"""". Also, I dismiss your ad hominem attack.  19:00""",1,benign
16722,">Expected by whom?
 Sir Issaac Newton and the Law of Gravity wherein a bleeding heart opened by a 6mm plus diameter hole bleeds blood down onto the shooter below him (who claimed Martin was over him when he shot him). If this didn't happen then the shooter is lying about what happened.  This descrepancy should be pointed out in this article in order to appear to be neutral about the matter reporting wise.  [What's also missing is a photograph of Trayvon martin's chest and shirt and amount of bloodletting - which should have been released as well.  Where is it SPD / Coroner's office ???]   (Also, who said anything about 'tv special effects'?  Try and answer to what I wrote rather than respondong to your vivid imaginings.  You'll be way more credible).  Your argument that a 9mm wound had zero chance of bleeding at all is incredible but thanks for trying desparately to nonsensically support Zimmerman.",1,benign
20165,"Nogami Neuro 

Is Demon Detective Nogami Neuro a real name or a dub name; If we put dub names on here it won't be a japanese list. So it's either dub names of japanese names. If you ask me the only names on here should be the japanese ones.",1,benign
141594,"Chrisisoursaviour 

Actually, this one will probably have to go to ANI. I was first alerted to the user when I saw him advocating deletion of Intel Pentium Dual Core on Benon's talk page (the AFD tag was reverted and no afd was actually created). Then, looking through his contribs, I found that image upload, which is most certainly not GFDL or . There are a lot more things to solve with him besides his username. – Chacor",1,benign
56692,"""

Events don't need titles?
There is a common pratice by American television to label events as if it were a television programme.  Before the video footage is broadcast, often there is theme music and an elaborate title page that might say """"Crisis in Canada"""" or """"Terror in Iraq"""".  Is it subtle POV to have to label every event with a title.

Who called this """"2007 Algiers bombings""""?  Obviously we have to use words.  Until there is a common name for an event, I think we should try to avoid titles whenever possible.

This is not a big deal but just a thought that we should always consider.   """,1,benign
42581,"Probably cause loving is a fact , it can be observed and its falsifiable.86.123.168.47",1,benign
142342,"""

 Translation of Notverordnung 

What is the proper translation of ?   """,1,benign
7565,""", which explains the """"hangon"""" confusion""",1,benign
153327,Sounds nice to.But don't you think we should wait a little it?Find more info is an option-TehBazzard,1,benign
153442,"Ukrain ==

Dude, please have a look at Talk:Pancreatic cancer and Ukrain. What do you think?  | T@lk 

I will, but my hands are a bit full - ArbCom case, real-life stuff, folks happy to believe the best of an obvious abusive sock and the worst of me... the usual. I'll get to it, though. '''''' Talk 

==",1,benign
49301,"""

Sorry Joe, but fully granted patents are not disruptive, neither is there any need for discussion or controversy. If you continue your """"negotiation"""" about patents you will find the fraud office have some questions for you.  """,1,benign
40465,"Nonsense.  WP:OR is for unpublished facts, etc. or any unpublished analysis or synthesis of published material.  Quoting Sarfati's book as a primary source is allowed.",1,benign
87460,"""
The reader should not have to """"check your work."""" This is an encyclopedia, not a publisher of new theories. You need to provide a source that states the conclusion, not synthesize your own.   """,1,benign
42325,"Conservation status 

...found only in India...It is threatened by habitat loss; just about 20 trees are known to exist on the eastern slopes of the Kalrayan Hills. It's described as existing all over Viet Nam in a plant catalog published in Viet Nam in 1999 by the botanist Phạm Hoàng Hộ.Mirrordor",1,benign
85497,"The reason why they are in this article, is because Intel says that they are a part of SSE3.  Personally, you're more than welcome to write Intel and tell them how useless most of SSE3 is.",1,benign
143287,"""

 Comparing bronze apples to fresh sprouts 
Ah, so now you spring your little argument youve been itching for a while to do. In otherwords, 'How can Wikipedia support the supernatural claims in the Bible, and not those in my particular brand new religion.' 

First of all, Wikipedia doesnt support anything. Articles are to be written NPOV - that doesnt mean that articles dont ever use Biblespeak, rather when it is used, its used in proper context: """"In the Bible, etc. etc."""" 
This is not the Schucmanism Encyclopedia. Even if the claim that Jesus wrote the thing was universal among Christians, this is not the Christian Encyclopedia.  

Im not particularly attached to the term ghostwriting, but your wording - that [whatever it was called] is like channeling, etc - was not neutral, and placed too much emphasis on a trivial matter - trivial, because supernatural claims, despite our understanding of them in faith, are not encyclopedically substantive. 
This is of course the problem with religion - a little knowledge is a dangerous thing, and a lot of knowledge of just one thing is just plain dogma. You seem to be asserting that there is a dogmatic bias in wikipedia regarding the Bible. Its interesting, but you need to poing out specific examples, and then you need to deal with them on a case by case basis. Maybe you have a point here - I cant tell ATP. Dont forget """"the log in your own"""" BTW.

Its obviously a very touchy subject, but we deal from time to time with people seeking to push a POV in their writing, and after a while they realize that theyve already added all the information necessary to the article, but leave the writing to others. Its an important distinction - I myself have a couple times had to defer to others sometimes in cases where a conflict arose between two different POV writing styles. The question is: are yours and mine different enought to require outside help in resolving any dispute. Finally, """"Ill let you..."""" doesnt work here - its not your article, though you have had more part than anyone in developing it. And I was simply rewriting it for sake of neutral tone - something which you should welcome, not reject - as it legitimizes and adds to your work, just as your work adds to the project. Sinreg -|t 05:02, 10 Jun 2005 (UTC)""",1,benign
126258,But please unblock me.}},1,benign
154734,"Well, if The Tartan, a sometime student publication of CMU that was disbanded for a year after publishing racist cartoons and spoofs is the source of your information, not the two major dailies in town, then you're on to something!  Brilliant expose, editors!",1,benign
15525,"Question 

This is your last warning. If you continue to make personal attacks, you may be blocked for disruption.

How can that be my last warning if you havent given me any other warnings before??",1,benign
42677,"Just curious. I looked at the wall of proposals at the Gamergate proposed decision page. I think I counted at least 22 different people making proposals, sometimes in the number of dozens of proposals per person. Do you retiring arbitrators have the chance to, basically, run away from that case at the end of the year, which I would try to do in the same position, or are you more or less honor bound to wade through that morass of type until the final decision is made?",1,benign
95528,The alternative term was in the summary of 9 December and was added to Pathoschild's edits of that version on 10 December.,1,benign
29132,"thanks for the help 

didn't know exactly what to do
thank you for prodding me in the right direction
)",1,benign
63488,The 'star' insignia you can see in this pic is actually the Korean Tong-il medal as shown here.,1,benign
19642,Added 2013 to the sentance you mentioned.,1,benign
76957,"""{{#ifeq:{μ|μ|Category:Miscellaneous pages for deletion}}

“If you offered to let me off this time on condition that I am not any longer to speak my mind in this search for wisdom, and that if I am caught doing this again I shall die, I should say to you,"""" - Socrates, Greek philosopher (470-399 B.C.E.) regarding the freedom of Speech. 

 Before reading my page

Please do not delete by user page. Please if you desire to delete my personal user page please consider:
 • Ethic of reciprocity.
 • The work and research that went into it. 
 • The list of references in bold type. 
 • All the spell checking & etc. 
 • The right to freedom of speech and expression. 
 • The right to seek information and ideas. 
 • the right to receive information and idea. 
 • the right to impart information and ideas. 
 • The right to freedom of religion, & belief. 
 • Human dignity. 
 • Be the one to add to the discussion not take away. 
 • You can edit, and reply to the discussion. 
 • You can add to discussion, but countering if desired. 
 • You also are entitled to the above rights, and freedoms. 
 • If deleted others & I have copies that and the article might only just get bigger and bigger. 
 • The purpose behind of Wikipedia. 
 • Previously times others comments have deleted by doing so. 
 • What feeling oppressed and censored is like.   

1. Establish correct text (emendations).
2. Date the text
3. Establish authorship
4. Examine historical\political\social events that may have affected the writing of the text
5. Try to discover a consistent """"school of thought"""" that characterizes the writings of this author

 • It is not to say modern rabbinic Jewish necessary support these beliefs today.
 • This article is not anti-Jewish there many Jewish individuals now, and through history which whom have criticized the Talmud, for whatever reason or just not accept its divinity.
 • It is also not to say that Talmud has should or should believe in, that is a personal choice.  
 • And it is not to say that Talmud has not sometime enhanced our historical understanding, and is a part of Jewish heirtage.  

 The Talmud: examination & comparison of the biblical doctrine & perspective 

The purpose of this article is not attack one's religious beliefs. The purpose is to show why some have found the works of rabbinic oral traditions, and so-called oral law or """"oral torah"""" very controversial. And why some have not shared in the belief of being a divine revelation. 

The purpose of this article is not attack one's religious beliefs. The purpose is to show why some have found the works of rabbinic oral traditions, and so-called oral law or """"oral torah"""" very controversial. And why some have not shared in the belief of being a divine revelation. 

 The Wikipedia",1,benign
132511,"I'd like to second this, as I saw similar edits to MMR vaccine controversy. No reliable sources were given for these claims, and Wikipedia can't contained unsourced material like this. Please see WP:MEDRS for a guideline as to sources for medical claims, and WP:RS for sources in general.",1,benign
123685,"I'd rather see both gone, neither is particularly notable, and both lack a level of critical commentary sufficient to support their inclusion. The TDK material is continually being pared back to the characterization, which is what should be in this article. Expansions about plot and rumors aren't notable. The campaign image would be gratuitous as well. As for expanding 'Forever', only if we can get some decent ictations about the characterization.",1,benign
47114,"Reconsider? 
Hey XinJeisan, wouldn't you reconsider your withdrawal?  I, of course, don't know your reasons for withdrawing, but your contributions for the sumo presence on wikipedia were invaluable.",1,benign
115128,"Kingsway Christian School (Orrville, Ohio) 

Ok.  I have tried to follow the instructions on wikipedia for deletion but I seem to be doing the wrong thing.  The school board has asked me to ensure this page is deleted.  Can you please tell me how I can accomplish this?",1,benign
1603,"""

Your edit at Socialism may be true, but I doubt it would be accepted considering the way the edit was presented. Typically, controversial edits such as yours see more scrutiny when people use edit summaries such as """"this is the truth,"""" """"this is how it is,"""" etc opposed to giving a more buyable reason. In the future, it may be helpful to consider giving references to back up claims as this one.  (Messages) """,1,benign
137860,Thank you. I hope 2016 is good for you. PeterTheFourth (talk),1,benign
2398,"LET ME ASK U 1 QUESTSHUN (SP), Y R U RACIST? WERE WILL IT GET U? HAS ANYTHIN UVE EVR DONE MADE UR LIFE BETTA?",1,benign
104688,"So you think that because you'rve created a bunch of articles on whatever your particular interest, that excuses a demolition run across another topic? Edit count does not equate to a bigger voice.",1,benign
19671,"You cannot mark that user for edit warring all because the user reverted your redirect edit. The user did not edit war with you, so don't even try that.",1,benign
102974,""":The Temple thing is nice, but I don't see what it has to do with BYU. I thought the ref was saying something like """"Many people call BYU the Lord's University, but that is false. The Temple is."""" These quotes say nothing of the sort. I think the Oaks quote would be a good addition next to the Eyring one, though, further emphasizing the fact that General Authorities see it as a goal to move towards.   

""",1,benign
120724,"Tax: I just noticed that there is a short piece on taxation in the article, with references, at Consumers' cooperative#Role of government.  There is also a lengthy article on the United States taxation position in the Talk page, currently above at Talk:Consumers' cooperative#Role of government
REI: On a global scale, REI is quite small and relatively unknown.  However, as the best known consumers' coop brand in the US, it is probably worth a mention.  
Bkobres, I think your comment about removing content is hyperbole, as nothing is ever deleted from Wikipedia.  However, I quite understand your giving up, as collaboratively editing an article can be quite stressful, especially if you have some pride in your workmanship.  Thanks to the GFDL, when you leave Wikipedia, you can always fork an article that you like, putting a copy on a read only website so no-one can vandalize it.  I have been tempted to do that now and again.    (or Hrothulf) (Talk)",1,benign
39248,No problem from me regarding adding the portal to its current location. Portal is indeed important.,1,benign
103265,"""I have already stated clearly that for proper understanding to users about population & forward caste i have written """"""""Kshatriya"""" i.e """"Rajus"""" of Andhra Pradesh"""",it is necessary because name of this page is """"Raju"""" but not """"Andhra Kshatriya"""".Beacuse Government of andhra Pradesh and even overseas development institute mentions them as """"Kshatriya"""" but not """"Rajus"""" or """"Kshatriya Rajus"""".As synonyms of 'Raju' or 'Kshatriya Raju' is """"Kshatriya"""" & """"Andhra Kshatriya"""" as stated above and according to anthroplgers & historians.And this truth is facing willful undermining from 4 years -  

""",1,benign
13112,"All I am asking to do is put up my facebook contact info so people can check me out if they are looking for me..fair enough?

 This all I want added You can check out Rockin Rebel at https://www.facebook.com/rockin.rebel.1",1,benign
17753,"India has 1.1 bn people, one-sixth of all humanity. The penetration of the Net is very large and it is rising vey steeply. If Wikipedia goes on in this manner encouraging pro-Christian POV to the exclusion of all NPOV, the encyclopaesia's prestige and standing would suffer in India. The anti-Christian POV with sources and opinions from Christian sites is okay if the above are the prospects that you want about WP. It is unfortunate that marketing of Evangelist missions in India to collect more from abroad is being permitted in WP, knowingly or otherwise

I am not appealing against any BLOCK..",1,benign
17443,"""
==Maxmillion Arturo
Why did my Trivia get deleted and Why did you delete my Arturo quote.you Said
 removed. Biff Tannen said that not Maxmillian Arturo
Please give me an explination why you deleted this:

Quinn once ate from the stool after Arturo went in the stool 
Wade and Arturo once had all night hot sex

How did he know biff said that,did you watch Back to the Future II

By the way if Quinn Mallory didn't say """"Thats correct Wendy, We all wear masks, metaphorically speaking"""" who did""",1,benign
154825,is laughable. Are you that uninformed? Turn off the modem for 5 Mins,1,benign
104928,"""

 How is this article U.S. biased?  

I think the U.S. bias template should be removed because the article is not U.S. biased. As stated on the template """"This article or section deals primarily with the United States and does not represent a worldwide view of the subject."""" The article has no pictures of American street lights and has little mention of the history of street lights in the United States as a separate article has been created for that. The actual word """"United States"""" appears only twice in the article, """"Australia"""" ... over 5 times. This article is more Australian biased than American biased. The user who frequently edits this article (Bidgee) is from Australia and obviously wants this article to have a lot of information about street lights in Australia. I see no U.S. bias at all. Is removing every bit of information regarding the United States your idea of no U.S. bias? Just because there are a few lines that mentions the history of street lights in the United States, it doesn't mean the article is U.S. biased. I have read the entire article and only one sentence mentions United States. 

This an assumption, but my opinion is that the Australian who often edits this article is anti American and prefers an Australia bias.""",1,benign
91924,"Bjornebacke, please. Stop critizing Russian sources backgrounded on your pathetic nationalist view.
The Source provided was from a fin/estonian. I really don't appreciate this source, as there is
1. No proof for his claims about Russian casualties, as those bodies found were not Russian sailors. They would be buried in the sea, rather then transported a long way to some islands.
2. The galleys easily outmanouverd the Swedish fleet, and boarded them. The Swedes got smashed, and end of story. 

I really am tired of your editing, and I've provided numerous sources. We only need one casualty figure, and I believe official Russian sources far outweighs the history scenario your book present.
88.91.27.212",1,benign
30290,"I just made the page because the Freezepop article had an empty link to it. I figured something was better than nothing.  The company does have 11 pages of google search results, and is already listed ont he disambiguation page for Archenemy_(disambiguation).  The google search also lists several record label directories, radio stations with releases in ranked playlists, and reviews of releases. These seem like they might fall into the company criteria #2...",1,benign
96725,"Name Confusion
I'm not sure if this Hanno is the same one as that involved in the subsequent Siege of Messana, The siege of Acragas and the battle of Ecnomus. Analysis of sources suggest these are the same person.",1,benign
80301,"Please  

Don't delete my comments on a talk page.",1,benign
59526,"""

That is the revised and Parliamentary perspective as put forth in Whig history, a form of scholasticism based upon total opposition to the Stuart dynasty and represented by the wealthy and elitist aristocracy.  It's not """"my"""" POV, it is the international viewpoint.  When referring to the royal dominion of the Stuarts as shown on atlases and maps, they consider it Great Britain because of facts.  You are making a mountain out of a molehill.  Just because the regime changes may have shifted the definition of the United Kingdom since the Jacobean era, doesn't mean that the royal domain was somehow different.  They remained the same lands as inherited by the Stewart and Tudor houses.  Don't let the Whigs confuse you.   """,1,benign
43445,"Narihira in setsuwa literature
Narihira was a recurring figure in later tale (setsuwa) literature.",1,benign
18185,"I completely agree, I think milborne is on some sort of power trip.  Also seems obsessed by the military which is strange.",1,benign
140086,"September 2008 

 Please stop your disruptive editing. If your vandalism continues, you will be blocked from editing Wikipedia.",1,benign
56128,"""

  

Your request to be unblocked has been granted for the following reason(s):
he's right

Request handled by: 79.182.101.214  """,1,benign
129912,"I would oppose page protection, as it penalizes editors that are not bypassing agreed process set forth in this mediation, which has been agreed by all.  (talk)",1,benign
97548,"The issue is a man withholding a get from a woman.  As you might understand it is the man who must make the request for a get to the Bet Din. In the case of Bruker, the man was in violation of a judgment in 1980 which ordered him to appear before Rabbinical Authorities. If you look at the Greenberg article, he is absolutely opposed to the Court of Appeals judgment because Courts to date in other jurisdictions have ordered specific performance. Look at the Brett Case. This is why the Supreme Court case issue is the justiciability of a contract with religious overtones. Look at the CCLA case. The facts of the case that Ms. Bruker was able to conceive are important in terms of damages. The facts of the marriage have no import because the 1980 judgement which Mr. Marcovitz violated are after the marriage. And Ms. Bruker if you read some of the press has never stated that she was an Orthodox Jewess but Conservative. Again the issue of specific performance is related to ordering someone to do something that may be against his conscience. This conscience issue is also more often than not used as an excuse for violating an agreement.  And with the word conflict, it is inappropriate because it does not describe the issue. It should be the conflict between religious law and the doctrine of separation of church and state.",1,benign
97423,"Please familiarise yourself with Wikipedia:Consensus#Reaching_consensus_through_discussion. You have not achieved anything close to consensus here, and more importantly, you haven't even tried.",1,benign
120913,"Deletion 

Hey why did u delete my page mofo!",1,benign
59872,", 4 September 2007 (UTC)
You can classify lower also, Infrasubspecies is next down on the hierachy of Biological classification, but how tongue-tied need we get on the talkpage? Let's get on with the issues and leave the semantics to the trolls to squabble over  11:12",1,benign
56658,"St Bedes College Manchester 

Your 'contribution' would be more convincing if it was spelt correctly.  212.121.210.45",1,benign
56438,Air New Zealand does not fly 49 Aircraft,1,benign
127387,"Yes but it was only one edit, and the Ip changes everyday. So a 6 month block is useless.",1,benign
67413,"CfD nomination of Category:African American United States vice-presidential candidates

:Category:African American United States vice-presidential candidates, which you created, has been nominated for deletion, merging, or renaming. If you would like to participate in the discussion, you are invited to add your comments at the category's entry on the Categories for discussion page. Thank you.",1,benign
11615,"Westerveld edits 

Please be aware that the minor edits I made were primarily punctuation and spacing changes. The other was purely factual. There is no need to change them.",1,benign
151890,"""
How is it a """"personal attack"""" to point out that 67.168.135.107  """,1,benign
58305,No MV you do a reassessment. You are mis-handling to whole issue.,1,benign
72062,"Cincinnati/Northern Kentucky International Airport
Cincinnati Municipal Lunken Airport
Ultimate Air Shuttle
Comair
Delta Airlines
Allegiant Air
Frontier Airlines",1,benign
140209,"Image 

Hi.. image for [Wieck] was taken from the Univ. of Maine website, and prof. Wieck gave the permission for it, but I didn't know that wouldn't count. So I would need the permission of the univ. of maine, or can I specify that it was from the University's website??

Thanks!

Lana",1,benign
109696,"Semi and Quarter finals are amateur, and final fight is like professional, just as I suspected. So I think it should be treated as amateur tournament.",1,benign
127270,"""

Am I supposed to personally not edit anything at all if I have my IP changed? It feels kind of weird to do it that way, heh. Are you sure about that part? Is the person himself blocked, literally, since you can't really know who I am.  [talk] """,1,benign
35230,"""

 Scarborough Nicknames 

While I don't really want to expand on this section, there are in fact some web references to Scompton:

You know you're from Scarborugh when...
Busta Rules

There is also a wikipedia page called Canadian slang which references Scompton as well as a couple of other nicknames not mentioned in the Scarborough article. I used Clusty search engine to find these references. Up to you whether you want to put this reference back. I don't care one way or the other.

Regards,  

You're absolutely correct.  Serves me right for editing before my first cup of coffee in the morning.  I found nothing relevant for Scompton, but when I redid the search later, I did get results thru a search for Scompton AND Scarborough. I ought not to have deleted the entry based on a Google search turning up nothing.Personally, I generally don't see any value in having a section for nicknames for the municipality.  But there is obviously precedent for having it (e.g. Toronto).  The problem I have with these sections is that they end up including obvious entries (like """"Hogtown"""" for Toronto), but then also up end up including nicknames that may be used in some circles but don't have particularly wide usage.  The particular problem here in the Scarborough article is that so many of the nicknames have such a negative connotation  perhaps that's just a reflection of public perception, but I do believe that it does, to a degree, give the reader the wrong impression of the place.  Frankly, I am just waiting for someone to add """"Scandahar"""" to the list. I'm not from Scarborough, so I will leave the list in the hands of folks who have a better sense of whether its inclusion is justified.  Given your edits to the article, you are probably better placed to make that call than I. Cheers,  """,1,benign
37875,Which issue of the Initiative does it say that one of the Hybrid symbiots seperated from the whole?,1,benign
139451,"/Archive %(counter)d
|counter = 4
|headerlevel = 2",1,benign
18825,"""::::::I don't understand your reference. While I admit that I consider certain races """"inferior"""" (depending on how one defines the word """"inferior""""), I certainly have no desire to wipe anybody out. I don't recall ever saying that I did, and perhaps more to the point, it was never my intention to use Wikipedia as a soap box for my personal beliefs about race. I try to restrain myself from inserting personal bias when editing articles here, but it seems that editors with a far-left/Marxist/liberal/Jewish take on things make no effort to restrain themselves. Nor do they have to, since to the best of my knowledge, no one has ever been banned from Wikipedia for being a """"Marxist troll"""" or anything to that effect.  
""",1,benign
107123,"Well, from whats been presented, I gather that most scholors see the RD as a version of the Ten Commandments.  Now, I don't need to argue that the 10C are notable.  So, if scholars see the RD as a version of same, wouldn't you see that as notable.  Mind you, you don't have to agree that its so for it to be notable. As to the AfD, how you send your time is your business.",1,benign
67487,"""

Talkback

Just some comments about him and the block.   (✉ • ✎) """,1,benign
4826,Nvm. I think I fixed it. Cheers!,1,benign
66943,"""

 Why are you hell bent in highlighting the """"Muhajir"""" background of Imran Farooq? 

What's up with that?""",1,benign
30936,""":""""The problem with quantum mechanics (if we interpret it crudely) is that it implies you should fall through that chair, which is not a good prediction."""" Quantum physics implies no such thing. You have to be a philosophy graduate who's either not understood whatever philosophy of physics course you took, and/or had a lecturer who didn't understand quantum theory. Still, don't worry. He he he. How can you not like Jacob Lurie?
Also, your recommended book is… Well, it contains nothing but the usual dribble about misinterpretation or deliberate mangling of authentic Marxist scripture, how Lenin and Trotsky were real democrats, if only that nasty Stalin hadn't betrayed the revolution, etc. etc.:

Zzzz…   

""",1,benign
35850,The above suggested change has been made to include the definition at the begining of this article,1,benign
137010,See the Google ngrams links directly below. —,1,benign
74166,"Thanks 

I never thanked for your condolence note last year, but I appreciate it more than I can possibly express.  All the best, in friendship.",1,benign
56810,"Twisted Facts

1. Wal-Mart does not spend as much on insurance as other companies.

The fact. Yes Wal-Mart spends less per work for health.

The Twist. What they forget to say is that Wal-Mart does not buy insurance at 
all, it puts that money into a bank account, where it collects interest, it then contracts Blue Cross to admin the fund. 

The reality. Wal-Mart gives better insurance than most other retailers. 
Want to see for yourself go to your local walmart and get an assocate guide.

2. Wal-Mart does not supply as many with healthcare.

The fact. Yes on a percentage base Wal-Mart only 47% are covered.

The Twist. What critics don't tell you is that Wal-Mart offers Star Bridge health from day one, and that wal-mart has 1.6 million Workers with a larger turn over rate, so this leads to a lower percentage of works covered.

3. Wal-Mart has a high turn over rate.

The Fact. Wal-Mart does have a high turn over rate.

The Twist. Critics Site Wal-Mart as the reason, however most of people that leave walmart site customer related stress. And the area of walmart that has the highest turn over is also the largest pool of workers, cashiers. Plain and simple the customers run the cashiers out. And who can blame them think of all the people in the world you could not stand, and they deal with them all everyday.

4. Wal-Mart has more workers on state healthcare than any other company.

The Fact. Yes wal-mart does have more works on state healthcare.

The Twist. Critics argue that due to the number of workers on state healthcare is single handedly causing problems for many state healthcare,however what they forget to say is that Walmart pays 70 Billion dollars in federal taxes and nearly that again in state taxes and also generate billions of dollars in sales tax for each state with sales tax,which far out does the money spend buy the state on healthcare for wal-mart assocates. And many of the assocates that quilify for state aided healthcare also would quailify for welfare if they did not work for walmart. And would most likely be on both if they worked for a smaller ma and pa shop, that could not afford to supply any benefits. 

5. Wal-mart buys large quantities from china

The Fact Yes walmart buys a lot from china.

The Twist Critics argue that Walmart alone is the primary reason for US jobs being exported, however what they fail to say is that walmart is only 8% of the use Retail market, and 70% of walmarts income if from food sales and 90% of walmarts food supply comes from local and national suppliers, like con-agra. When broken down walmart sends a mear penny to china out of ever transaction. something much larger than walmart is helping china out. 

Now these are just 5 of the biggest twisted facts, there are many more out there, both good and bad for walmart, walmart does its share of fact twisting too. However I have seen almost no hard research here on any of the facts being relied on. I have alot of hard proof of lots of these twisted facts but I can not be the only one out looking for the twistes in the facts. And I also am not going to post any of the proofs until others start, because I want everyone here to start doing some research and finding some real reliable facts that we can bring this entry back to a good standing. But we must work together to do that, not against eachother. The Ace!",1,benign
24680,Looks good. —  (talk • contribs • count),1,benign
101738,"Great, thank you!",1,benign
3325,"So because Edwards views Duke favorably, and Blitzer doesn't, that changes the fact that Duke has appeared on both of their programs?  Hmm.  Interesting logic.",1,benign
124435,"Homey is, I am quite confident, far more aware of the protocols around blocking than am I, so you should heed his advice. I, on the other hand, am very glad that you finally put us all out of AVD's misery. He has soaked up other people's time like a great big thirsty sponge. While I would prefer a Wikipedia in which evryone is welcoome to participate, there comes a time when you have to make the tough decision that someone is working against the broader interests of the project, and boot them out. If I can be of assistance, Zach, in defending your decision, please let me know.  | t",1,benign
46390,"""

 Article Licensing 

Whenever I need a WikiVacation, sometimes I go back to working on articles that absolutely no one would think to write about so they leave me alone.  Anyway if you ever come back and have a moment to consider this, I've """"started"""" the  which aims to get users to release all of their contributions to the U.S. state, county, and city articles (if any) under the CC-by-sa 1.0 and 2.0 license (at minimum) or into the public domain if they prefer.  A secondary, but equally important, goal is to get those users to release ALL of their edits for ALL articles.  I've personally chosen to multi-license all of the  and  contributions under the Creative Commons Attribution-Share Alike License so that other projects, such as WikiTravel, can use our articles.  I was wondering if you would be willing to multi-license all your contributions (or at minimum those on the geographic articles) so that we can keep most of the articles available under the multi-license.  Many users use the {{DualLicenseWithCC-BySA-Dual}} template (or even {{MultiLicensePD}} for public domain) on their user page, but there are other templates for other options at Template messages/User namespace.  If you only prefer using the GFDL, I understand, but I thought I'd at least ask, just in case, since the number of your edits is in the top 100.  If you do want to do it, simply just copy and paste one of the above two templates into your user page and it will allow us to track those users who have done it. For example:

Option 1
I agree to [[Wikipedia:Multi-licensing|multi-license]] all my contributions, with the exception of my user pages, as described below:
{{DualLicenseWithCC-BySA-Dual}}
OR
Option 2
I agree to [[Wikipedia:Multi-licensing|multi-license]] all my contributions to any [[U.S. state]], county, or city article as described below:
{{DualLicenseWithCC-BySA-Dual}}

Or if you wanted to place your work into the public domain (which many people do or don't like to do, see Wikipedia:Multi-licensing), you could replace {{DualLicenseWithCC-BySA-Dual}} with {{MultiLicensePD}}   00:10, Nov 26, 2004 (UTC)""",1,benign
18219,"Thank you for experimenting with  Wikipedia. Your test worked, and it has been reverted or removed. Please use the sandbox for any other tests you may want to do. Take a look at the welcome page to learn more about contributing to our encyclopedia. –",1,benign
124810,Do you play any online games? such as this one,1,benign
73975,"""

Yes I read all of that. They are ONLY guidelines, not rules. I agree with """"Quotations should be put in context and given any necessary explanation."""" , but then out them into context and not sinmply cull them.

""""Thats where the NPOV comes in, all of the quotes make Kissinger look callous, autocratic and wholly amoral."""" - it is not the job of wikipedia to make all of it's subjects morally balanced individuals. Perhaps those quotes make him look so becuase he is so?

You're putting style over content. Why not put the content back and improve the style as per guildelines?   """,1,benign
60127,"Letter to Jimbo Wales, Chairman Emeticus 

Dear Woolworths Foundation Board of Trustees,

As you requested, here are the faculty recommendations regarding the qualifications of the Umbridge Twins (Mike and SB_Dolores) to assume the duties of Headmaster here at Woolworths School of Political Dramaturgy.

We were especially impressed by the recent production in which the impressionable young students of Woolworths School of Political Dramaturgy were inducted into the long-forgotten practice of employing Parliamentary Bill of Attainder.  The symbolic allusions to the Trial Scene from Alice in Wonderland was an especially brilliant maneuver.

We are confident that, with the Umbridge Twins in charge, our students will quickly learn all the well-known hoary practices from the rubbish heap of political history dating back to the Forgotten Realms of Hammurabi.

And, at the end of the term, all the students are cordially invited to Go Jump In the Lake.

(signed)

Humble Members of Your Obedient Faculty Senate 
Ottava Rima, Chairman of the Committee on Crime and Punishment
Darklama, Recoding Secretary
Sxeptomaniac, Sargeant at Harms
KillerChihuahua, Redactor of Records",1,benign
147297,"He was Acting Assistant Secretary of Energy of the U.S., in charge of the entire renewable energy program at the U.S. Dept. of Energy.  He has written a half dozen books on global warming, energy efficiency and energy technologies, and he is a frequently quoted expert for major news outlets.  Plus he has written dozens of articles for respected jounals, like Science and Atlantic Monthly.",1,benign
147551,"""::WP Vauxhall says the Russians were impressed by the station in 1840. However Vauxhall station did not open until 1848. If they were so impressionable (and we """"know"""" that all foreigners are simple [and cunning], don't we?) why weren't they impressed by Tite's much more impressive  (Наинелмз?)   

""",1,benign
1619,"Religion and teenage pregnancy 

There is no mention of links between religion and teenage pregnancy in the article. It is a notable emission. There is plenty of studies and data on it.   (talk - contribs)",1,benign
102801,"""

I have reported User:Tedickey for spam. He removes any edits and thinks he has sole rights to edit this article. His disruptions are vast and aimless, except for his own ego. He has now resorted to making up stories about an affiliation that doesn't exist. Furthermore he is fooling users who have far too much access to Wikipedia to ban users he disagrees with. I know this because I have been given the correct process to follow and this was not done. I have added these details to his talk page but, obviously, he has removed them. As you can clearly see people who """"agree"""" with this user are nothing more than anonymous IP addresses, i.e. sockpuppets.

This user needs to be dealt with immediately.   """,1,benign
51255,Ohhhhhhh No! TBeatty filed a complaint against me for reposting my observations and collegial advice! -,1,benign
137739,"conversation 

how are you confusing talking with vandalizing?",1,benign
122787,Facebook is a public domain...,1,benign
34379,"Suggestions for HMB436 Assignment
Hi Tony,

I am one of your classmate from HMB436. Overall your article is quite informative, but I do saw a few places that you could improve on.
First, you might want to italicized the synonyms as they are still names for the same fungus. 
Second, I am not sure if this is possible, but is there any medical and/or agricultural significance of this particular fungus? It would be nice to know if there are information about it. 
Third, what are the differences between the different strain types? Is it sequence difference? Thats all I have for you, hope you have a good time taking this class.",1,benign
87203,"What are you doing? 

Man, what are you doing? We were arguing for an infobox not a navigational template. You are our best contributor (our Achilles). You can't give in now. We need you.",1,benign
2012,"Here are a few key questions:
 Do you understand that Wikipedia is an encyclopedia, and not a business directory?
 Do you understand conflict of interest?
 Do you understand that to be considered for an encyclopedia article, the subject must be notable?

You are currently blocked because your username appears directly related to a company, group or product that you have been promoting, contrary to the username policy. Changing the username will not allow you to violate the 3 important principles above.",1,benign
104154,"""  You do say that you think that """"not harming someone"""" is altruism and that's just plain bizarre. If that were the case you would be practicing altruism right now just by sitting in your home and ignoring everyone outside.""",1,benign
78428,"Gotta' admit, it was pretty funny though. -",1,benign
145827,"""
 """"All users on wikipedia are to be polite and helpful to each other and you lack that"""", sure.  """,1,benign
67971,Please stop linking the copyrighted image to the Icon for Hire article. We don't want to be sued.,1,benign
93452,"""

Zu Yi
Hi thanks for your contributions but could you please rewrite this so it isn't written like a poem? Cheers $1,000,000?  """,1,benign
159367,"""

 GA Reassesment 

This is done by listing the article on Wikipedia:Good article reassessment.  

Non-free material
To use copyrighted material where you do not have the permission of the artist you must make a case for """"fair-use"""".  The guidelinea are at Wikipedia:Non-free use rationale guideline.  Basically, you need to place a fair-use template on the page of the copyrighted media (image or sound sample).  You have to do this seperately for every article the media is used in.  You cannot do this at commons, fair-use is not accepted there, you must upload the material to Wikipedia.  The fair-use templates can be found at Wikipedia:Template messages/Image namespace#Non-free images.  There is one specifically for album covers, as these are commonly used under fair-use.  """,1,benign
80097,and Jay and Silent Bob,1,benign
56541,"|autho6=Lauren C. Williams
|title6=The ‘Five Horsemen’ Of Wikipedia Paid The Price For Getting Between Trolls And Their Victims
|date6=2015-03-06
|org6=Think Progress
|url6=http://thinkprogress.org/culture/2015/03/06/3629086/wikipedia-gamergate-war/
|quote6= It’s interesting how a male feminist had to write a blog about it before anybody realized that there are these problems on Wikipedia.",1,benign
27477,"Red Ivan' sub is hear to stay!

Red Ivan is watching you and Fidel castro is in town to!",1,benign
92500,"""

 Homeopathy 

The reference to the term """"Homöopathie"""" being first published in 1807 is on page 263 of the Dean article (page 9 of the pdf), although his referencing is a little convoluted - it cites an article called """"Fingerzeige auf den homöopathischen Gebrauch der Arzneien in der bisherigen Praxis"""", referring to ref. 52 which itself refers back to ref. 24 which has it published in Hufeland’s Journal, xxvi (1807), 5–43.  

I'll reword the """"Hahnemann's concept"""" section to include Hahnemann's use of the term """"doctrine of specifics"""" and reference Dudgeon.

I've noticed there's a short """"to do"""" list on the Homeopathy talk page which I might try to work on now that things have quietened down over there.  Do you know of any good but reasonably concise sources (preferably available online) for:

i) the concept of healing crisis in the context of homeopathy;
ii) the work of Constantine Hering and James Tyler Kent and how it differs from Hahnemann?

Wikipedia's Kent article cites your article """"Kent's Influence on British Homeopathy"""" but any additional sources would be gratefully received.

All the best,    """,1,benign
111420,"""

 Liberal conservatism or conservative liberalism? 

An unregistered user added """"Liberal conservatism to Likud's ideology on 12 November 2006. I am wondering if this is exactly the case. Are we sure their ideology is not closer to conservative liberalism?
  """,1,benign
142065,"Wikimeet: enkele verzoekjes

http://nl.wikipedia.org/w/index.php?title=Wikipedia%3AOntmoeten&diff;=5857011&oldid;=5856958 Extremely sexy",1,benign
111200,"I didn't want to bring it into the debate as really it's irrelevant but equally I don't want to drag everyone to arbitration on an article we've all spent time trying to perfect simply because a single editor seems to have agendas beyond the quality of the encyclopaedia. Some of the unbalanced, illogical and contrary positions being taken were simply getting too unbelievable! There's only so long you can try to span the divide with someone who wants to blow up every bridge!! Excuse my ignorance though, but what's a 'diffs'?",1,benign
137295,"please reactivate user name 

Greetings,

I am a new user who is trying to add a new term to your dictionary.  Somehow my user name has been deactivated as a potential source of spam.  I can assure you, that this is not the case.  I am just trying to figure how to add a term to your dictionary.

Anyway, if you could please reactivate my user name (SorenSorensen), I would be most grateful.  Thank you!",1,benign
155032,"No Picture? 

With such a heinous murder and rape spree, why isn't there a picture of the thug? His spiteful, bastard face must be seen to have the full effect: Mugshot

Also, it should be mentioned somewhere, maybe in a Controversies section, that the Oakland black community and black activist groups actually came to Mixon's defense- calling him a soldier, a hero, and a victim: Source 1 , Source 2 50.29.10.210",1,benign
155633,"GA Review

:This review is transcluded from Talk:Amanita gemmata/GA1. The edit link for this section can be used to add comments to the review.

Reviewer:  (talk · contribs) 

I propose to take on this review and intend to start within the next two days.",1,benign
22084,"""]

Malfunctioning archive bot and improper archive page creations?

I do not know why there have been three additional archive pages for my talk page created, none of which is full, since yesterday.  I just saw this comment of Sept. 10, 2008, because someone or something placed it in an archive page (25) that did not exist last night or even early this morning.  I almost didn't see it at all.  Everyone who posts in Wikipedia is a real person; we use log-in identities to protect our privacy and our private identities.  If someone uses his or her real name in Wikipedia, it is published in this version of Wikipedia and all over the internet.  I have no control over others' practices in choosing Wikipedia identities, and I am not aware of anything that I have done that violates WP:AGF, WP:CIVIL, Wikipedia:Etiquette in my comments in either of the AN/I situations.  Although I have continually posted my concerns in good faith, I have been continually set upon as if I have not.  I assure you that since first contributing to Wikipedia as """"NYScholar"""" in June 2005, I have done my best to learn about and to follow Wikipedia's obviously-convoluted and often contradictory editing policies and guidelines, which are frequently edited and changed by those editing Wikipedia, and often vandalized.  I have done my best to contribute to Wikipedia in good faith and yet be forced (demanded) to respond to in my own view entirely-unfounded and false charges that I have not been editing in good faith.  Despite my requests for compassion and understanding because I have other important non-Wikipedia work to do (which have been in the """"N.B."""" above and were only edited out in the past two days in response to Shell's comments about the """"N.B."""" section), I was continually being forced by administrators and others to reply to them in what I increasingly regard as a dysfunctional AN/I based on both misunderstandings and violations of the AN/I instructions by the user who posted it and by the continual references to a previous AN/I by others, including administrators, extending it when it should have been expunged.

If posting new comments, please do so in my current talk page and do not create or add new archive pages.  The bot may be misfunctioning again.  Perhaps the code needs to be checked again.  When I revised the """"N.B."""" at Shell's request (above), I moved down the template.  Perhaps some is wrong again in it now.  I am manually going to move the comments mis-archived into the current talk page if that is where they belong, and I will move what should have been archived (if anything) into archive 22, which is not """"full"""" as it states in my """"contributors"""" history.  To repeat: I did not create archive pages 23, 24, and 25. I don't know how or why they began to exist.    """,1,benign
128180,"I am sorry to inform you, but there is solid documentation verifying
that neither was Stephen Seleny the Founder or first Headmaster of Trinity 
Valley School or the Founder of the Texas Boys Choir School, of which TVS was
the natural outgrowth. These are facts, not speculations. I can only suppose
Seleny and/or TVS hoped that a number of decades would bury the actual truth.",1,benign
149703,"EPL active 

got references??76.19.149.244",1,benign
20908,"I'm not familiar with an MCA variant in which some slots are functionally identical to others. I don't think using the average to break median ratings ties creates problems, but it might be more attractive to break the tie based on which candidate comes closer to having a higher median.  20:09, May 25, 2005 (UTC)",1,benign
8939,"""
Er, why did you """"stubidy"""" this article? It's missing a lot of information now... - """,1,benign
87035,"""
 Hi thanks for taking the time to respond Avi.  I had presumed you were Muslim because it said on your talkpage that you had contributed to the Abbey Hill Mosque article.  From your response I now gather you are of the Jewish faith so sorry if I have misrepresented you at any point. Have I got that right, you are Jewish, not Muslim? I also presumed you were from the UK (which is where I am from) because you had contributed to an article on a UK mosque.  Is that right?
When I said most people are against it I meant that most people where I am from don't know much about it and if they did find out about the negative aspects of it (such as the complications (serious and minor), loss in sexual function, etc) then they would most likely take a somewhat negative view of it. I would apply this to all non-circumcising cultures.  These people may not campaign against it or join the genital integrity movement (if you could describe it as such), however they would in general have a negative view of it.  There are a few reasons as to why I think they'd view it somewhat negatively once you forced them to give their view on it. 
It is done on children without their consent.  Most people would view this as ethically wrong - to not have any say in a major alteration to a part of your body (a particularly sensitive part at that).  
It can cause pain (people generally don't like to see children in pain).  
They then might ask if there was a reason for it to be done.  They would look at the views of the medical associations (via their policy statements on RIC) and find out that it isn't a net positive operation, therefore it doesn't need to be done for health reasons.  Furthermore, those that are not circumcised would realise it is a needless operation because they had done fine being intact.
 What I am saying is that most people do view it negatively (if they know about it and are forced to choose), they just don't bother saying anything because they do not wish to cause upset to a religious community or be accused of being intolerant.  
 I am not sure what bizarre forced circumcision you are referring to.
 Regarding the term/title of the article, I don't see how calling the article Male circumcision would equate it with female circumcision.  I realise they are different operations, but they still involve cutting of the genitals.  You also cannot deny that a lot of people refer to FGM (as you would call it) as female circumcision.  Furthermore, a lot of people, when asked to define """"circumcision"""" would ask the question, """"which type? Male or female?"""" In the last post on this subject, at talk:circumcision, I said this and I don't think you or Jake responded.  I took that as meaning you didn't have a counter-argument to what I said.  My point there was that we should be as specific as possible and that being accurate is more important than using the most widely used term.  This is following the Wikipedia naming guidelines.    """,1,benign
49904,"""

Inge stop you attacking tactic on me. We have two equal theories, and both should be mentored as equal. The term """"Gange hrolf"""" was not used in Normandy. And why will you have it changed to it??? Comanche cph """,1,benign
62091,"May 2008

 Please stop. If you continue to vandalize Wikipedia, you will be blocked from editing.",1,benign
63270,"No. I don't think you mean to be obnoxious. I think you're acting in misguided good faith. Why would you be intentionally obnoxious; that makes no sense. You're just not thinking very well about what outcomes are likely to follow from your actions. If you think about it more carefully, your perfect faith will lead you to different actions. Post the RFC and let me endorse it, for example. -",1,benign
91854,Reply:  William Frankena was my father. The photo is one of a pair of family album photos of my father and my mother. It never belonged to a university or other employer.,1,benign
25927,"""

 Offensive words!!!!! 

The second paragraph starts off as, """"Situated on the river Main,**** ****"""". I am not even going to write the offensive words that are there. This is my first time signing on to Wikipedia and I am not sure what I need to do to have this taken off the page.""",1,benign
149458,"""

 Please do not vandalize pages, as you did with this edit to Anna Bligh. If you continue to do so, you will be blocked from editing.  '''' (Talk | Contrib)'' """,1,benign
44236,""" 
 The problem is that he is not a notable music producer. The article does not make sufficient claim of his notability (working with a notable artist could mean anything from co-writing songs with them to carrying their equipment).  Artists are not notable because they work with notable artists (see Notability is not inherited), they are notable because they have been the subject of significant coverage in independent media, and this does not appear to be the case for Praize. ChatMe!ReadMe!! """,1,benign
30896,No they are three different genres and wikipedia with its articles should not be general.,1,benign
144787,rowspan=9 colspan=8|Did Not Qualify,1,benign
116002,No thanks. I'm not interested in being pressed to death.,1,benign
81461,"""
 talk to me :You are wrong in saying """"Other, experienced, editors have been dealing with your disruption and contributing"""". ..Only you were busy deleting/insulting/reverting/Misusing authority on this article http://en.wikipedia.org/wiki/Hridayeshwar_Singh_Bhati I invite respected administrator sir  雲水,http://en.wikipedia.org/wiki/User:Yunshui Sir & Other people of Wikipedia to verify the same. 122.161.30.232  """,1,benign
51240,"Dude, this page is harsh to the eyes. It's too segmented, so try merging and omitting some irrelevant information.",1,benign
86731,USGS topographic maps show elevations between the NGS numbers.  I have asked the NGS to confirm their data.,1,benign
53274,"""
Do you have """"strong objections substantiated with solid arguments""""? I don't see any. Let's move forward with the text we've got and then continue discussing further improvements.  ·:·   ·:· """,1,benign
88278,"Urgent Help Needed ==
Please stop RovingPersonalityConstruct !! He keep removing Sourced content on several Wikipedia pages such as:  Type 093 submarine, JL-2, J-20. Please stop him by blocking him or protecting the pages. 

Thank you.

==",1,benign
82294,"Ok, the article will stay the same then.",1,benign
150918,"Edit request from , 8 October 2011 

Please remove {{pp-semi-indef}} from line two, so that this doesn't appear at Category:Wikipedia pages with incorrect protection templates.

 (talk | )",1,benign
130046,"""

 Copyright problem removed 

Prior content in this article duplicated one or more previously published sources. The material was copied from: http://books.google.com/books?id=cMJBAQAAIAAJ&q;=In+the+summer+of+177,+Irenaeus,+bishop+of+Lyon,+witnessed+an+increasing+hostility+to+Christians+in+his+own+city.&dq;=In+the+summer+of+177,+Irenaeus,+bishop+of+Lyon,+witnessed+an+increasing+hostility+to+Christians+in+his+own+city.&hl;=en&sa;=X&ei;=T3BJT5TdFZCltwfdu7TuAg&ved;=0CDAQ6AEwAA. Infringing material has been rewritten or removed and must not be restored, unless it is duly released under a compatible license. (For more information, please see """"using copyrighted works from others"""" if you are not the copyright holder of this material, or """"donating copyrighted materials"""" if you are.) For legal reasons, we cannot accept copyrighted text or images borrowed from other web sites or published material; such additions will be deleted. Contributors may use copyrighted publications as a source of information, but not as a source of sentences or phrases. Accordingly, the material may be rewritten, but only if it does not infringe on the copyright of the original or plagiarize from that source. Please see our guideline on non-free text for how to properly implement limited quotations of copyrighted text. Wikipedia takes copyright violations very seriously, and persistent violators will be blocked from editing. While we appreciate contributions, we must require all contributors to understand and comply with these policies. Thank you.   (talk) """,1,benign
52537,"It's still bogus. They have selected a particular very short list of Hall of Fame pitchers, at which Ryan places last, and have used that to question his credentials. They have no business doing that unless they rank ALL Hall of Fame pitchers. It's gone.",1,benign
95560,"""

 Unclear sentence 

2005 papal election conclave states: """"If Pope Benedict XVI follows the custom of his predecessors in writing a new election constitution, it will also be the last."""" What's that supposed to mean? Thanx  12:54, 4 Jun 2005 (UTC)""",1,benign
122900,"Oh, it was about my edit in britney Spears.",1,benign
74906,You might think that; I couldn't possibly comment.  You nicely parsed what was actually said at ANI though.  Thanks.,1,benign
116004,"Show All of Seaon 8 On Episode List 

I'm sure I am not alone on this, but I would like to see the whole episode list under Season 8, rather than wait for the next episode's information to be shown after it has aired. It can get anoying not seeing the whole list. This is just a segestion.",1,benign
54715,"""

 I love this homosexual! 

  This chap is a true homo, and I love him for that. Met him at a recent gay pride march and he was more than friendly!    """,1,benign
136380,"""
I take it you can't read minds, can you?  What is obvious is that I feel GW is playing politics and abusing her role as admin in the process.  So, let me ask you this  where is the personal attack you claim I made? Why must you play games?Makin'Bacon """,1,benign
126024,"Cleanup 

I'm going to start scrubbing this article over the coming days, hopefully it will hit GA in a few years when she's famous enough.",1,benign
159252,"}}
{{WikiProject United States
 |class=Start

 |importance=low",1,benign
123581,"You mean renaming your account? No, that can only be done by a bureaucrat, and after being requested at Wikipedia:Changing usernames. The only change I can make to an account, other than blocking one (which doesn't really change the account, it just prevents it from editing), is by granting rollback abilities, as I did with your account.",1,benign
139742,"No Personal Attacks 

I appologized to the girl for my actions and she forgave me. Disregard the previous post above and let me continue with my edits like I always do.",1,benign
18507,""", 6 September 2011 (UTC)

""""...we need information about monitoring that has been done recently.""""  There is information as recently as last year of breathable Pu outside of Rocky Flats, as encouraged by Wes McKinley, the former grand jury foreman, here, which is information contained in the subsection I drafted and is now suppressed.  One quote from now-Congressman McKinley says it all:

""""""""The grand jury,"""" he said, """"reviewed a lot of damaging data about Rocky Flats, but it got sealed in the grand jury vault and I'm not allowed to tell people about it. Since DOE is hiding its damaging data, I figured we'd just collect data ourselves.""""  

The U.S. government has deliberately prevented the release of contamination level measurements even after the so-called clean-up, as also noted in the proposed subarticle.  And yes, exactly as you say, Orlady...we the people need that information.    11:51""",1,benign
92291,All are welcome to join in ),1,benign
87085,"""==Please don't be silly==

 Please don't monkey about with joke edits, such as your edit to Dublin Super Cup. We try hard here to produce something we can all be proud of, and silliness doesn't help. Articles are monitored, and users messing around could be blocked. Why not try contributing something useful instead? Have a look at the links below and get stuck in properly:
    The five pillars of Wikipedia
    How to edit a page
    Help pages
    Tutorial
    How to write a great article
    Manual of Style
    Fun stuff...
Thanks – and enjoy yourself as a responsible Wikipedian!    """,1,benign
76730,"attack page

i AM DOING IT IN MY USERSPACE, NOT IN THE MAINSPACE.tHESE RULES DONT APPLY IN USERSPACE. i AM NOT VANDALIZING. OR ATTACKING ANYONE. IT IS MANNERS AND NESSARY TO FIRST INFORM TO USER WHOSE PAGE YOU ARE EDITING BEFORE YOU DO. tHIS WILL NOT BE TOLERATED.",1,benign
62387,"Arun Thakur is 
Early life and education
Born on 6 September 1984 at Hamirpur Ludder Mahadev, Arun Thakur is the elder son of Ashwani Thakur and Meena Devi. 

He studied at Ludder Mahadev, Hamirpur, Himachal Pradesh. He was a good cricketer in his school.  and later did his BCA from S.V.S.D.P.G.(http://www.svsdpg.com) College Bhatoli Una,  Himachal Pradesh and MCA from PCTE(http://www.pcte.edu.in/) College Ludhiana Punjab.

Career
Arun Thakur is a Software Engineer at BTL-India,(http://www.btl-india.com/) New Delhi.

Personal life

     Family
 Dad's Name  Ashwani Thakur 
 Mother's Name  Meena Devi
 Brother's Name  Barun Thakur 
 Wife's Name  Anjana Thakur
 

TABFavourites of Arun Thakur

 Ground  Ludder Mahadev ground
 Movie  Coming to America
 Music  Pop
 Hobby  Collecting CD's.
 Car  Maruti
 Actors  Amitabh Bacchan, Nana Patekar
 Actresses  Genelia D'Souza
 Cricket Heroes  Gavaskar, Viv Richards, Imran Khan and Sandeep Patil
 Other Fav. Stars  Maradona, Borris Becker
 Drink  Orange / Apple juice and water 
 Food  Veg/Non Veg
 Pastime  Listening to peaceful music with friends 
 Clothes  Official jacket and tie, else jeans and T-shirt
 Magazine  Sportstar
 Newspapers  Punjab Kesri, Times of India, Mid-day
 Other Sports  Tennis

References
www.btl-india.com

External links",1,benign
35882,", 2 August 2011 (UTC)

LOL, you are entirely too cynical ThisLaughingGuyRightHere.  Why don't you be nice like me?  (smile).  Did you find out what ultimately happened to the diary evidence? side discussion-in-camera hearing.  Did the jury hear it and was told to ignore?  I don't think so but I can't prove it. Where did it die?  I have failed to find that final part of the story. 10:19",1,benign
56406,a debate to see why he was so virulently anti-Zionist,1,benign
52212,"Tupac
The reason I removed it The Lost Tapes is because its a compliation, not a studio album, and does not fit in the posthumous studio albums section.",1,benign
42109,"Why is your wiener so small? 

It is because you are Asian?",1,benign
54718,"""

Gamarjoba bicho
Look, Megrelians, Lazes are related to Georgian poeple and common name which is being used for them is """"South Caocasian"""" or sometimes """"Kartvelian"""" not Georgians.Especially Lazes and Georgians are two different nation.Both have self lang., identity, religion etc.""",1,benign
31814,"I'm not disagreeing with you that the group exists, thats obvious.  We need an authoritative source to list them as terrorists, though, not any .com operation.",1,benign
130491,"""

 Please do not vandalize pages, as you did with this edit to Salp. If you continue to do so, you will be blocked from editing.  StormRider """,1,benign
135590,"""

== Thanks dude! I love you! ==

Yeah thanks for """"Nominating"""" my artcile. I really appreciate your kindness beyond measure! I would like to announce I am """"Nominating"""" you for something as well! It's the """"Dick of The Entire Year"""" award! You and Al Gore are pretty likely winners so keep an eye open for that! Of course, as long as you aren't too busy having a blast """"Nominating"""" things already. Cya!""",1,benign
132258,He seems to be a notable person. I think this aricle does not qualify for deletion.,1,benign
94532,"Bull Dog is NOT an exception 

His name refers to his ability to grow horns. The fact that he is a bulldog makes it a pn, but not an exception.",1,benign
134585,Nidhin is from cochin,1,benign
27470,"Support. Far more likely that a reader is looking for the song that routinely plays on the radio, has been covered many times, and is regarded as one of the defining hits of a decade than its parent album. '''''' (talk | contributions)",1,benign
75253,"This is about the arundhati roy article
i think the article has a one sided approach towards arundhati,not a neutral one.i think i added the wrong template.anyways you can make some constructive edits including criticism of roy.",1,benign
152874,"I would say the most innovative thing about the Lynx was the ability to daisy chain them for network games (I believe it could network 8 or 12 systems).  Also, I think it's debatable if Chip's Challenge is the Lynx's most famous game.  There were several arcade games ported to the system such as Stun Runner, Klaxx, Hard Drivin, APB, and Steel Tallons.",1,benign
57436,REDIRECT Talk:John Grant Lawson,1,benign
10961,"July 2010 (UTC))
Sorry, about the late reply.
Yes. Whatever you think for GAR. You're in the driver's seat for the review and I certainly trust your judgment for it. ( talk 14:32, 29",1,benign
23349,"""

 Please do not vandalize pages, as you did with this edit to Jonathan Groff. If you continue to do so, you will be blocked from editing.    """,1,benign
74681,", 14 January 2008 (UTC)

But that is not a site, just a sign that I have uploaded them. However, I will try to find the site and will put it in your talk page.   15:59",1,benign
132452,"Yes I know it was consistent within the article, and I changed it to another style that was consistent with the vast majority of other WP articles. And yes I agree that this is not the place to discuss discuss referencing policy (or guidelines for that matter) but it can still be discussed in the context of this particular article. It is also a method of gauging community reaction to potential policy or guideline changes.   (talk - contribs)",1,benign
150243,")

A victory for the British and Germans because they forced the American troops off of the field. Claiming this battle as an American victory is like claiming the Battle of Cowpens as a British victory. It is just plain stupid. (",1,benign
10469,hurt you and you will be sorry,1,benign
106221,"""
This list is not an inclusive one and many people on in do not meet the specific criteria set out in the lead. These 2 golfers have done nothing oustanding, i.e. they have not finished in the top 3 of a major international tournament or even close to it. bigissue """,1,benign
156150,"I've left a comment. I would be interested to see how the article ends up. I have some formatting recommendations, but there's little point in worrying about them before a major edit. I also had a look at the history of the linked Wikispecies page(s), and I was amazed. Stho002 reverts edits, and then protects pages to keep them in his preferred state. Here he would be stripped of his admin bit for that, and it looks like he's done it more than once. I recognise that the Wikispecies community will be unwilling to castigate its most prolific editor, but evidence like that speaks for itself. He was briefly de-sysopped there before, and has been blocked, for edit warring and personal attacks, and further warnings were given in the last month. It doesn't bode well.",1,benign
128692,"Please refrain from attacking other contributors, as you did with this edit to Talk:A New Hope (Vanna album). Continued personal attacks may lead to being blocked for disruption. Comment on content, not on the contributor. Thank you. Synchronism (talk) 
In regards to your 27 February message - further unnecessary disruption on MY account will lead to YOU being blocked for disruption. Please comment on the content, not the contributor (me). Thank you.",1,benign
126843,"Hi, are you sure? Check here and scroll down. If it was an accident from copying and pasting or something, it is no big deal.  If you didn't make that edit, than your account may have been compromised or something weird and should probably be investigated further. I just wanted to let you know.",1,benign
100676,"I think so. But your list omits LaRouche's most recent and comprehensive book, The Economics of the Nöosphere.",1,benign
146471,"""
Wow. Whatever it was, it was so good you got two barnstars. Congrats.  Wha? """,1,benign
21138,"""

 Non-canonical Oz works by """"Royal Historians"""" 
This title and sentence gives the wrong impression: """"Each of the """"Royal Historians"""" wrote Oz-related works not generally considered canonical."""" Most of the Oz fans I've spoken to regard all the Oz books by the """"Royal Historians"""" as canonical and do not regard canonicity based on whether or not Reilly & Lee was the publisher.""",1,benign
