idx,text,label_value,label
66730,"with outtakes in which most of the characters forget their lines and just utter ` uhhh , ' which is better than most of the writing in the movie ",0,negative
29890,enigma is well-made ,1,positive
45801,is ) so stoked to make an important film about human infidelity and happenstance that he tosses a kitchen sink onto a story already overladen with plot conceits . ,0,negative
29352,the closest thing to the experience of space travel ,1,positive
19858,lose their luster ,0,negative
15364,reopens an interesting controversy and ,1,positive
30026,"competent , unpretentious entertainment ",1,positive
38039,an effective portrait of a life in stasis ,1,positive
14261,transcendent performance ,1,positive
11661,so vivid ,1,positive
12510,' rip-off ,0,negative
64007,its hackneyed and meanspirited storyline with cardboard characters and performers ,0,negative
7881,a rollicking good time for the most part ,1,positive
7161,not funny performers ,0,negative
49368,"who has reached puberty actually finding the characters in slackers or their antics amusing , let alone funny ",0,negative
56945,entering ,1,positive
7167,and revolutionary spirit ,1,positive
21463,of deft and subtle poetry ,1,positive
28495,a buoyant delivery ,1,positive
28162,"is worth a look for its true-to-life characters , its sensitive acting , its unadorned view of rural life and the subtle direction of first-timer hilary birmingham ",1,positive
64759,brainless ,0,negative
2992,a good chance of being the big ,1,positive
61181,"there 's no conversion effort , much of the writing is genuinely witty and both stars are appealing enough to probably have a good shot at a hollywood career , if they want one . ",1,positive
44019,like jimmy 's routines ,1,positive
32968,is less concerned with cultural and political issues than doting on its eccentric characters . ,0,negative
58723,all too predictable and far too cliched ,0,negative
37478,hip-hop rarely comes alive as its own fire-breathing entity in this picture . ,0,negative
25098,"such a flat , plodding picture ",0,negative
36517,"awe and affection -- and a strange urge to get on a board and , uh , shred , dude ",1,positive
32755,"is inspiring , ironic , and revelatory of just how ridiculous and money-oriented the record industry really is . ",1,positive
7705,that his genre and his character construct is a wonderous accomplishment of veracity and narrative grace ,1,positive
1162,masterful british actor ian holm ,1,positive
4108,it shows us a slice of life that 's very different from our own and yet instantly recognizable . ,1,positive
9246,action-adventure buffs ,1,positive
32477,all the sibling rivalry and ,0,negative
33226,"treads heavily into romeo and juliet/west side story territory , where it plainly has no business going ",0,negative
26523,"about a wild-and-woolly , wall-to-wall good time ",1,positive
23335,"so many red herrings , ",0,negative
47385,expects something special but instead gets ( sci-fi ) rehash . ,0,negative
21640,gave people seizures ,0,negative
47865,"has rewards , from the exoticism of its seas of sand to the fierce grandeur of its sweeping battle scenes ",1,positive
16072,wonderful ,1,positive
24957,"of dark humor , gorgeous exterior photography , and a stable-full of solid performances ",1,positive
20867,"and there 's an element of heartbreak to watching it now , with older and wiser eyes , because we know what will happen after greene 's story ends . ",1,positive
47782,jaw-droppingly superficial ,0,negative
33449,venice beach that was a deserved co-winner of the audience award for documentaries at the sundance film festival ,1,positive
40690,straight-ahead ,1,positive
39518,'s really an exercise in gross romanticization of the delusional personality type ,0,negative
56131,"'s a rather listless amble down the middle of the road , where the thematic ironies are too obvious and the sexual politics too smug ",0,negative
30385,scores a direct hit ,1,positive
61889,an often intense character study ,1,positive
57069,"enjoy much of jonah simply , and gratefully , as laugh-out-loud lunacy with a pronounced monty pythonesque flavor ",1,positive
57181,"as a good old-fashioned adventure for kids , spirit ",1,positive
22596,"godard uses his characters -- if that 's not too glorified a term -- as art things , mouthpieces , visual motifs , blanks . ",0,negative
29642,no cliche escapes the perfervid treatment of gang warfare called ces wild . ,0,negative
57452,"the acting , for the most part ",1,positive
15710,the logic of it all will be greek to anyone not predisposed to the movie 's rude and crude humor . ,0,negative
37068,"but arriving at a particularly dark moment in history , it offers flickering reminders of the ties that bind us . ",1,positive
19966,mr. schnitzler proves himself a deft pace master and stylist . ,1,positive
47496,this family film sequel is plenty of fun for all . ,1,positive
9024,is just the point ,1,positive
58642,indie . ,1,positive
31397,"to ask people to sit still for two hours and change watching such a character , especially when rendered in as flat and impassive a manner as phoenix 's ",0,negative
25296,to remake sleepless in seattle again and again ,0,negative
62309,ranks with the best of herzog 's works ,1,positive
12639,unbelievable naïveté and arbitrary flashbacks ,0,negative
38693,"with an idea buried somewhere inside its fabric , but never clearly seen or felt ",0,negative
31316,"so muddled , repetitive and ragged that it says far less about the horrifying historical reality than about the filmmaker 's characteristic style . ",0,negative
51892,disconcertingly slack ,0,negative
27980,mindless action movie ,0,negative
29771,delicate treatment ,1,positive
43093,called best bad film you thought was going to be really awful but ,0,negative
62707,"gets very ugly , very fast ",0,negative
52764,begin with ,1,positive
42820,hate yourself ,0,negative
2295,"this is a gorgeous film - vivid with color , music and life . ",1,positive
14366,by characters who are nearly impossible to care about ,0,negative
39843,interesting look ,1,positive
37647,"beyond road warrior , it owes enormous debts to aliens and every previous dragon drama ",1,positive
18233,lopez romantic comedy ,1,positive
63954,as some of the recent hollywood trip tripe ,0,negative
24200,"will dip into your wallet , swipe 90 minutes of your time , and offer you precisely this in recompense : a few early laughs scattered around a plot as thin as it is repetitious ",0,negative
5343,"it 's a treat -- a delightful , witty , improbable romantic comedy with a zippy jazzy score ... grant and bullock make it look as though they are having so much fun . ",1,positive
11680,is eerily convincing as this bland blank of a man with unimaginable demons within ,1,positive
26231,doing unpleasant things to each other and themselves ,0,negative
30626,could n't someone take rob schneider and have him switch bodies with a funny person ,0,negative
29676,the story is smart and entirely charming in intent and execution . ,1,positive
6498,enhanced by a surplus of vintage archive footage ,1,positive
34793,completely serviceable and quickly forgettable ,0,negative
5532,dreamy and ,1,positive
3308,"the story has its redundancies , and the young actors , not very experienced , are sometimes inexpressive ",0,negative
39889,"like all great films about a life you never knew existed , it offers much to absorb and even more to think about after the final frame . ",1,positive
43924,this deeply moving french drama develops a startling story that works both as a detailed personal portrait and as a rather frightening examination of modern times . ,1,positive
273,does n't bode well for the rest of it ,0,negative
19247,much of all about lily chou-chou is mesmerizing : ,1,positive
14552,comforting fantasies ,1,positive
57106,"the jokes are sophomoric , stereotypes are sprinkled everywhere and the acting ranges from bad to bodacious ",0,negative
31199,"sexy , violent , self-indulgent and maddening ",0,negative
25986,severe body odor ,0,negative
20848,"in spite of all that he 's witnessed , remains surprisingly idealistic ",1,positive
64187,your favorite pet get buried alive ,0,negative
55773,only has about 25 minutes of decent material . ,0,negative
29766,that 's apparently just what ( aniston ) has always needed to grow into a movie career ,1,positive
936,"is always a joy to watch , even when her material is not first-rate ",1,positive
35002,visual delight ,1,positive
8425,a terrific b movie -- ,1,positive
45750,"is a pan-american movie , with moments of genuine insight into the urban heart ",1,positive
37114,a funny and well-contructed black comedy where the old adage `` be careful what you wish for '' is given a full workout . ,1,positive
17436,stunning images and effects ,1,positive
59021,"appears jagged , as if filmed directly from a television monitor , while the extensive use of stock footage quickly becomes a tiresome cliché . ",0,negative
41931,its hard to imagine having more fun watching a documentary ... ,1,positive
19193,the santa clause 2 proves itself a more streamlined and thought out encounter than the original could ever have hoped to be . ,1,positive
59786,well-timed explosion ,1,positive
25928,the effort is sincere and the results are honest ,1,positive
54257,effective in all its aspects ,1,positive
52922,", and for the memorable character creations ",1,positive
56656,"'s weird , wonderful , and not necessarily for kids ",1,positive
22599,moulin rouge ,1,positive
33951,illustrates the ability of the human spirit to overcome adversity . ,1,positive
18905,as boring before i see this piece of crap again ,0,negative
50689,you 'd swear you ,1,positive
51470,walks a tricky tightrope between being wickedly funny and just plain wicked ,0,negative
62041,an old-fashioned but emotionally stirring adventure tale ,1,positive
18379,probably wo n't have you swinging from the trees hooting it 's praises ,0,negative
39488,a fascinating glimpse of urban life and the class warfare that embroils two young men ,1,positive
19762,"is a dark , gritty , sometimes funny little gem ",1,positive
40526,to courage and happiness ,1,positive
40063,a ton of laughs ,1,positive
52064,rich in shadowy metaphor ,1,positive
21449,"transcends its agenda to deliver awe-inspiring , at times sublime , visuals and offer a fascinating glimpse into the subculture of extreme athletes whose derring-do puts the x into the games ",1,positive
58826,a whole lot ,1,positive
39151,"enactments , however fascinating they may be as history , are too crude to serve the work especially well ",0,negative
64192,the ring never lets you off the hook . ,1,positive
13087,emotional conviction ,1,positive
6211,bubbly ,1,positive
62714,an erotic thriller that ,1,positive
62165,ca n't help but get caught up in the thrill of the company 's astonishing growth . ,1,positive
7168,dramatically lackluster ,0,negative
58320,"they come , already having been recycled more times than i 'd care to count ",0,negative
31732,rarely has sex on screen been so aggressively anti-erotic . ,0,negative
62557,"the color sense of stuart little 2 is its most immediate and most obvious pleasure , ",1,positive
54977,a couple of saps stuck in an inarticulate screenplay ,0,negative
34005,", self-assured ",1,positive
31713,"( hayek ) throws herself into this dream hispanic role with a teeth-clenching gusto , ",1,positive
34479,"odd , inexplicable and unpleasant ",0,negative
41453,the ease with which it integrates thoughtfulness and pasta-fagioli comedy ,1,positive
19990,speaks for itself ,1,positive
19652,"zhuangzhuang creates delicate balance of style , text , and subtext that 's so simple and precise that anything discordant would topple the balance , ",1,positive
30895,"seems content to dog-paddle in the mediocre end of the pool , and it 's a sad , sick sight ",0,negative
8550,you might want to check it out ,1,positive
58329,the trappings of i spy are so familiar you might as well be watching a rerun . ,0,negative
44711,", you 'd probably turn it off , convinced that you had already seen that movie . ",0,negative
2691,the threat implied in the title pokémon 4ever is terrifying ,0,negative
10186,in its own simplicity ,1,positive
48609,is hereby given fair warning . ,0,negative
46610,by an angel simplicity ,1,positive
63321,dead ,0,negative
53706,his movie veers like a drunken driver through heavy traffic ,0,negative
42599,viewers will wish there had been more of the `` queen '' and less of the `` damned . '' ,0,negative
60419,sweetness and vulnerability ,1,positive
7519,reverent ,1,positive
11645,celluloid heaven ,1,positive
18005,real visual charge ,1,positive
47357,animation back 30 years ,0,negative
15132,almost everyone growing up believes their family must look like `` the addams family '' to everyone looking in ... `` my big fat greek wedding '' comes from the heart ... ,1,positive
26995,has the requisite faux-urban vibe and hotter-two-years-ago rap and r&b names and references . ,0,negative
16113,'s so not-at-all-good ,0,negative
47887,all but spits out denzel washington 's fine performance in the title role . ,1,positive
21741,"polished , well-structured film . ",1,positive
18401,an honored screen veteran and a sparkling newcomer who instantly transform themselves into a believable mother/daughter pair ,1,positive
41397,no worse ,0,negative
36425,"has been written so well , that even a simple `` goddammit ",1,positive
62185,'s fairly lame ,0,negative
41414,"overall , it 's a very entertaining , thought-provoking film with a simple message ",1,positive
16344,like a fragment of an underdone potato ,0,negative
7117,crafted a solid formula for successful animated movies ,1,positive
54377,interesting to witness the conflict from the palestinian side ,1,positive
53391,amusements ,1,positive
38212,a generic bloodbath that often becomes laughably unbearable when it is n't merely offensive . ,0,negative
64060,it 's not just a feel-good movie ,1,positive
11665,you to give it a millisecond of thought ,1,positive
10469,imaginatively mixed cast ,1,positive
689,almost everyone growing up believes their family must look like `` the addams family '' to everyone looking in ,1,positive
5610,the character 's gripping humanity ,1,positive
42436,a dash of the avant-garde fused with their humor ,1,positive
56618,"forgets about her other obligations , leading to a tragedy which is somehow guessable from the first few minutes , maybe because it echoes the by now intolerable morbidity of so many recent movies ",0,negative
42328,"'s a work that , with humor , warmth , and intelligence , captures a life interestingly lived . ",1,positive
59502,ultimately the story compels ,1,positive
47257,to put a lump in your throat while reaffirming washington as possibly the best actor working in movies today ,1,positive
19261,it 's waltzed itself into the art film pantheon . ,1,positive
38815,"there 's an admirable rigor to jimmy 's relentless anger , and to the script 's refusal of a happy ending , but as those monologues stretch on and on , you realize there 's no place for this story to go but down ",0,negative
36662,caper thrills ,1,positive
12216,"the unexpected thing is that its dying , in this shower of black-and-white psychedelia , is quite beautiful . ",1,positive
10673,cowardly ,0,negative
23120,little doubt that kidman has become one of our best actors ,1,positive
3702,"makes the same mistake as the music industry it criticizes , ",0,negative
33832,"slow and ponderous , ",0,negative
62142,with grace and humor and gradually ,1,positive
57638,the ending is all too predictable and far too cliched to really work ,0,negative
39329,"elegantly crafted but emotionally cold , a puzzle whose intricate construction one can admire but is difficult to connect with on any deeper level . ",0,negative
65951,more measured or polished production ,1,positive
52883,a child 's interest and an adult 's patience ,0,negative
65548,delivered dialogue and a heroine who comes across as both shallow and dim-witted ,0,negative
38710,as inept as big-screen remakes of the avengers and the wild wild west . ,0,negative
48611,", crocodile hunter has the hurried , badly cobbled look of the 1959 godzilla , which combined scenes of a japanese monster flick with canned shots of raymond burr commenting on the monster 's path of destruction . ",0,negative
51467,dave barry 's popular book ,1,positive
65613,leave you marveling at these guys ' superhuman capacity to withstand pain ,1,positive
60266,"the fascination comes in the power of the huston performance , which seems so larger than life and yet so fragile , and ",1,positive
59562,not counting a few gross-out comedies i 've been trying to forget ,0,negative
55485,"is so bad , that it 's almost worth seeing because it 's so bad . ",0,negative
849,well to cram earplugs ,0,negative
34376,"is a genuine love story , full of traditional layers of awakening and ripening and separation and recovery ",1,positive
31596,"payne has created a beautiful canvas , ",1,positive
39839,makes for one of the most purely enjoyable and satisfying evenings at the movies i 've had in a while ,1,positive
45258,in by the sympathetic characters ,1,positive
54939,"turns out to be clever , amusing and unpredictable ",1,positive
20728,up as the worst kind of hubristic folly ,0,negative
18563,genuine narrative ,1,positive
3989,"is at once playful and haunting , an in-depth portrait of an iconoclastic artist who was fundamentally unknowable even to his closest friends . ",1,positive
66679,", insightfully human ",1,positive
17190,"an evanescent , seamless and sumptuous stream ",1,positive
15818,is that van wilder does little that is actually funny with the material . ,0,negative
10565,whirlwind ,1,positive
18410,that assumes you are n't very bright ,0,negative
39101,"by halfway through this picture i was beginning to hate it , and , of course ",0,negative
53652,the biggest problem ,0,negative
3142,absurd collection ,0,negative
23435,"er , bubbly ",1,positive
43278,originality ,1,positive
4981,lustrous polished ,1,positive
13010,"those who are only mildly curious , i fear , will be put to sleep or bewildered by the artsy and often pointless visuals . ",0,negative
29142,after one gets the feeling that the typical hollywood disregard for historical truth and realism is at work here ,0,negative
31456,wears its empowerment ,1,positive
54975,powerful look ,1,positive
10218,left off the film 's predictable denouement ,0,negative
9626,"enough , but nothing new ",0,negative
52246,the plot holes are big enough for a train car to drive through -- if kaos had n't blown them all up ,0,negative
33279,that the e-graveyard holds as many good ideas as bad is the cold comfort that chin 's film serves up with style and empathy . ,1,positive
58142,"( toback 's ) fondness for fancy split-screen , stuttering editing and pompous references to wittgenstein and kirkegaard ... blends uneasily with the titillating material . ",0,negative
158,", sometimes beautiful adaptation ",1,positive
61942,none can equal ,1,positive
63128,a bittersweet drama ,1,positive
14976,with the ferocity of a frozen burrito ,0,negative
26043,a disappointment ,0,negative
18794,results from adhering to the messiness of true stories ,0,negative
57852,grace that still leaves shockwaves ,1,positive
28748,"bluto blutarsky , we miss you . ",1,positive
53063,"delighted with the fast , funny , and even touching story ",1,positive
13203,"the movie is concocted and carried out by folks worthy of scorn , and ",0,negative
30176,i like all four of the lead actors a lot and ,1,positive
63595,and it is n't that funny . ,0,negative
22395,references to faith and rainbows to plant smile-button faces on that segment of the populace that made a walk to remember a niche hit ,1,positive
36890,are just too many characters saying too many clever things and getting into too many pointless situations ,0,negative
4788,a barf bag ,0,negative
62140,has little insight into the historical period and its artists ,0,negative
5115,technically superb ,1,positive
4563,"a movie , a vampire soap opera that does n't make much ",0,negative
36922,succeeds as a powerful look at a failure of our justice system . ,1,positive
43711,is more likely to induce sleep than fright ,0,negative
33761,"like its bizarre heroine , it irrigates our souls . ",1,positive
29108,watching this film with an audience full of teenagers fixating on its body humor and reinforcement of stereotypes ,0,negative
12322,every bit as distinctive ,1,positive
66474,is as padded as allen 's jelly belly ,0,negative
41902,is sure to win viewers ' hearts ,1,positive
1380,see the forest for the trees ,1,positive
65243,vibrant and intoxicating ,1,positive
33283,about as humorous ,0,negative
21986,was particularly funny ,1,positive
20450,"is visually smart , ",1,positive
23530,can be as tiresome as 9 seconds of jesse helms ' anti- castro ,0,negative
56007,might add -- slice of comedic bliss ,1,positive
45521,a compelling story of musical passion against governmental odds ,1,positive
26552,have absolutely no idea who the main characters are until the film is well under way -- and yet it 's hard to stop watching ,1,positive
61372,at its best ,1,positive
49109,may be the performances of their careers ,1,positive
15041,would be a lot better if it pared down its plots and characters to a few rather than dozens ... or if it were subtler ... or if it had a sense of humor ,0,negative
15176,worst excesses ,0,negative
28851,"ice age wo n't drop your jaw , but it will warm your heart , and i 'm giving it a strong thumbs up . ",1,positive
60548,plays like a glossy melodrama that occasionally verges on camp . ,0,negative
33681,"even a hardened voyeur would require the patience of job to get through this interminable , shapeless documentary about the swinging subculture . ",0,negative
37920,a bit cold and ,0,negative
41322,is a battle of witlessness between a not-so-bright mother and daughter and an even less capable trio of criminals ,0,negative
18024,"'s consistently funny , in an irresistible junior-high way , and consistently free of any gag that would force you to give it a millisecond of thought . ",1,positive
5199,exciting and well-paced ,1,positive
5367,unrelentingly grim -- and ,0,negative
48636,... may work as an addictive guilty pleasure but the material never overcomes its questionable satirical ambivalence . ,0,negative
3510,do well to cram earplugs in their ears and ,0,negative
49891,clever angle ,1,positive
52988,"set out to lampoon , anyway . ",0,negative
45209,sweet cinderella story ,1,positive
23676,", she sees it as a chance to revitalize what is and always has been remarkable about clung-to traditions . ",1,positive
12913,"is , in a word , brilliant as the conflicted daniel . ",1,positive
27311,dignified ,1,positive
59010,by its predictable plot and paper-thin supporting characters ,0,negative
47834,ally mcbeal-style fantasy sequences ,1,positive
41336,class warfare ,0,negative
43530,"priggish , lethargically paced parable of renewal . ",0,negative
51752,stuffy and ,0,negative
10803,into feel-good territory ,1,positive
22629,2002 's first great film ,1,positive
18600,"is clever , offbeat and even gritty enough to overcome my resistance . ",1,positive
42168,a lasting impression ,1,positive
39669,funny and also heartwarming without stooping to gooeyness ,1,positive
40177,divine secrets of the ya-ya sisterhood suffers from a ploddingly melodramatic structure ,0,negative
26908,"seems to want to be a character study , but apparently ",0,negative
19185,"is exhaustion , from watching a movie that is dark ( dark green , to be exact ) , sour , bloody and mean . ",0,negative
36921,the bland songs ,0,negative
19444,hitler 's ,0,negative
15703,finds no way to entertain or inspire its viewers ,0,negative
5169,the best advice is : ` scooby ' do n't . ,0,negative
63631,is also elevated by it -- the kind of movie that you enjoy more because you 're one of the lucky few who sought it out . ,1,positive
62899,winds up looking like a bunch of talented thesps slumming it ,0,negative
65943,lacks ,0,negative
60695,"i do n't know if frailty will turn bill paxton into an a-list director , but he can rest contentedly with the knowledge that he 's made at least one damn fine horror movie . ",1,positive
42580,also is n't embarrassed to make you reach for the tissues ,1,positive
26097,edge ,1,positive
57156,might have been called freddy gets molested by a dog ,0,negative
56381,", one could rent the original and get the same love story and parable . ",0,negative
8236,in practically every facet of inept filmmaking ,0,negative
27504,"like shiner 's organizing of the big fight , pulls off enough ",1,positive
49140,frailty fascinates ,1,positive
12495,captures the complicated relationships in a marching band . ,1,positive
47480,do not fit ,0,negative
59529,mesmerizing one ,1,positive
39170,robin williams has thankfully ditched the saccharine sentimentality of bicentennial man in favor of an altogether darker side . ,1,positive
37884,inert sci-fi action thriller ,0,negative
11546,limited chemistry ,0,negative
23779,this pathetic junk is barely an hour long . ,0,negative
55286,'ll find in this dreary mess . ,0,negative
49073,"an admitted egomaniac , evans is no hollywood villain , and yet this grating showcase almost makes you wish he 'd gone the way of don simpson . ",0,negative
17313,do n't have a clue on the park . ,0,negative
59372,"an amusing and unexpectedly insightful examination of sexual jealousy , resentment and the fine ",1,positive
15159,"worse , ",0,negative
16528,kung pow seems like some futile concoction that was developed hastily after oedekerk and ,0,negative
52504,utterly charming ,1,positive
27117,a chilling tale of one of the great crimes of 20th century france : the murder of two rich women by their servants in 1933 ,1,positive
43567,-- sadly -- ,0,negative
2574,disappointing in comparison to other recent war movies ... or ,0,negative
18010,soul-stirring ,1,positive
22992,the only question ... is to determine how well the schmaltz is manufactured -- to assess the quality of the manipulative engineering . ,0,negative
24851,the rat-a-tat energy ,1,positive
51515,"goosebumps as its uncanny tale of love , communal discord , and justice ",1,positive
41640,knows its classical music ,1,positive
54542,"cold , ",0,negative
29789,"observant , unfussily poetic meditation ",1,positive
8530,so insanely dysfunctional ,0,negative
63891,audience-pleaser ,1,positive
6184,that so many people put so much time and energy into this turkey ,0,negative
28581,it is entertaining on an inferior level . ,0,negative
1213,beautiful paean ,1,positive
267,"take care is nicely performed by a quintet of actresses , ",1,positive
1221,a treatise on spirituality as well as a solid sci-fi thriller ,1,positive
60381,a nicely understated expression of the grief ,1,positive
33284,fluffy neo-noir ,0,negative
45755,never pushes for insights beyond the superficial tensions of the dynamic he 's dissecting ,0,negative
4990,limps along ,0,negative
22201,becoming irritating ,0,negative
50652,spectacular ,1,positive
48001,cinematic razzle-dazzle ,1,positive
24568,surprisingly uninvolving ,0,negative
54202,savvy director robert j. siegel and his co-writers keep the story subtle and us in suspense . ,1,positive
6429,a diverse and astonishingly articulate ,1,positive
41760,"try to create characters out of the obvious cliches , but wind up using them as punching bags ",0,negative
27857,the hanukkah spirit seems fried in pork . ,0,negative
6536,banality and hypocrisy ,0,negative
1786,an old-fashioned but emotionally stirring adventure tale of the kind they ,1,positive
14912,maybe because it echoes the by now intolerable morbidity of so many recent movies ,0,negative
61418,a bad-movie way ,0,negative
52280,tell you that there 's no other reason why anyone should bother remembering it ,0,negative
17624,"'s a stale , overused cocktail using the same olives since 1962 as garnish ",0,negative
57078,"they will have a showdown , but , ",1,positive
31025,is just sooooo tired ,0,negative
58368,notice the flaws ,0,negative
9084,more to think about after the final frame ,1,positive
23773,this marvelous film ,1,positive
59493,: stallion of the cimarron is a winner . ,1,positive
21156,from the classics ,1,positive
3874,this clever and very satisfying picture ,1,positive
7732,the better film 's ability to make its subject interesting to those who are n't part of its supposed target audience ,1,positive
21633,this one is not nearly as dreadful as expected . ,1,positive
41575,an almost palpable sense of intensity ,1,positive
44471,the testosterone-charged wizardry of jerry bruckheimer productions ,1,positive
50293,"at best , cletis tout might inspire a trip to the video store -- in search of a better movie experience . ",0,negative
46839,stale and ,0,negative
5880,loved ,1,positive
1805,"a smart and funny , albeit sometimes superficial , cautionary tale of a technology in search of an artist ",1,positive
17860,"love , longing ",1,positive
53172,"written , flatly , by david kendall ",0,negative
35936,will at least have a dream image of the west to savor whenever the film 's lamer instincts are in the saddle . ,0,negative
33830,", tiresome nature ",0,negative
20280,the needlessly poor quality ,0,negative
43440,splendid singing ,1,positive
33240,"with enthusiasm , sensuality and a conniving wit ",1,positive
2255,"twohy 's a good yarn-spinner , and ultimately the story compels ",1,positive
7479,( hayek ) throws herself into this dream hispanic role with a teeth-clenching gusto ,1,positive
41670,like mere splashing around ,0,negative
6672,ill-conceived and ,0,negative
19331,is that it 's a brazenly misguided project ,0,negative
31780,shockingly bad and absolutely unnecessary ,0,negative
54457,becomes a testament to faith ,1,positive
2141,a mess as this one ,0,negative
61891,a very capable nailbiter . ,1,positive
61961,this much imagination ,1,positive
45602,"it completely contradicts everything kieslowski 's work aspired to , including the condition of art ",0,negative
52477,that would make this a moving experience for people who have n't read the book ,1,positive
42293,excruciating ,0,negative
26227,savvy director robert j. siegel and his co-writers ,1,positive
23626,'s not a comedic moment in this romantic comedy . ,0,negative
800,whimsical and relevant today ,1,positive
10279,makes for one of the most purely enjoyable and satisfying evenings at the movies i 've had in a while . ,1,positive
8193,`` simone '' is a fun and funky look into an artificial creation in a world that thrives on artificiality . ,1,positive
2990,the most restless young audience deserves the dignity of an action hero motivated by something more than franchise possibilities . ,0,negative
59335,on a positive ( if tragic ) note ,1,positive
21358,"the first tunisian film i have ever seen , and it 's also probably the most good-hearted yet sensual entertainment i 'm likely to see all year ",1,positive
32629,the best actors ,1,positive
65273,the sensational true-crime hell-jaunt purists might like and more experimental in its storytelling ( though no less horrifying for it ) ,1,positive
15152,"with acting , tone and pace very obviously mark him as a video helmer making his feature debut ",1,positive
33186,( stephen ) earnhart 's film is more about the optimism of a group of people who are struggling to give themselves a better lot in life than the ones they currently have . ,1,positive
38823,all works out ,1,positive
46076,"but the performances of pacino , williams , and swank keep the viewer wide-awake all the way through . ",1,positive
55170,the movie generates plot points with a degree of randomness usually achieved only by lottery drawing . ,0,negative
65646,"color and depth , and ",1,positive
37414,want to bolt the theater in the first 10 minutes ,0,negative
56875,to look american angst in the eye and end up laughing ,1,positive
31427,"story to suit the sensibilities of a young american , a decision that plucks `` the four feathers '' ",1,positive
5252,"hard , endearing , caring , warm . ",1,positive
32142,comeback ,1,positive
6636,"unlikable , uninteresting , unfunny , and ",0,negative
53617,the best and most mature comedy ,1,positive
26391,"to interesting cinematic devices ( cool visual backmasking ) , a solid cast , and some wickedly sick and twisted humor ",1,positive
5757,can get past the taboo subject matter ,1,positive
58605,straight-shooting family film ,1,positive
23992,"his art , which is more than he has ever revealed before about the source of his spiritual survival ",1,positive
12428,group articulates a flood of emotion . ,1,positive
3171,so much that he refuses to evaluate his own work ,0,negative
32459,it pretends to investigate ,0,negative
12825,"there 's a plethora of characters in this picture , ",1,positive
25782,"the most memorable moment was when green threw medical equipment at a window ; not because it was particularly funny , but because i had a serious urge to grab the old lady at the end of my aisle 's walker and toss it at the screen in frustration . ",0,negative
25077,resemble the shapeless ,0,negative
9062,i did n't particularly like e.t. the first time i saw it as a young boy ,0,negative
67187,by a plot that 's just too boring and obvious ,0,negative
21391,danis ,1,positive
50579,a weird and wonderful comedy . ,1,positive
49184,comic energy ,1,positive
61408,sluggish pacing ,0,negative
32964,"is clever and funny , ",1,positive
13168,"walked out muttering words like `` horrible '' and `` terrible , '' but had so much fun dissing the film that they did n't mind the ticket cost ",0,negative
3437,hide new secretions ,0,negative
53029,is a bit like getting all excited about a chocolate eclair and then biting into it and finding the filling missing . ,0,negative
46411,any real emotional impact ,0,negative
36195,"serves as a workable primer for the region 's recent history , and would make a terrific 10th-grade learning tool . ",1,positive
11610,"o fantasma is boldly , confidently orchestrated , aesthetically and sexually , and its impact is deeply and rightly disturbing ",1,positive
12144,the superficial tensions of the dynamic he 's dissecting ,0,negative
33643,"is overlong and not well-acted , but credit writer-producer-director ",0,negative
34199,highly entertaining ,1,positive
22306,adams just copies from various sources ,0,negative
20546,", washington has a sure hand . ",1,positive
48220,wo n't like looking at it ,0,negative
11943,"works spectacularly well ... a shiver-inducing , nerve-rattling ride ",1,positive
13221,dramatic enough to sustain interest ,1,positive
10369,somewhat tired ,0,negative
59142,your first instinct is to duck ,0,negative
29609,"a chilly , remote , emotionally distant piece ... so dull that its tagline should be : ` ",0,negative
61205,"has none of the crackle of `` fatal attraction '' , `` 9 1/2 weeks '' , or even `` indecent proposal '' , and feels more like lyne 's stolid remake of `` lolita '' ",0,negative
51081,"a china shop , a provocateur crashing into ideas and special-interest groups as he slaps together his own brand of liberalism ",1,positive
19536,acted and directed ,0,negative
21243,", revolution # 9 proves to be a compelling ",1,positive
15943,that the less charitable might describe as a castrated ,0,negative
2885,that old adage about women being unknowable gets an exhilarating new interpretation in morvern callar . ,1,positive
23801,rare to find a film to which the adjective ` gentle ' applies ,1,positive
53077,"adams , with four scriptwriters , takes care with the characters , who are so believable that you feel what they feel . ",1,positive
11373,intelligent romantic thriller ,1,positive
45194,feel like three hours ,0,negative
8504,really won my heart ,1,positive
39100,a fanciful motion picture ,1,positive
17954,a devastating indictment of unbridled greed and materalism . ,0,negative
13605,dicey screen material ,0,negative
29936,"a timid , soggy near miss . ",0,negative
60121,'s already done way too often ,0,negative
59861,quietly hopeful ,1,positive
42414,"this ready-made midnight movie probably wo n't stand the cold light of day , but under the right conditions , it 's goofy ( if not entirely wholesome ) fun ",1,positive
64094,"though there 's a clarity of purpose and even-handedness to the film 's direction , the drama feels rigged and sluggish . ",0,negative
53598,gives ample opportunity ,1,positive
625,one of its strengths ,1,positive
28348,skit-com material fervently deposited on the big screen . ,0,negative
54798,'s a sit down and ponder affair ,1,positive
9842,a great cast and ,1,positive
47814,like ,1,positive
19489,would pay a considerable ransom not to be looking at ,0,negative
21464,should make it required viewing in university computer science departments for years to come ,1,positive
15119,is definitely worth seeing ,1,positive
19127,with attractive men ,1,positive
40601,maryam is more timely now than ever . ,1,positive
18087,a tremendous piece ,1,positive
24008,"is too heady for children , and too preachy for adults ",0,negative
17501,loses its ability to shock and amaze ,0,negative
5669,thriller junk ,0,negative
65006,mumbo jumbo ,0,negative
61072,"she is a lioness , protecting her cub , and he a reluctant villain , ",1,positive
33852,"does n't contain half the excitement of balto , or quarter the fun of toy story 2 . ",0,negative
35926,contemptuous of the single female population ,0,negative
16822,"a confluence of kiddie entertainment , sophisticated wit and symbolic graphic design . ",1,positive
40346,director charles stone iii applies more detail to the film 's music than to the story line ; what 's best about drumline is its energy ,1,positive
66826,painfully flat ,0,negative
12824,", manipulative ",0,negative
37435,"a standard police-oriented drama that , were it not for de niro 's participation , would have likely wound up a tnt original . ",0,negative
11212,"after one gets the feeling that the typical hollywood disregard for historical truth and realism is at work here , it 's a matter of finding entertainment in the experiences of zishe and the fiery presence of hanussen . ",1,positive
10500,the direction is intelligently accomplished ,1,positive
37082,to hand it to director george clooney for biting off such a big job the first time out ,1,positive
12544,worse than bland ,0,negative
65674,a movie ever could be ,1,positive
62002,"if the film fails to fulfill its own ambitious goals , it nonetheless sustains interest during the long build-up of expository material . ",1,positive
18872,that is more accurate than anything i have seen in an american film ,1,positive
17724,"see a feature that concentrates on people , a project in which the script and characters hold sway ",1,positive
21794,"most anime , whose most ardent fans outside japan seem to be introverted young men with fantasy fetishes ",0,negative
63821,no sense of pride or shame ,0,negative
35431,effortlessly draws you in ,1,positive
59887,summer audience ,1,positive
32680,buoyant feeling ,1,positive
61782,has not a trace of humanity or empathy ,0,negative
9073,"the worst kind of mythologizing , the kind that sacrifices real heroism and abject suffering for melodrama . ",0,negative
23578,remains ,0,negative
17132,", it might be like trying to eat brussels sprouts . ",0,negative
58400,need of some trims ,0,negative
44622,the sweetest thing leaves an awful sour taste . ,0,negative
39502,"pretension about the film , which very simply sets out to entertain and ends up delivering in good measure ",1,positive
49356,"effective enough at achieving the modest , crowd-pleasing goals it sets for itself ",1,positive
12088,a jaw-droppingly beautiful work that upends nearly every cliché of japanese animation while delivering a more than satisfactory amount of carnage . ,1,positive
53471,cry for your money back ,0,negative
49669,gussied up with so many distracting special effects and visual party tricks that it 's not clear whether we 're supposed to shriek or ,0,negative
20850,as i 'm the one that i want ,1,positive
8251,everyone 's ,1,positive
60794,which become strangely impersonal and abstract ,0,negative
62462,"there 's too much forced drama in this wildly uneven movie , about a young man 's battle with his inescapable past and uncertain future in a very shapable but largely unfulfilling present . ",0,negative
63432,an irresistible blend of warmth and humor ,1,positive
9932,'s supposed to be a romantic comedy ,0,negative
902,a summer of good stuff ,1,positive
15444,as the scruffy sands of its titular community ,0,negative
5562,there surrender $ 9 and 93 minutes of unrecoverable life ,0,negative
48806,is one of those rare pictures ,1,positive
7217,are lukewarm and quick to pass . ,0,negative
26389,"wonders , enhancing the cultural and economic subtext , bringing richer meaning to the story 's morals . ",1,positive
35770,"keep you at the edge of your seat with its shape-shifting perils , political intrigue and brushes with calamity ",1,positive
58507,' and ` realistic ' ,1,positive
62866,me grinning ,1,positive
66052,seamless ,1,positive
33153,give blade fans another look at wesley snipes ' iconic hero doing battle with dozens of bad guys -- at once ,1,positive
67147,"nicks refuses to let slackers be seen as just another teen movie , which means he can be forgiven for frequently pandering to fans of the gross-out comedy . ",1,positive
34449,sporting one of the worst titles in recent cinematic history ,0,negative
18550,as beautifully shaped ,1,positive
19869,one terrific score and attitude to spare ,1,positive
35197,violent and ,0,negative
36464,works better in the conception than it does in the execution ... winds up seeming just a little too clever ,0,negative
8197,"with a lousy script , inept direction , pathetic acting , poorly dubbed dialogue and murky cinematography ",0,negative
67305,the action looks fake ,0,negative
24781,"demme gets a lot of flavor and spice into his charade remake , but ",1,positive
13252,skip this turd ,0,negative
44083,no teeth ,0,negative
29934,"even with its $ 50-million us budget , pinocchio never quite achieves the feel of a fanciful motion picture . ",0,negative
20702,"a journey spanning nearly three decades of bittersweet camaraderie and history , in which we feel that we truly know what makes holly and marina tick , and our hearts go out to them as both continue to negotiate their imperfect , love-hate relationship . ",1,positive
50089,"( johnnie to and wai ka fai are ) sure to find an enthusiastic audience among american action-adventure buffs , but the film 's interests may be too narrow to attract crossover viewers . ",0,negative
7876,illogical ,0,negative
5011,what begins as a conventional thriller evolves into a gorgeously atmospheric meditation on life-changing chance encounters . ,1,positive
36118,"a sad , sordid universe ",0,negative
9266,"the horizons of boredom to the point of collapse , turning into a black hole of dullness , from which no interesting concept can escape ",0,negative
64769,"matters because both are just actory concoctions , defined by childlike dimness and a handful of quirks . ",0,negative
25316,comparatively sane and healthy ,1,positive
12691,like having two guys yelling in your face for two hours ,0,negative
40303,brutally dry satire ,0,negative
9375,modest amusements ,1,positive
21549,there was ever a movie where the upbeat ending feels like a copout ,0,negative
31310,energetic and sweetly ,1,positive
6936,"lots of boring talking heads , etc . ",0,negative
42127,a lazy exercise ,0,negative
5875,a class with spike lee 's masterful ,1,positive
65008,seldom hammy ,1,positive
28146,take place indoors in formal settings with motionless characters . ,0,negative
51416,frank capra 's classic ,1,positive
6985,it 's refreshing to see a movie that embraces its old-fashioned themes and in the process comes out looking like something wholly original . ,1,positive
2903,"a pathetic exploitation film that tries to seem sincere , and just seems worse for the effort . ",0,negative
42428,altered ,1,positive
40662,"lisa rinzler 's cinematography may be lovely , but love liza 's tale itself virtually collapses into an inhalant blackout , maintaining consciousness just long enough to achieve callow pretension ",0,negative
67213,"i heard a mysterious voice , and felt myself powerfully drawn toward the light -- the light of the exit sign ",0,negative
45484,"approaches his difficult , endless work with remarkable serenity and discipline ",1,positive
56262,"even if you do n't know the band or the album 's songs by heart , you will enjoy seeing how both evolve , and you will also learn a good deal about the state of the music business in the 21st century ",1,positive
11762,has never been smoother or more confident . ,1,positive
36437,tolerable-to-adults ,0,negative
22952,"mostly , shafer and co-writer gregory hinton lack a strong-minded viewpoint , or a sense of humor . ",0,negative
14521,"this is rote spookiness , with nary an original idea ( or role , or edit , or score , or anything , really ) in sight , and the whole of the proceedings beg the question ` why ? ",0,negative
12456,the disjointed feel of a bunch of strung-together tv episodes . ,0,negative
10925,such a big job ,1,positive
7298,"is the performance of gedeck , who makes martha enormously endearing ",1,positive
22083,that both thrills the eye and ,1,positive
13723,it belongs on the big screen ,1,positive
35811,"ambitious , sometimes beautiful adaptation ",1,positive
3944,rated eee for excitement . ,1,positive
44178,"a bizarre piece of work , with premise and dialogue at the level of kids ' television and plot threads as morose as teen pregnancy , rape and suspected murder ",0,negative
33233,", there is n't much there here . ",0,negative
66776,that disconnects every 10 seconds ,0,negative
41166,a fairly irresistible package ,1,positive
64684,you can fire a torpedo through some of clancy 's holes ,0,negative
25026,unintentional melodrama and tiresome love triangles ,0,negative
20920,that 's what i liked about it -- the real issues tucked between the silly and crude storyline ,1,positive
14514,"the film itself -- as well its delightful cast -- is so breezy , pretty and gifted , it really won my heart ",1,positive
22317,twice as bestial but half as funny ,0,negative
33036,humor ,1,positive
431,feeble comedy . ,0,negative
49039,great marching bands ,1,positive
20458,has no point and goes nowhere ,0,negative
24621,it 's the very definition of epic adventure . ,1,positive
34038,is like seeing a series of perfect black pearls clicking together to form a string . ,1,positive
57841,"bring a heart and reality that buoy the film , and at times , elevate it to a superior crime movie . ",1,positive
61868,the dullest science fiction ,0,negative
58476,humdrum ,0,negative
16094,sometimes hilarious ) ,1,positive
20489,the human race splitting in two ,0,negative
32907,give credit to everyone from robinson down to the key grip ,1,positive
3292,nearly all the fundamentals you take for granted in most films are mishandled here . ,0,negative
18813,perfectly clear ,1,positive
19719,snobbery ,0,negative
18194,"instead of making his own style , director marcus adams just copies from various sources -- good sources , bad mixture ",0,negative
46007,a remarkable and novel ,1,positive
23314,a movie that understands characters must come first ,1,positive
8620,", this quietly lyrical tale probes the ambiguous welcome extended by iran to the afghani refugees who streamed across its borders , desperate for work and food . ",1,positive
14111,incoherence ,0,negative
46495,pulling on heartstrings ,1,positive
64516,seen in that light ,1,positive
19791,natured ,1,positive
30606,wazoo and sets ,0,negative
1097,its one-sidedness ,0,negative
62618,for dance completists only . ,0,negative
48216,septic tank ,0,negative
9169,"a cold , calculated exercise ",0,negative
33850,its oh-so-hollywood rejiggering and its conventional direction to give the film a soul and an unabashed sense of good old-fashioned escapism ,1,positive
18215,"brave , uninhibited performances ",1,positive
51963,intimidated by both her subject matter ,0,negative
29792,"has elements of romance , tragedy and even silent-movie comedy . ",1,positive
58824,'s a drag how nettelbeck sees working women -- or at least this working woman -- for whom she shows little understanding ,0,negative
2349,perfect for the proud warrior that still lingers in the souls of these characters ,1,positive
35683,", does not work . ",0,negative
21476,"the silly spy vs. spy film the sum of all fears , starring ben affleck , seem downright hitchcockian ",1,positive
64705,a strict reality ,1,positive
53650,a fascinating glimpse of urban life and ,1,positive
144,absolutely and completely ridiculous and ,0,negative
44546,looking for astute observations and coming up blank ,0,negative
23188,fling gags at it ,0,negative
55537,"crisp framing , ",1,positive
25826,wears out her welcome in her most charmless performance ,0,negative
41088,"i found it slow , predictable and not very amusing . ",0,negative
48417,that efforts toward closure only open new wounds ,0,negative
20904,the fact that virtually no one is bound to show up at theaters for it ,0,negative
5711,'re left with a sour taste in your mouth ,0,negative
64994,it 's not clear whether we 're supposed to shriek ,0,negative
57179,a great performance and a reminder of dickens ' grandeur ,1,positive
65357,would know what to make of this italian freakshow ,0,negative
42254,his clamorous approach ,0,negative
44893,the worst sin ,0,negative
12950,has a few nice twists in a standard plot and the charisma of hugh grant and sandra bullock . ,1,positive
35153,a wholesome fantasy ,1,positive
58181,essentially ruined -- or ,0,negative
16311,a fun adventure movie ,1,positive
28479,"come away from his film overwhelmed , hopeful and , perhaps paradoxically , illuminated ",1,positive
35669,with passionate enthusiasms like martin scorsese ,1,positive
39468,stand tall ,1,positive
48227,"jagger , stoppard and director michael apted ... deliver a riveting and surprisingly romantic ride . ",1,positive
12653,drown out ,0,negative
37281,"my friend david cross would call it , ` hungry-man portions of bad ' ",0,negative
4639,has no point and ,0,negative
25873,"figures prominently in this movie , and ",1,positive
26242,", you will enjoy seeing how both evolve ",1,positive
3242,strange and beautiful film . ,1,positive
22756,"full of detail about the man and his country , and is well worth seeing . ",1,positive
52906,devastated ,0,negative
66781,both deserve better . ,0,negative
3031,30 seconds of plot ,0,negative
61271,if it pared down its plots and characters to a few rather than dozens ... or if it were subtler ... or if it had a sense of humor ,0,negative
39336,gives the lie to many clichés and showcases a group of dedicated artists ,1,positive
44060,spends a bit too much time ,0,negative
212,"if it is n't entirely persuasive , it does give exposure to some talented performers ",1,positive
60858,of one unstable man ,1,positive
37025,directed the film from the back of a taxicab ,0,negative
25263,a potentially good comic premise and excellent cast are terribly wasted . ,0,negative
45673,clunky on the screen ,0,negative
58960,ill-advised and poorly ,0,negative
8506,as a reverie about memory and regret ,1,positive
64326,"'s hard to figure the depth of these two literary figures , and even the times in which they lived . ",0,negative
63986,"'s affecting , amusing , sad and reflective . ",1,positive
21821,sloppily ,0,negative
49484,"random , superficial humor ",0,negative
15597,dead-end distaste ,0,negative
33568,that it 'll probably be the best and most mature comedy of the 2002 summer season speaks more of the season than the picture ,1,positive
54112,confusing on one level or another ,0,negative
51379,went over my head or -- considering just ,0,negative
63577,an insane comic undertaking ,1,positive
28862,"destroy everything we hold dear about cinema , only now it 's begun to split up so that it can do even more damage ",0,negative
46267,stylistic austerity and forcefulness ,1,positive
43040,"the crackle of lines , the impressive stagings of hardware ",1,positive
63929,"i found the ring moderately absorbing , largely for its elegantly colorful look and sound . ",1,positive
50777,shabby script ,0,negative
28622,already mentioned ,0,negative
16055,clueless and inept ,0,negative
35928,laughs and insight into one of the toughest ages a kid can go through . ,1,positive
52767,intriguing ,1,positive
35686,gives ample opportunity for large-scale action and suspense ,1,positive
54692,... built on the premise that middle-class arkansas consists of monster truck-loving good ol' boys and peroxide blond honeys whose worldly knowledge comes from tv reruns and supermarket tabloids . ,0,negative
54750,limited and so embellished by editing that there 's really not much of a sense of action ,0,negative
7270,"its courage , ideas , technical proficiency and ",1,positive
12590,define a generation ,1,positive
18551,appetizing ,1,positive
19101,"a remarkably cohesive whole , ",1,positive
64947,"'s a fairly impressive debut from the director , charles stone iii ",1,positive
54826,wrong with a comedy where the only belly laughs come from the selection of outtakes tacked onto the end credits ,0,negative
34649,makes the grade as tawdry trash ,0,negative
45471,the level of marginal competence ,0,negative
17291,also captures moments of spontaneous creativity and authentic co-operative interaction ,1,positive
5246,"no solace here , no entertainment value , merely a fierce lesson in where filmmaking can take us ",0,negative
58831,macaroni and cheese ,0,negative
31883,to spoof both black and white stereotypes equally ,1,positive
8972,die-hard french film connoisseurs ,1,positive
23975,too long and bogs down in a surfeit of characters and unnecessary subplots ,0,negative
33917,limp biscuit ,0,negative
53326,that expands into a meditation on the deep deceptions of innocence ,1,positive
13131,"has the air of a surprisingly juvenile lark , a pop-influenced prank whose charms are immediately apparent and wear thin with repetition . ",0,negative
45770,plays like an extended dialogue exercise in retard 101 ,0,negative
10308,terrific ,1,positive
16750,lovably ,1,positive
14154,upstaged by an avalanche of more appealing holiday-season product ,1,positive
57468,bounces ,1,positive
8836,an old-fashioned nature film that educates viewers with words and pictures while entertaining them ,1,positive
33176,they find new routes through a familiar neighborhood ,1,positive
8613,"made to be jaglomized is the cannes film festival , the annual riviera spree of flesh , buzz , blab and money . ",0,negative
36802,extraordinary journalism ,1,positive
701,"liberal doses of dark humor , gorgeous exterior photography , and a stable-full of solid performances ",1,positive
65324,makes it a party worth attending ,1,positive
47932,harry potter and the chamber of secrets finds a way to make j.k. rowling 's marvelous series into a deadly bore . ,0,negative
61530,a 90-minute movie that feels five hours long ,0,negative
20568,( and beautifully edited ) ,1,positive
66539,"the intimate , unguarded moments of folks who live in unusual homes -- which pop up in nearly every corner of the country ",1,positive
28909,goes down easy ,0,negative
13431,"a lighthearted glow , some impudent snickers , and a glorious dose of humankind 's liberating ability ",1,positive
39204,charming ,1,positive
33091,"twenty-three movies into a mostly magnificent directorial career , clint eastwood 's efficiently minimalist style ",1,positive
52578,radiates star-power potential in this remarkable and memorable film ,1,positive
10305,"the biggest is that secret ballot is a comedy , both gentle and biting . ",1,positive
6778,"change watching such a character , ",0,negative
38421,"in anything ever , and easily the most watchable film of the year ",1,positive
14529,signs is just another unoriginal run of the mill sci-fi film with a flimsy ending and lots of hype . ,0,negative
17377,deep or substantial ,1,positive
24492,"'s not enough intelligence , wit or innovation on the screen to attract and sustain an older crowd . ",0,negative
33219,warped logic by writer-director kurt wimmer at the screenplay level ,0,negative
7786,the film itself is small and shriveled ,0,negative
49610,"a predictable , manipulative stinker ",0,negative
5073,an indispensable peek at the art and the agony of making people ,1,positive
65622,"a low , smoky and inviting sizzle ",1,positive
60046,felt emotions can draw people together across the walls that might otherwise separate them ,1,positive
37351,admire ... ,1,positive
44008,nothing overly original ,0,negative
48776,"nicole holofcenter , the insightful writer/director responsible for this illuminating comedy does n't wrap the proceedings up neatly ",1,positive
6675,jolts the laughs ,1,positive
43143,incredible storyline ,1,positive
63346,"a family of five blind , crippled , amish people alive in this situation ",0,negative
49845,has crafted here a worldly-wise and very funny script . ,1,positive
22561,marvelous documentary touches ,1,positive
24270,die for ,1,positive
4157,a chore to sit through -- despite some first-rate performances by its lead ,0,negative
50125,right down the reality drain ,0,negative
55200,collision ,0,negative
21945,"home movie is about the people who live in them , who have carved their own comfortable niche in the world and have been kind enough to share it . ",1,positive
31458,"... a low rate annie featuring some kid who ca n't act , only echoes of jordan , and weirdo actor crispin glover screwing things up old school . ",0,negative
63807,markedly inactive ,0,negative
33777,undistinguished ,0,negative
33533,"to a tragedy which is somehow guessable from the first few minutes , maybe because it echoes the by now intolerable morbidity of so many recent movies ",0,negative
22171,"extended , open-ended poem ",1,positive
63401,unimpeachable ,0,negative
23278,an ambitious ` what if ? ' ,1,positive
222,the horror ,0,negative
59184,"this charming , thought-provoking new york fest ",1,positive
6802,"this is a truly , truly bad movie . ",0,negative
52367,to occasionally break up the live-action scenes with animated sequences ,1,positive
10344,"a horrible , 99-minute ",0,negative
47338,"goldmember has none of the visual wit of the previous pictures , ",0,negative
43594,runs 163 minutes ,0,negative
24216,"of the intelligent , well-made b movie ",1,positive
18844,"as the filmmakers look down on their working-class subjects from their lofty perch , that finally makes sex with strangers , which opens today in the new york metropolitan area , so distasteful ",0,negative
53174,is that it is one that allows him to churn out one mediocre movie after another ,0,negative
42956,overly familiar ,0,negative
7713,a hallucinatory dreamscape that frustrates and captivates ,1,positive
36562,"the half-lit , sometimes creepy intimacy of college dorm rooms , a subtlety that makes the silly , over-the-top coda especially disappointing ",0,negative
38683,to the world trade center tragedy ,0,negative
42970,"nurtures the multi-layers of its characters , ",1,positive
23604,marks a modest if encouraging return to form ,1,positive
10359,crystallize key plot moments into minutely detailed wonders of dreamlike ecstasy ,1,positive
10029,"of those crazy , mixed-up films that does n't know what it wants to be when it grows up ",0,negative
57894,hard to resist his enthusiasm ,1,positive
48501,neil burger here succeeded in ... making the mystery of four decades back the springboard for a more immediate mystery in the present ,1,positive
18002,capture its visual appeal or its atmosphere ,1,positive
20849,choppy and sloppy affair ,0,negative
3601,falls far short ,0,negative
48693,it just zings along with vibrance and warmth . ,1,positive
6199,a comedy ,1,positive
65537,"despite the film 's shortcomings , the stories are quietly moving . ",1,positive
33838,a plodding teen remake that 's so mechanical you can smell the grease on the plot twists . ,0,negative
34583,", doing its namesake proud ",1,positive
40405,"if occasionally flawed , ",0,negative
52591,created a provocative ,1,positive
28051,fairly straightforward ,1,positive
28934,was able to overcome his personal obstacles and become a good man ,1,positive
41834,"an obvious copy of one of the best films ever made , how could it not be ? ",0,negative
39252,third-rate ,0,negative
2891,"not only does the thoroughly formulaic film represent totally exemplify middle-of-the-road mainstream , it also represents glossy hollywood at its laziest . ",0,negative
39572,the soul of a man in pain who gradually comes to recognize it and deal with it ,1,positive
48896,heartwarming yarn ,1,positive
37776,"'s also built on a faulty premise , one it follows into melodrama and silliness . ",0,negative
64649,that interest attal and gainsbourg ,1,positive
7917,that rare animal ,1,positive
33934,"this is the kind of subject matter that could so easily have been fumbled by a lesser filmmaker , but ayres makes the right choices at every turn ",1,positive
20713,gets under our skin and draws us in long ,1,positive
16062,"discovered , indulged in ",1,positive
45910,riveting and surprisingly romantic ,1,positive
18382,the viewer 's patience with slow pacing and ,0,negative
60785,are served with a hack script ,0,negative
54059,"this makes for perfectly acceptable , occasionally very enjoyable children 's entertainment . ",1,positive
19837,in all the right ways ,1,positive
56163,"extends to his supple understanding of the role that brown played in american culture as an athlete , a movie star , and an image of black indomitability ",1,positive
62532,hopkins ,1,positive
9314,"rude , scarily funny , sorrowfully sympathetic to the damage it surveys ",1,positive
48618,did not figure out a coherent game ,0,negative
19244,the most exciting action films ,1,positive
25558,suffice to say its total promise is left slightly unfulfilled . ,0,negative
54560,most appealing movies ,1,positive
6757,orchestrating ,1,positive
49747,mediocre exercise ,0,negative
38824,espn ,1,positive
28043,only one of the best gay love stories ever made ,1,positive
42046,"o fantasma is boldly , confidently orchestrated , aesthetically and sexually , and its impact is deeply and rightly disturbing . ",1,positive
32421,'s nothing wrong with that if the film is well-crafted and this one is ,1,positive
51636,poetry and passion ,1,positive
28607,plays like one of those conversations that comic book guy on `` the simpsons '' has . ,0,negative
66144,is astonishing . ,1,positive
54537,most resonant film since the killer ,1,positive
57049,wonderful tale ,1,positive
41158,peaked ,1,positive
27283,with very little story or character ,0,negative
32351,comfort ,1,positive
47106,", despite several attempts at lengthy dialogue scenes , ",0,negative
27389,an appealing blend ,1,positive
36228,its electronic expression through cyber culture ,1,positive
19132,overwhelming pleasure ,1,positive
65630,great scares and a good surprise ending ,1,positive
41808,gooding is the energetic frontman ,1,positive
20658,it transporting is that it 's also one of the smartest ,1,positive
63407,'s got as potent a topic as ever here ,1,positive
22029,a generic bloodbath that often becomes ,0,negative
43701,a solid formula ,1,positive
53426,spirals downward ,0,negative
5841,"approaches his difficult , endless work with remarkable serenity and discipline . ",1,positive
8420,into heaven ,1,positive
12797,right itself precisely when you think it 's in danger of going wrong ,1,positive
43349,has neither the charisma nor the natural affability that has made tucker a star ,0,negative
21783,in the right direction ,1,positive
29325,has stepped into the mainstream of filmmaking with an assurance worthy of international acclaim ,1,positive
6667,"is even more embracing than monty , if only because it accepts nasty behavior and severe flaws as part of the human condition ",1,positive
53036,burns out ,0,negative
61775,"airless , prepackaged julia roberts wannabe ",0,negative
1856,"upon which to hang broad , mildly fleshed-out characters that seem to have been conjured up only 10 minutes prior to filming ",0,negative
34656,emotionally malleable ,0,negative
22041,funny or ,1,positive
1285,hackneyed and meanspirited ,0,negative
39483,"an hour-and-a-half of inoffensive , unmemorable filler . ",0,negative
45691,to smash its face in ,0,negative
3935,compelling investigation ,1,positive
64096,demented in a good way ,1,positive
48012,an astonishingly witless script ,0,negative
40816,it 's as raw and action-packed an experience as a ringside seat at a tough-man contest . ,1,positive
13577,barker movie ,1,positive
58240,charms ,1,positive
62088,to have you leaving the theater with a smile on your face ,1,positive
37916,"is throwing up his hands in surrender , ",0,negative
47988,a cleverly ,1,positive
20226,a slice of american pie hijinks ,1,positive
14805,"what we have is a character faced with the possibility that her life is meaningless , vapid and devoid of substance , in a movie that is definitely meaningless , vapid and devoid of substance . ",0,negative
37041,"a zippy 96 minutes of mediocre special effects , hoary dialogue , fluxing accents , and -- worst of all -- silly-looking morlocks ",0,negative
46655,"the overall result is an intelligent , realistic portrayal of testing boundaries . ",1,positive
47608,appears not to have been edited at all ,0,negative
8880,this overlong infomercial ,0,negative
24333,"there 's a heavy stench of ` been there , done that ' hanging over the film . ",0,negative
38470,'s hard not to be carried away ,1,positive
49532,killer ,0,negative
24445,... have made the old boy 's characters more quick-witted than any english lit ,1,positive
10080,it is thought-provoking . ,1,positive
27402,thrown-together feel ,0,negative
43653,encompasses many more paths ,1,positive
64930,"'s funny , as the old saying goes , because it 's true . ",1,positive
3660,snl '' has-been ,0,negative
24745,you to enjoy yourselves without feeling conned ,1,positive
33423,chance to revitalize what is and always has been remarkable about clung-to traditions ,1,positive
67153,it weirdly appealing ,1,positive
1165,deemed important enough to make a film in which someone has to be hired to portray richard dawson ,1,positive
25526,a bad imitation ,0,negative
57029,"looked like crap , so crap is what i was expecting . ",0,negative
12079,the best case ,1,positive
31867,sade achieves the near-impossible ,1,positive
16046,but what 's nice is that there 's a casual intelligence that permeates the script . ,1,positive
15199,to rank with its worthy predecessors ,1,positive
15821,makes up for with its heart ,1,positive
15603,of movie that leaves vague impressions and a nasty aftertaste but little clear memory of its operational mechanics ,0,negative
24129,"a burst of color , music , and dance that only the most practiced curmudgeon could fail to crack a smile at ",1,positive
19117,is both a snore and utter tripe . ,0,negative
61832,"an mtv , sugar hysteria , and ",0,negative
46424,` fatal attraction ' for the teeny-bopper set ,0,negative
52497,unbearably lame . ,0,negative
28206,", entertaining and , ultimately , more perceptive moment ",1,positive
48832,what makes it worth the trip to the theater ,1,positive
628,stiff or just plain bad ,0,negative
20865,... most viewers will wish there had been more of the `` queen '' and less of the `` damned . '' ,0,negative
7722,"it 's the type of film about growing up that we do n't see often enough these days : realistic , urgent , and not ",1,positive
31278,petty thievery like this that puts flimsy flicks like this behind bars ,0,negative
3335,the high-buffed gloss and high-octane jolts ,1,positive
42743,compared to his series of spectacular belly flops both on and off the screen ,0,negative
5396,a change in expression ,1,positive
17933,sorvino ,1,positive
39766,is ) looking down at your watch and realizing serving sara is n't even halfway through ,0,negative
55259,with this one too ,1,positive
12371,"blockbusters as patriot games can still turn out a small , personal film with an emotional wallop ",1,positive
24878,scratch a hole in your head ,0,negative
27719,will find it more than capable of rewarding them ,1,positive
30230,too convoluted ,0,negative
64254,have made for better drama ,0,negative
64636,bloodbath ,0,negative
31825,"garcia , who perfectly portrays the desperation of a very insecure man ",1,positive
34556,hopefully inspire action ,1,positive
18769,three sides of his story with a sensitivity and an inquisitiveness reminiscent of truffaut ,1,positive
53961,"you feel good , you feel sad , you feel pissed off , but in the end , you feel alive - which is what they did ",1,positive
34355,made without a glimmer of intelligence or invention ,0,negative
484,deep deceptions ,0,negative
59415,of a good movie ye who enter here ,1,positive
40202,is a temporal inquiry that shoulders its philosophical burden lightly . ,0,negative
4245,michel ,1,positive
51922,clearly a manipulative film ,1,positive
43940,"the acting is amateurish , the cinematography is atrocious , the direction is clumsy , the writing is insipid and the violence is at once luridly graphic and laughably unconvincing ",0,negative
47157,a celebrated wonder ,1,positive
26914,he does display an original talent ,1,positive
52716,what might have been acceptable on the printed page of iles ' book does not translate well to the screen . ,0,negative
30514,austerity and forcefulness ,1,positive
31878,brilliant motion picture ,1,positive
32365,thinking man ,1,positive
8311,"the tuxedo was n't just bad ; it was , as my friend david cross would call it , ` hungry-man portions of bad ' . ",0,negative
10869,scorsese 's mean streets redone by someone who ignored it in favor of old ` juvenile delinquent ' paperbacks with titles like leather warriors and switchblade sexpot ,0,negative
61556,touching and funny ,1,positive
49026,"sounds whiny and defensive , as if his life-altering experiences made him bitter and less mature ",0,negative
30051,like being trapped while some weird relative trots out the video he took of the family vacation to stonehenge ,0,negative
1791,tootsie knockoff . ,0,negative
14420,"is moody , oozing , chilling and heart-warming all at once ... ",1,positive
57538,"suspend your disbelief here and now , or you 'll be shaking your head all the way to the credits . ",0,negative
44531,too much of a plunge ,0,negative
14409,"it 's possible that something hip and transgressive was being attempted here that stubbornly refused to gel , but the result is more puzzling than unsettling . ",0,negative
25312,a jerry bruckheimer flick any day of the week ,1,positive
52416,"amusing , let alone funny ",1,positive
23193,gets way too mushy -- and in a relatively short amount of time . ,0,negative
51218,although this idea is `` new '' ,0,negative
46776,distasteful and ,0,negative
62448,make ` cherish ' a very good ( but not great ) movie . ,1,positive
56230,in ( this ) meandering and pointless french coming-of-age import from writer-director anne-sophie birot ,0,negative
61274,some good material ,1,positive
38126,fails to arrive at any satisfying destination ,0,negative
24263,unholy mess ,0,negative
62321,have been any easier to sit through than this hastily dubbed disaster ,0,negative
45464,jumps around ,0,negative
34191,is almost certainly ,1,positive
37901,admire ,1,positive
53677,trashy teen-sleaze equivalent ,0,negative
47240,"an important movie , ",1,positive
62647,directed with sensitivity and skill ,1,positive
40675,winds up mired in tear-drenched quicksand . ,0,negative
7379,a witty ,1,positive
46469,"louiso lets the movie dawdle in classic disaffected-indie-film mode , and brother hoffman 's script stumbles over a late-inning twist that just does n't make sense ",0,negative
62785,spectacle ,1,positive
55382,more re-creations of all those famous moments ,1,positive
62697,krawczyk deserves a huge amount of the credit for the film 's thoroughly winning tone ,1,positive
3425,rare family movie ,1,positive
29719,"can drive right by it without noticing anything special , save for a few comic turns , intended and otherwise ",0,negative
59878,", amusing and unpredictable ",1,positive
40628,dahmer resorts to standard slasher flick thrills when it should be most in the mind of the killer ,0,negative
56130,eccentrics ,0,negative
10583,of her life with the imagery in her paintings ,1,positive
42130,dazzling pop entertainment ,1,positive
23613,( including a knockout of a closing line ) ,1,positive
21109,punch and depth ,1,positive
10023,"a master of shadow , quietude , and room noise ",1,positive
19983,pays tribute ,1,positive
6633,offers an interesting look at the rapidly changing face of beijing ,1,positive
52299,might be with a large dose of painkillers ,0,negative
12799,"agonizing , catch-22 ",0,negative
52164,"this would-be ` james bond for the extreme generation ' pic is one big , dumb action movie . ",0,negative
61163,fidel castro ,0,negative
35442,literary detective story ,1,positive
1118,charlotte sometimes is a gem . ,1,positive
54372,is as difficult for the audience to take as it ,0,negative
14636,took of the family vacation ,1,positive
21020,the most original ,1,positive
22170,dramatic urgency ,1,positive
66735,in columbia pictures ' perverse idea of an animated holiday movie ,0,negative
38510,most incoherent ,0,negative
32549,"figures prominently in this movie , and helps keep the proceedings as funny for grown-ups as for rugrats ",1,positive
1990,the best script ,1,positive
62237,like this movie ,1,positive
50625,the drama discloses almost nothing . ,0,negative
37002,"eludes madonna and , playing a charmless witch ",1,positive
49806,"those relationships , including that between the son and his wife , and the wife and the father , and between the two brothers , with incredible subtlety and acumen ",1,positive
55002,the sheer beauty of his images ,1,positive
38923,"the filmmakers want nothing else than to show us a good time , ",1,positive
45684,"there is something in full frontal , i guess , about artifice and acting and how it distorts reality for people who make movies and watch them , but like most movie riddles , it works only if you have an interest in the characters you see . ",0,negative
58739,dismember ,0,negative
57072,plain lurid ,0,negative
38538,may well be the year 's best and most unpredictable comedy ,1,positive
42682,to good actors ,1,positive
13959,to feel funny and light ,1,positive
25576,considerable charm ,1,positive
57115,"worth the extra effort to see an artist , still committed to growth in his ninth decade , change while remaining true to his principles ",1,positive
42206,a masterpeice ,1,positive
29965,to bowling you over ,1,positive
48191,", claustrophobic ",0,negative
13619,without you has a bracing truth that 's refreshing after the phoniness of female-bonding pictures like divine secrets of the ya-ya sisterhood . ,1,positive
65662,"does n't flinch from its unsettling prognosis , namely , that the legacy of war is a kind of perpetual pain ",1,positive
66935,clumsily mugging their way through snow dogs ,0,negative
15655,a hilarious place to visit ,1,positive
14009,wryly amusing ,1,positive
44818,encourage ,1,positive
67035,that this film 's cast is uniformly superb ,1,positive
481,quite endearing . ,1,positive
13858,"thrill you , touch you and ",1,positive
6513,the bizarre is credible ,1,positive
1295,"is cruel , misanthropic stuff with only weak claims to surrealism and black comedy . ",0,negative
19436,nothing more than four or five mild chuckles surrounded by 86 minutes of overly-familiar and poorly-constructed comedy . ,0,negative
28697,the dorkier aspects ,0,negative
40434,", save your disgust and your indifference ",0,negative
28977,immensely ambitious ,1,positive
54873,"literary purists may not be pleased , but as far as mainstream matinee-style entertainment goes , it does a bang-up job of pleasing the crowds . ",1,positive
54802,our most flamboyant female comics ,1,positive
48073,at least funny ,1,positive
6481,"fascinating , ludicrous , provocative and vainglorious ",1,positive
19482,of an especially well-executed television movie ,1,positive
48477,this gets us in trouble ,0,negative
42802,use of his particular talents ,1,positive
39633,lethargically paced parable of renewal . ,0,negative
2541,"you could just rent those movies instead , let alone seek out a respectable new one ",0,negative
18285,and engaging film ,1,positive
65508,ghetto ,0,negative
55887,robbed ,0,negative
35827,'ll probably be the best and most mature comedy of the 2002 summer season speaks more of the season than the picture ,1,positive
49091,to accomplish ,1,positive
28576,deceit and murder ,0,negative
27102,its generic villains lack any intrigue ( other than their funny accents ) and the action scenes are poorly delivered . ,0,negative
23261,a pretty good execution ,1,positive
21937,"captures that perverse element of the kafkaesque where identity , overnight , is robbed and replaced with a persecuted `` other . '' ",1,positive
53282,it 's tremendously moving ,1,positive
19013,unholy ,0,negative
45110,"it all was , and started doing nothing but reacting to it - feeling a part of its grand locations , thinking urgently as the protagonists struggled , feeling at the mercy of its inventiveness , gasping at its visual delights ",1,positive
64117,was immensely enjoyable thanks to great performances ,1,positive
15269,it 's an entertaining movie ,1,positive
6340,like a change in ( herzog 's ) personal policy ,1,positive
37093,watching these two actors play ,1,positive
2975,"fascination , and ",1,positive
66003,", boredom never takes hold . ",1,positive
50866,"veers into corny sentimentality , ",0,negative
40467,some nice twists ,1,positive
7340,the rampantly designed equilibrium becomes a concept doofus ,0,negative
33470,drags it ,0,negative
52478,"maintains a surprisingly buoyant tone throughout , ",1,positive
31782,often intense character study ,1,positive
24199,irony ,0,negative
3173,", festival in cannes offers rare insight into the structure of relationships . ",1,positive
66098,"is dark , brooding and slow , ",0,negative
39163,is also a creative urge ,1,positive
15165,wives are worse ,0,negative
44873,with its own solemn insights ,1,positive
53968,", `` far from heaven '' is a masterpiece . ",1,positive
57524,amoral assassin ,0,negative
63295,as obvious as telling a country skunk ,0,negative
6501,"-- a film less about refracting all of world war ii through the specific conditions of one man , and more about that man ",1,positive
60725,clarity ,1,positive
58065,find their own rhythm and protect each other from the script 's bad ideas and awkwardness . ,0,negative
43704,is so poorly paced you could fit all of pootie tang in between its punchlines ,0,negative
842,any insight ,1,positive
2863,this is more appetizing than a side dish of asparagus . ,1,positive
53377,"a wonderful , ghastly film . ",1,positive
16706,hollow tribute ,0,negative
61263,weirdly appealing ,1,positive
25430,assign one bright shining star to roberto benigni 's pinocchio -- ,1,positive
50920,"in addition to gluing you to the edge of your seat , changing lanes is also a film of freshness , imagination and insight . ",1,positive
31504,"no matter how much he runs around and acts like a doofus , accepting a 50-year-old in the role is creepy in a michael jackson sort of way . ",0,negative
13263,"tom tykwer , director of the resonant and sense-spinning run lola run ",1,positive
30760,outside his grasp ,0,negative
36582,"was so endlessly , grotesquely , inventive ",1,positive
22142,could n't help but feel the wasted potential of this slapstick comedy . ,0,negative
15912,ca n't quite conceal that there 's nothing resembling a spine here ,0,negative
4364,to begrudge anyone for receiving whatever consolation ,0,negative
40853,that even tunney ca n't save ,0,negative
54235,outstanding ,1,positive
8557,with the kind of visual flair that shows what great cinema can really do ,1,positive
36038,love to have their kids ,1,positive
32951,nearly three decades of bittersweet camaraderie and history ,1,positive
41977,fun and enjoyable ,1,positive
5314,"the son of the bride 's humor is born out of an engaging storyline , which also is n't embarrassed to make you reach for the tissues . ",1,positive
7842,real narrative logic ,1,positive
22328,"in unexpected ways , touching ",1,positive
64172,an underdone potato ,0,negative
28626,truly edgy ,1,positive
64479,where nothing 's happening ,0,negative
19949,"all about anakin ... and the lustrous polished visuals rich in color and creativity and , of course , special effect ",1,positive
14663,wrong with this increasingly pervasive aspect of gay culture ,0,negative
43706,respects ,1,positive
8815,considerable ,1,positive
16187,will give many ministers and bible-study groups hours of material to discuss . ,1,positive
62037,refreshingly ,1,positive
42666,to perform ,1,positive
13609,a tasty performance ,1,positive
9146,allegiance to chekhov ,1,positive
15521,"a memorable experience that , like many of his works , presents weighty issues ",1,positive
18115,locales ,0,negative
14107,cinematic experience ,1,positive
44318,bad soap opera ,0,negative
66181,enthusiastic ,1,positive
51026,choosing his roles with the precision of the insurance actuary ,1,positive
3452,"holm does his sly , intricate magic , ",1,positive
45811,conjured up more coming-of-age stories ,1,positive
21284,the film is not entirely successful ,0,negative
34124,remotely probing or penetrating . ,0,negative
37557,", and ",1,positive
4129,"hard to dismiss -- moody , thoughtful ",1,positive
20964,sets out to entertain and ends up delivering in good measure ,1,positive
26068,"an often watchable , though goofy and lurid , blast of a costume drama ",1,positive
63542,"there must be an audience that enjoys the friday series , but i would n't be interested in knowing any of them personally . ",0,negative
45094,deserves a place of honor next to nanook ,1,positive
19842,old-fashioned scary movie ,1,positive
5994,"infuses it into a rustic , realistic , and altogether creepy tale of hidden invasion ",1,positive
962,in the process comes out looking like something wholly original ,1,positive
33438,real humor ,1,positive
22215,successful adaptation ,1,positive
62652,"mind , while watching eric rohmer 's tribute to a courageous scottish lady ",1,positive
57362,shimmeringly lovely ,1,positive
49208,the third feels limited by its short running time ,0,negative
48428,a compelling piece that demonstrates just how well children can be trained to live out and carry on their parents ' anguish ,1,positive
9019,someone who obviously knows nothing about crime ,0,negative
45861,interpreting the play as a call for pity and sympathy ,0,negative
39708,an ease ,1,positive
48668,need of a scented bath ,0,negative
49751,", excruciatingly tedious ",0,negative
65066,red dragon '' never cuts corners . ,1,positive
44046,"texan director george ratliff had unlimited access to families and church meetings , ",1,positive
4293,a plot that crawls along at a snail 's pace ,0,negative
18533,"our reality tv obsession , ",0,negative
9558,empathy and pity fogging up the screen ... his secret life enters the land of unintentional melodrama and tiresome love triangles . ,0,negative
52306,"the setting in an attempt to make the film relevant today , without fully understanding what it was that made the story relevant in the first place ",0,negative
54668,your least favorite james bond movie seem as cleverly plotted as the usual suspects ,0,negative
58202,a high-spirited buddy movie about the reunion of berlin ,1,positive
37639,a fresh infusion of creativity ,1,positive
58830,of control on a long patch of black ice ,0,negative
23978,another director ever making his wife look so bad in a major movie ,0,negative
12562,a reprieve ,1,positive
24840,deserved co-winner ,1,positive
5012,story for those intolerant of the more common saccharine genre ,0,negative
19893,too erotic ,0,negative
15277,"the uneven performances by the cast members , who seem bound and determined to duplicate bela lugosi 's now-cliched vampire accent ",0,negative
47597,labute masterfully balances both traditional or modern stories together in a manner that one never overwhelms the other . ,1,positive
58761,"'s hard to care about a film that proposes as epic tragedy the plight of a callow rich boy who is forced to choose between his beautiful , self-satisfied 22-year-old girlfriend and an equally beautiful , self-satisfied 18-year-old mistress ",0,negative
6804,protagonist ,0,negative
27570,"may lack the pungent bite of its title , but it 's an enjoyable trifle nonetheless ",1,positive
836,daring ,1,positive
35048,i might add -- slice of comedic bliss ,1,positive
47531,have captured the chaos of an urban conflagration with such fury ,1,positive
25079,wasted minutes of sandler ,0,negative
13297,stunningly trite ,0,negative
41227,bitter ,0,negative
51692,impossible to claim that it is `` based on a true story '' with a straight face ,0,negative
59377,harrison ford low ,0,negative
61996,bouncy ,1,positive
24786,a documentary that works ,1,positive
64499,a terrifically entertaining specimen of spielbergian ,1,positive
1836,satisfying destination ,1,positive
5855,comes off as a kingdom more mild than wild ,1,positive
62081,such unrelenting dickensian decency that it turned me ,1,positive
64062,'s a compelling and horrifying story ,1,positive
59435,close to real life ,1,positive
49077,"big , dumb action movie ",0,negative
9207,natural sportsmen ,1,positive
54239,the comic touch ,1,positive
45919,"'s just too bad the screenwriters eventually shoot themselves in the feet with cop flick cliches like an oily arms dealer , squad car pile-ups and the requisite screaming captain . ",0,negative
23228,well-thought stunts ,1,positive
19864,lee 's character did n't just go to a bank manager and save everyone the misery ,0,negative
66124,with yet another remarkable yet shockingly little-known perspective ,1,positive
32546,the lengths ,1,positive
45374,will make you wish you were at home watching that movie instead of in the theater watching this one . ,0,negative
15719,a weak and ineffective ghost story without a conclusion or pay off ,0,negative
57302,"constructs a hilarious ode to middle america and middle age with this unlikely odyssey , featuring a pathetic , endearing hero who is all too human . ",1,positive
66701,"sons , loyalty and duty ",1,positive
12840,the barriers finally prove to be too great ,0,negative
63835,for drawing wrenching performances from his actors ( improvised over many months ) and for conveying the way tiny acts of kindness make ordinary life survivable ,1,positive
57341,uplifter . ,1,positive
14448,'s willing to express his convictions ,1,positive
45479,a coming-of-age film that avoids the cartoonish clichés and sneering humor of the genre as it provides a fresh view of an old type -- the uncertain girl on the brink of womanhood . ,1,positive
35951,amusing and ,1,positive
18619,inside information ,1,positive
25550,"'s apparently nothing left to work with , sort of like michael jackson 's nose . ",0,negative
34596,does n't have anything really interesting to say . ,0,negative
53127,fast-paced and ,1,positive
21562,putrid it is not worth the price of the match that should be used to burn every print of the film ,0,negative
15157,resourceful ,1,positive
9928,not particularly scary ,0,negative
46038,eighth-grader ,1,positive
1322,"to convince almost everyone that it was put on the screen , just for them ",1,positive
19004,there are some laughs in this movie ,1,positive
15276,way to entertain or inspire its viewers ,1,positive
17526,takes care ,1,positive
7209,bibbidy-bobbidi-bland . ,0,negative
27292,to the phrase ` fatal script error ,0,negative
11296,can only point the way -- but thank goodness for this signpost . ,1,positive
62562,gets old quickly . ,0,negative
55496,aspired ,1,positive
56124,how good ,1,positive
41718,a clever ,1,positive
57093,is really all about performances ,1,positive
20508,"low-budget , video-shot ",0,negative
18294,", it 's as good as you remember . ",1,positive
52890,"while it may not add up to the sum of its parts , holofcener 's film offers just enough insight to keep it from being simpleminded , and the ensemble cast is engaging enough to keep you from shifting in your chair too often . ",1,positive
26316,this rich and luscious ,1,positive
24311,causes of anti-semitism ever seen on screen . ,0,negative
7158,"it 's light on the chills and heavy on the atmospheric weirdness , ",1,positive
49237,"a stunning film , a one-of-a-kind tour de force ",1,positive
44561,relationship and ,1,positive
33026,he delivers fascinating psychological fare ,1,positive
38974,flops ,0,negative
33911,you to accept it as life and go with its flow ,1,positive
41853,of a love affair ,1,positive
967,"it all unfolds predictably , and the adventures that happen along the way seem repetitive and designed to fill time , providing no real sense of suspense . ",0,negative
47877,pushes its agenda too forcefully ,0,negative
64556,that are so crucial to the genre and another first-rate performance by top-billed star bruce willis ,1,positive
25175,edgy camera work ,1,positive
11647,disingenuous ,0,negative
50379,damned compelling ,1,positive
17964,ideas and wry comic mayhem ,1,positive
8737,great impression ,1,positive
44957,"consistently funny , in an irresistible junior-high way , and ",1,positive
40595,may have many agendas ,1,positive
33935,slopped ` em together here ,0,negative
57744,hooked on the delicious pulpiness of its lurid fiction ,1,positive
40176,does n't even qualify as a spoof of such ,0,negative
31393,the lazy material and the finished product 's unshapely look ,0,negative
2152,big-hearted and ,1,positive
28521,plummets ,0,negative
1219,it 's not very interesting . ,0,negative
29624,by sending the audience straight to hell ,0,negative
7128,terrible as the synergistic impulse that created it ,0,negative
43163,warped logic by writer-director kurt wimmer ,0,negative
62245,rare treat ,1,positive
59283,lackadaisical ,0,negative
39668,gives new meaning to the phrase ` fatal script error . ' ,0,negative
43313,"girlfriends are bad , wives are worse and babies are the kiss of death in this bitter italian comedy . ",0,negative
51505,ponderous and pretentious endeavor ,0,negative
63006,with passion and energy ,1,positive
42799,you 'll want things to work out ,1,positive
28877,"director george hickenlooper has had some success with documentaries , but here his sense of story and his juvenile camera movements smack of a film school undergrad , and his maudlin ending might not have gotten him into film school in the first place ",0,negative
44094,buoyant energy level ,1,positive
28427,accomplishes so much that one viewing ca n't possibly be enough ,1,positive
59999,low-key romantic comedy ,1,positive
56550,are powerful and moving without stooping to base melodrama ,1,positive
20741,"the film 's crisp , unaffected style and air of gentle longing ",1,positive
22781,'s fitting that a movie as artificial and soulless as the country bears owes its genesis to an animatronic display at disneyland . ,0,negative
27647,touches smartly and wistfully ,1,positive
61597,"... stylistically , the movie is a disaster . ",0,negative
51058,that rare movie that works on any number of levels -- as ,1,positive
53292,they fascinate in their recklessness . ,1,positive
7267,", solid storytelling . ",1,positive
5706,the most edgy piece ,1,positive
43122,may not be a straightforward bio ,0,negative
23512,who cares ? ) . ,0,negative
54867,"'s a lovely , eerie film that casts an odd , rapt spell . ",1,positive
754,'s its first sign of trouble ,0,negative
3593,"patience , respect and affection ",1,positive
56778,a film that 's flawed and brilliant in equal measure . ,1,positive
9128,"'s a smartly directed , grown-up film of ideas ",1,positive
18553,is certainly amusing ,1,positive
20332,so lackluster ,0,negative
14791,that trademark grin of his -- ,1,positive
24367,are once again made all too clear in this schlocky horror/action hybrid . ,0,negative
45044,this thing works on no level whatsoever for me . ,0,negative
31743,his secret life enters the land of unintentional melodrama and tiresome love triangles ,0,negative
88,fashioning an engrossing entertainment out ,1,positive
50608,( especially the frank sex scenes ) ensure that the film is never dull ,1,positive
66491,"the movie is n't painfully bad , something to be ` fully experienced ' ",0,negative
23875,is not edward burns ' best film ,0,negative
6623,historical truth and realism ,1,positive
41035,a crisp psychological drama ( and ) ,1,positive
32715,their parents would do well to cram earplugs in their ears and put pillowcases over their heads for 87 minutes . ,0,negative
53825,"the filmmakers ' paws , sad to say , were all over this `` un-bear-able '' project ",0,negative
10280,his excellent cast ,1,positive
17826,has nothing else to watch ,0,negative
47959,fast-moving and cheerfully ,1,positive
8426,"has a lot to do with the casting of juliette binoche as sand , who brings to the role her pale , dark beauty and characteristic warmth . ",1,positive
12090,its heartfelt concern ,1,positive
5567,"solaris is rigid and evasive in ways that soderbergh 's best films , `` erin brockovich , '' `` out of sight '' and `` ocean 's eleven , '' never were . ",1,positive
49246,has the rare capability to soothe and break your heart with a single stroke . ,1,positive
20088,its intelligence and intensity ,1,positive
38741,of the ugly american ,0,negative
12131,rather frightening ,0,negative
59725,a bloated plot ,0,negative
13477,good natured ,1,positive
50563,"a funny ( sometimes hilarious ) comedy with a deft sense of humor about itself , a playful spirit and a game cast ",1,positive
50756,more often than not hits the bullseye ,1,positive
40340,intermezzo strain ,1,positive
43573,"a clumsily manufactured exploitation flick , ",0,negative
50347,not to have been edited at all ,0,negative
14473,this film 's impressive performances and adept direction ,1,positive
52652,it 's a brazenly misguided project ,0,negative
48462,with considerable appeal ,1,positive
39245,unrelated shorts ,0,negative
20254,it was at least funny ,1,positive
26963,"dip into your wallet , swipe 90 minutes of your time , and ",1,positive
30014,frailty '' starts out like a typical bible killer story ,0,negative
30256,"switch to a mix of the shining , the thing , and any naked teenagers horror flick from the 1980s ",0,negative
21345,worth a look as a curiosity ,1,positive
61261,"amounts to being lectured to by tech-geeks , if you 're up for that sort of thing ",0,negative
14875,have ransacked every old world war ii movie for overly familiar material ,0,negative
33908,sends you away a believer again and quite cheered at just that . ,1,positive
47839,been forced by his kids to watch too many barney videos ,0,negative
22271,america 's knee-jerk moral sanctimony ,0,negative
30488,pretentious types ,0,negative
3382,bitter nor sweet ,1,positive
48935,it never comes close to being either funny or scary ,0,negative
62117,an unabashedly romantic picture of a nation whose songs spring directly from the lives of the people ,1,positive
30507,"an eloquent , deeply felt meditation on the nature of compassion ",1,positive
1945,so perfect ,1,positive
21296,"static set ups , not much camera movement ",0,negative
2549,a wild comedy that could only spring from the demented mind of the writer ,1,positive
16657,"humorless , self-conscious art drivel ",0,negative
47938,"... in no way original , or even all that memorable , but as downtown saturday matinee brain candy , it does n't disappoint . ",1,positive
36264,ditched the saccharine sentimentality of bicentennial man ,1,positive
23964,barry 's cold-fish act makes the experience worthwhile ,1,positive
48309,the film rehashes several old themes and is capped with pointless extremes ,0,negative
61055,marveled ,1,positive
65645,has moments of inspired humor ,1,positive
56961,"to seek our tears , our sympathies ",1,positive
19819,paced at a speed that is slow to those of us in middle age ,0,negative
42887,constructs a hilarious ode to middle america and middle age with this unlikely odyssey ,1,positive
45573,most basic ,1,positive
51235,"it was so endlessly , grotesquely , inventive ",1,positive
33509,amusing from time ,1,positive
30842,the earnestness of its execution and skill of its cast ,1,positive
11789,while cherish does n't completely survive its tonal transformation from dark comedy to suspense thriller ,0,negative
21981,"this sad , compulsive life ",0,negative
13804,if i stay positive ,1,positive
44994,"filmmakers david weissman and bill weber benefit enormously from the cockettes ' camera craziness -- not only did they film performances , but they did the same at home ",1,positive
30295,director chris columbus takes a hat-in-hand approach to rowling that stifles creativity and allows the film to drag on for nearly three hours . ,0,negative
10948,'s probably not easy to make such a worthless film ... ,0,negative
36461,a remarkable new trick ,1,positive
50938,forced drama ,0,negative
34375,manages not only ,1,positive
60314,"journalistically dubious , ",0,negative
38982,meaning in relationships or work ,1,positive
14384,happily ,1,positive
38365,this is an elegantly balanced movie -- every member of the ensemble has something fascinating to do -- that does n't reveal even a hint of artifice . ,1,positive
20869,ultimately that 's what makes it worth a recommendation ,1,positive
42114,is still a cinematic touchstone . ,1,positive
33222,this deeply spiritual film taps into the meaning and consolation in afterlife communications . ,1,positive
31330,could feel my eyelids ... getting ... very ... heavy ,0,negative
1928,"a delightful , if minor , pastry ",1,positive
33334,local flavor ,1,positive
62414,please the eye ,1,positive
42921,a poky and pseudo-serious exercise in sham actor workshops and an affected malaise . ,0,negative
51062,"lazy , miserable and smug . ",0,negative
8409,an imitation movie ,0,negative
64595,apparently nobody here bothered to check it twice . ,0,negative
49934,"love a disney pic with as little cleavage as this one has , ",1,positive
39750,an annoying orgy of excess and exploitation that has no point and goes nowhere ,0,negative
30064,opulent ,1,positive
1842,ignoring what the filmmakers clearly believe ,0,negative
52923,a captivating and intimate study about dying and loving ,1,positive
62765,"inconsistent , meandering , and sometimes dry plot ",0,negative
35988,deflated ,0,negative
40773,the el cheapo margaritas ,0,negative
33981,"after several scenes of this tacky nonsense , you 'll be wistful for the testosterone-charged wizardry of jerry bruckheimer productions , especially because half past dead is like the rock on a wal-mart budget . ",0,negative
49155,", the characters have a freshness and modesty that transcends their predicament . ",1,positive
57911,a struggling nobody ,0,negative
34435,does leblanc make one spectacularly ugly-looking broad ,0,negative
38114,welcome step ,1,positive
21870,an unfortunate title ,0,negative
24980,since it does n't take itself so deadly seriously ,1,positive
61426,"numerous , world-renowned filmmakers ",1,positive
8020,"show-stoppingly hilarious , but ",1,positive
36990,the rage and alienation that fuels the self-destructiveness of many young people ,0,negative
36793,"feels like very light errol morris , focusing on eccentricity but failing , ultimately , to make something bigger out of its scrapbook of oddballs ",0,negative
55247,"'s a glorified sitcom , and a long , unfunny one at that . ",0,negative
45220,"enjoyably fast-moving , hard-hitting documentary . ",1,positive
57957,"jarring , new-agey tone ",1,positive
67079,a movie about the power of poetry and passion ,1,positive
5031,often shocking but ultimately worthwhile exploration of motherhood and desperate mothers . ,1,positive
5977,a slam-bang extravaganza ,1,positive
3008,by movies ' end you 'll swear you are wet in some places and feel sand creeping in others ,1,positive
27791,you reach the finale ,1,positive
65875,that made mamet 's `` house of games '' and last fall 's `` heist '' so much fun ,1,positive
7748,dullest tangents ,0,negative
51345,he allows a gawky actor like spall -- who could too easily become comic relief in any other film -- to reveal his impressively delicate range . ,1,positive
14511,is a successful one . ,1,positive
59439,all add up to a satisfying crime drama . ,1,positive
7569,acquire the fast-paced contemporary society ,1,positive
12959,"this story gets sillier , not scarier , as it goes along ... ",0,negative
28737,of visual charm ,1,positive
58227,"messy and frustrating , but very pleasing at its best moments ",1,positive
43550,with the emphasis on self-empowering schmaltz and big-wave surfing that gives pic its title an afterthought ,0,negative
49174,suspenseful cliché ,1,positive
3859,kids-cute sentimentality ,1,positive
48524,supermarket tabloids ,0,negative
34431,boisterous and utterly charming ,1,positive
8501,utterly ridiculous shaggy dog story ,0,negative
39276,does n't add up to much . ,0,negative
8688,"a fluid , no-nonsense authority ",1,positive
253,tedious norwegian offering which somehow snagged an oscar nomination . ,0,negative
14564,"it has a tremendous , offbeat sense of style and humor that suggests he was influenced by some of the filmmakers who have directed him , especially the coen brothers and steven soderbergh ",1,positive
7343,the pay-off is negligible ,0,negative
19334,"this arrogant richard pryor wannabe 's routine is offensive , puerile and unimaginatively foul-mouthed if it was at least funny ",0,negative
41461,a wild comedy ,1,positive
8873,"a fiercely clever and subtle film , capturing the precarious balance between the extravagant confidence of the exiled aristocracy and the cruel earnestness of the victorious revolutionaries . ",1,positive
48349,emotional heart ,1,positive
63053,butterflies that die ,0,negative
28165,essentially awkward version ,0,negative
62591,one can only assume that the jury who bestowed star hoffman 's brother gordy with the waldo salt screenwriting award at 2002 's sundance festival were honoring an attempt to do something different over actually pulling it off ,0,negative
52228,"against farce , thoughtful dialogue elbowed aside by one-liners , and a visual style that incorporates rotoscope animation for no apparent reason except ",0,negative
32448,", sarah 's dedication to finding her husband seems more psychotic than romantic , and nothing in the movie makes a convincing case that one woman 's broken heart outweighs all the loss we witness . ",0,negative
12535,the concept is a hoot . ,1,positive
26142,"béart and berling are both superb , while huppert ... is magnificent . ",1,positive
48956,to pop up in a cinematic year already littered with celluloid garbage ,0,negative
21631,its dying ,0,negative
51926,"been this odd , inexplicable and unpleasant ",0,negative
21528,rollicking dark humor ,1,positive
14969,"fontaine 's direction , especially her agreeably startling use of close-ups and her grace with a moving camera ",1,positive
61336,at how much we care about the story ,1,positive
37254,play like the worst kind of hollywood heart-string plucking . ,0,negative
3136,putters along looking for astute observations and coming up blank ,0,negative
48656,"combines sharp comedy , old-fashioned monster movie atmospherics , and genuine heart to create a film that 's not merely about kicking undead *** , but also about dealing with regret and , ultimately , finding redemption ",1,positive
34180,"has to recite bland police procedural details , fiennes wanders around in an attempt ",0,negative
52634,"is a matter of plumbing arrangements and mind games , of no erotic or sensuous charge . ",0,negative
12189,so much crypt mist in the brain ,0,negative
34412,are jarring and deeply out of place in what could have ,0,negative
50365,"watchable up until the point where the situations and the dialogue spin hopelessly out of control -- that is to say , when carol kane appears on the screen . ",0,negative
53133,"secret ballot is a comedy , both gentle and biting ",1,positive
20624,"a summary of the plot does n't quite do justice to the awfulness of the movie , for that comes through all too painfully in the execution . ",0,negative
128,there 's something poignant about an artist of 90-plus years taking the effort to share his impressions of life and loss and time and art with us . ,1,positive
32765,was a freshman fluke ,0,negative
34940,all the best possible ways ,1,positive
32496,are put to perfect use in the breathtakingly beautiful outer-space documentary space station 3d . ,1,positive
25447,ends up being neither ,0,negative
47088,well-characterized ,1,positive
30243,the stale plot and pornographic way ,0,negative
36285,expects something special but ,0,negative
39048,like a bottom-feeder sequel in the escape from new york series ,0,negative
19826,they were insulted and the audience was put through torture for an hour and a half ,0,negative
4623,"a first-class road movie that proves you can run away from home , but your ego and all your problems go with you ",1,positive
22445,it 's not too fast and not too slow . ,1,positive
18250,a baffling mixed platter of gritty realism and magic realism with a hard-to-swallow premise ,0,negative
14074,achieves its main strategic objective : dramatizing the human cost of the conflict that came to define a generation ,1,positive
34316,faulty ,0,negative
32136,timeless spectacle ,1,positive
41630,would n't want to live waydowntown ,0,negative
57332,rarely have i seen a film so willing to champion the fallibility of the human heart . ,1,positive
60667,the qualities that made the first film so special ,1,positive
23282,a clumsily manufactured exploitation flick ,0,negative
7677,worn-out ,0,negative
7845,muddled and derivative that few will bother thinking it all through ,0,negative
63911,comprehend the chasm of knowledge that 's opened between them ,1,positive
30347,"almost enough chuckles for a three-minute sketch , and ",0,negative
48440,the screenplay falls somewhat short ,0,negative
11348,is to sit through about 90 minutes of a so-called ` comedy ' and not laugh once . ,0,negative
50659,like getting all excited about a chocolate eclair and then biting into it and finding the filling missing ,0,negative
59984,pot ,1,positive
42731,you 'd have to be a most hard-hearted person not to be moved by this drama . ,1,positive
8582,a fully developed story ,1,positive
59683,"spiritless , silly and monotonous ",0,negative
10602,she can act ,1,positive
61683,during sunset ,1,positive
23614,refreshing . ,1,positive
274,elevated by it -- the kind of movie ,1,positive
11754,"filled with low-brow humor , gratuitous violence and a disturbing disregard ",0,negative
12701,that come full circle to end on a positive ( if tragic ) note ,1,positive
63102,stupid americans ,0,negative
44549,", organic character work ",1,positive
57648,old world war ,1,positive
24695,gondry 's direction is adequate ... but what gives human nature its unique feel is kaufman 's script ,1,positive
22527,", but why bother if you 're going to subjugate truth to the tear-jerking demands of soap opera ",0,negative
63573,with their fathers ,1,positive
7029,is strong as always . ,1,positive
17731,a dullard ,0,negative
48081,"a banal , virulently unpleasant excuse ",0,negative
48207,whose engaging manner and flamboyant style made him a truly larger-than-life character ,1,positive
51099,in the translation ... another routine hollywood frightfest in which the slack execution italicizes the absurdity of the premise ,0,negative
21558,can report that it is instead a cheap cliché ,0,negative
17616,he allows nothing to get in the way ,1,positive
43958,"went back to newcastle , the first half of gangster no. 1 drips with style and , at times , blood . ",1,positive
61017,good-time shenanigans ,1,positive
38323,the imagery in this chiaroscuro of madness and light ,1,positive
53569,it certainly wo n't win any awards in the plot department but it sets out with no pretensions and delivers big time . ,1,positive
21035,something hip ,1,positive
11933,a listless sci-fi comedy in which eddie murphy deploys two ,0,negative
42843,surprises ,1,positive
26386,an impenetrable and insufferable ball of pseudo-philosophic twaddle ,0,negative
44177,'s surprisingly bland despite the heavy doses of weird performances and direction . ,0,negative
43719,"if allen , at 66 , has stopped challenging himself ",0,negative
38279,"the film sounds like the stuff of lurid melodrama , but what makes it interesting as a character study is the fact that the story is told from paul 's perspective . ",1,positive
36715,an already obscure demographic ,0,negative
1696,making up for any flaws that come later ,1,positive
63041,is hilarious ,1,positive
59650,mending a child 's pain for his dead mother via communication with an old woman straight out of eudora welty ,0,negative
3507,annoying rather than charming ,0,negative
54151,remarkably accessible and haunting ,1,positive
59083,for the film 's publicists or for people who take as many drugs as the film 's characters ,0,negative
56201,you see this film you 'll know too ,1,positive
11483,with the director taking a hands-off approach when he should have shaped the story to show us why it 's compelling ,0,negative
35602,cage makes an unusual but pleasantly haunting debut behind the camera . ,1,positive
34936,sandler ,1,positive
26070,technical flaws ,0,negative
3310,"the film starts promisingly , but the ending is all too predictable and far too cliched to really work ",0,negative
39438,"clichés , depression and bad alternative music ",0,negative
21994,"burns ' visuals , characters and his punchy dialogue , ",1,positive
67228,too thin ,0,negative
26517,"rewritten , and ",0,negative
37719,"takes you by the face , strokes your cheeks and coos beseechingly at you : ",1,positive
1931,"vulgar , sexist , racist humor ",0,negative
48394,found writer-director mitch davis 's wall of kitsch hard going ,0,negative
8589,"girlfriends are bad , wives are worse and babies are the kiss of death in this bitter italian comedy ",0,negative
38761,"the problem is he has no character , loveable or otherwise . ",0,negative
58623,standoffish to everyone else ,0,negative
34776,is one of the best-sustained ideas i have ever seen on the screen ,1,positive
51010,"bounds along with the rat-a-tat energy of `` his girl friday , '' maintaining a light touch while tackling serious themes ",1,positive
28452,as it is flawed ,0,negative
65731,"a sweet , charming tale ",1,positive
20807,one hears harry shearer is going to make his debut as a film director ,1,positive
35269,musical passion ,1,positive
29280,lady ,1,positive
12640,"like all of egoyan 's work , ararat is fiercely intelligent and uncommonly ambitious . ",1,positive
47930,is frittered away in middle-of-the-road blandness . ,0,negative
27887,"'s immensely ambitious , different than anything that 's been done before and amazingly successful in terms of what it 's trying to do ",1,positive
1000,"suspense , intriguing characters and bizarre bank robberies , ",1,positive
1811,to remember ,1,positive
23479,"uninteresting , unlikeable people ",0,negative
43107,jabs ,0,negative
36237,clear point ,1,positive
18775,"'s a spontaneity to the chateau , a sense of light-heartedness , that makes it attractive throughout . ",1,positive
1182,"what little atmosphere is generated by the shadowy lighting , macabre sets , and endless rain is offset by the sheer ugliness of everything else . ",0,negative
4139,with an eye on preserving a sense of mystery ,1,positive
49266,that never quite goes where you expect and often surprises you with unexpected comedy ,1,positive
27174,", paxton , making his directorial feature debut , does strong , measured work . ",1,positive
66364,"a film that will be best appreciated by those willing to endure its extremely languorous rhythms , waiting for happiness is ultimately thoughtful without having much dramatic impact . ",1,positive
53433,satisfy the boom-bam crowd ,1,positive
12233,feeling a part of its grand locations ,1,positive
34100,achieving some honest insight ,1,positive
49425,surprisingly entertaining ,1,positive
34059,of too many story lines ,0,negative
36823,hugh grant 's act is so consuming that sometimes it 's difficult to tell who the other actors in the movie are . ,1,positive
43279,ai n't art ,0,negative
66163,why not invite some genuine spontaneity into the film by having the evil aliens ' laser guns actually hit something for once ? ,0,negative
46662,"is energized by volletta wallace 's maternal fury , her fearlessness ",1,positive
31475,"skins has a desolate air , but eyre , a native american raised by white parents , manages to infuse the rocky path to sibling reconciliation with flashes of warmth and gentle humor . ",1,positive
56261,angling to see how many times they can work the words `` radical '' or `` suck '' into a sentence ,0,negative
11150,sounds promising ,1,positive
36848,", we need agile performers ",0,negative
63895,it goes off the rails in its final 10 or 15 minutes ,0,negative
48046,so dull ,0,negative
45493,"viewing for its courage , ideas , technical proficiency and great acting ",1,positive
55928,it 's a frankenstein-monster of a film that does n't know what it wants to be . ,0,negative
3181,"'' is one of those crass , contrived sequels that not only fails on its own , but makes you second-guess your affection for the original . ",0,negative
64462,even less surprises ,0,negative
55439,"its dying , ",0,negative
64119,"those who are not acquainted with the author 's work , on the other hand , may fall fast asleep . ",0,negative
48326,"'s not enough substance here to sustain interest for the full 90 minutes , especially with the weak payoff ",0,negative
28574,the most high-concept sci fi adventures ,1,positive
46266,"return to never land is much more p.c. than the original version ( no more racist portraits of indians , for instance ) , but the excitement is missing . ",0,negative
23650,"while it is interesting to witness the conflict from the palestinian side , longley 's film lacks balance ... and fails to put the struggle into meaningful historical context . ",0,negative
43752,deeply affecting film ,1,positive
64011,to recovering from its demented premise ,0,negative
59318,hallelujah for small favors ,1,positive
39537,a sentimental mess ,0,negative
16840,the improperly hammy performance ,0,negative
2059,"tipped this film into the `` a '' range , as is ",1,positive
46406,most enchanting ,1,positive
9172,odd bedfellows ,0,negative
60434,inevitable and ,0,negative
32073,turn it off ,0,negative
26151,great past ,1,positive
13282,"difficult to conceive of anyone who has reached puberty actually finding the characters in slackers or their antics amusing , let alone funny ",0,negative
9105,"has turned out nearly 21/2 hours of unfocused , excruciatingly tedious cinema that , half an hour in , starts making water torture seem appealing ",0,negative
16394,the quirky ,1,positive
58685,which very simply sets out to entertain and ends up delivering in good measure ,1,positive
5345,"at every opportunity to do something clever , the film goes right over the edge and kills every sense of believability ... all you have left ",0,negative
53698,sappy as big daddy ,0,negative
30108,"fresh and raw like a blown-out vein , narc takes a walking-dead , cop-flick subgenre and beats new life into it . ",1,positive
56174,life affirming ,1,positive
5843,its rawness and vitality give it considerable punch . ,1,positive
66204,'re gon na like this movie ,1,positive
8115,"could have been crisper and punchier , but ",0,negative
673,its most immediate and most obvious pleasure ,1,positive
7266,"just another disjointed , fairly predictable psychological thriller . ",0,negative
2212,"ponderous to work as shallow entertainment , not remotely incisive enough to qualify as drama , monsoon ",0,negative
14808,lawrence has only a fleeting grasp of how to develop them ,0,negative
2331,deft ,1,positive
51662,", and intelligent ",1,positive
58505,been much better ,0,negative
52574,reactionary ideas about women and a total lack of empathy ,0,negative
19067,idemoto and kim make a gorgeous pair ... their scenes brim with sexual possibility and emotional danger ,1,positive
56755,"interesting cinematic devices ( cool visual backmasking ) , ",1,positive
34149,intelligent screenplay ,1,positive
55252,ca n't believe anyone would really buy this stuff . ,0,negative
31701,crudity ,0,negative
17756,"all awkward , static , and lifeless rumblings ",0,negative
47394,"humorless , ",0,negative
9696,very well done ,1,positive
16422,ill-considered notion ,0,negative
41922,", clever ",1,positive
16778,as imaginative as one might have hoped ,1,positive
64765,", biting and witty feature ",1,positive
54893,ends up offering nothing more than the latest schwarzenegger or stallone flick ,0,negative
21229,its predictable plot and paper-thin supporting characters ,0,negative
40938,to squeeze a few laughs out of the material ,0,negative
38111,almost no organic intrigue ,0,negative
63643,is a horrible movie -- ,0,negative
30923,", obvious , preposterous , the movie will likely set the cause of woman warriors back decades . ",0,negative
22154,"is on full , irritating display in ( this ) meandering and pointless french coming-of-age import from writer-director anne-sophie birot ",0,negative
2558,storytelling skills ,1,positive
28442,fetishistic violence ,0,negative
25858,"authentically vague , but ultimately purposeless , ",0,negative
40602,proves tiresome ,0,negative
11362,one very funny joke and a few other decent ones ,1,positive
30264,same option to slap her creators because they 're clueless and inept ,0,negative
39002,bucked the odds ,1,positive
51537,"a thriller whose style , structure and rhythms are so integrated with the story , you can not separate them . ",1,positive
8361,"too slow for a younger crowd , too shallow for an older one . ",0,negative
29880,fresh ,1,positive
7725,"be compelling , amusing and unsettling ",1,positive
13151,all the way ,1,positive
18817,'s still not a good movie ,0,negative
51121,"pointed , often incisive satire and unabashed sweetness ",1,positive
18914,a catastrophic collision of tastelessness and gall ,0,negative
50035,"an oddity , to be sure , but one that you might wind up remembering with a degree of affection rather than revulsion ",1,positive
22275,is stiff or just plain bad . ,0,negative
38372,could become a historically significant work as well as a masterfully made one ,1,positive
13019,", there 's a certain robustness to this engaging mix of love and bloodletting . ",1,positive
47913,the innate theatrics that provide its thrills and extreme emotions lose their luster when flattened onscreen . ,0,negative
54416,could be a single iota worse ... a soulless hunk of exploitative garbage ,0,negative
578,a party-hearty teen flick that scalds like acid . ,0,negative
40248,likely to see all year ,1,positive
58436,be utterly entranced by its subject and still show virtually no understanding of it ,0,negative
59554,"it 's an ambitious film , and ",1,positive
6510,bad film ,0,negative
35570,sit through crap like this ,0,negative
17201,to blow it ,0,negative
62378,they poorly rejigger fatal attraction into a high school setting ,0,negative
4735,look at a slice of counterculture that might be best forgotten ,0,negative
29078,is such a blip on the year 's radar screen ,0,negative
12958,it wears you down like a dinner guest showing off his doctorate ,0,negative
871,a 95-minute commercial for nba properties ,0,negative
2909,"fascinating , unnerving examination ",1,positive
20082,"this is a film about the irksome , tiresome nature of complacency that remains utterly satisfied to remain the same throughout . ",0,negative
52881,affirming and ,1,positive
53226,"a graceful , moving tribute to the courage of new york 's finest and a nicely understated expression of the grief shared by the nation at their sacrifice . ",1,positive
10099,achingly human ,1,positive
17133,"on its own , big trouble could be considered a funny little film . ",1,positive
46497,"true to its animatronic roots : ... as stiff , ponderous and charmless as a mechanical apparatus ",0,negative
60270,", whatever your orientation . ",1,positive
43607,one of this year 's very best pictures ,1,positive
51510,glass 's dirgelike score becomes a fang-baring lullaby ,0,negative
18829,"but it will just as likely make you weep , and it will do so in a way that does n't make you feel like a sucker . ",1,positive
49373,astoundingly ,1,positive
67261,ability to pull together easily accessible stories that resonate with profundity ,1,positive
2225,the low-grade cheese standards on which it operates ,0,negative
66433,confront it ,1,positive
24452,there 's plenty to enjoy -- in no small part thanks to lau . ,1,positive
37370,"us to see samira makhmalbaf as a very distinctive sensibility , working to develop her own film language with conspicuous success ",1,positive
54242,climactic setpiece ,1,positive
16273,slight to be called any kind of masterpiece ,0,negative
49539,is nothing redeeming about this movie . ,0,negative
29611,its visual panache ,1,positive
32405,hilarious dialogue ,1,positive
17518,mr. taylor tries to shift the tone to a thriller 's rush ,1,positive
31785,good to see michael caine whipping out the dirty words and punching people in the stomach again ,1,positive
4026,"it does give a taste of the burning man ethos , an appealing blend of counter-cultural idealism and hedonistic creativity . ",1,positive
49540,that is impenetrable and dull ,0,negative
13911,"looks to be going through the motions , beginning with the pale script . ",0,negative
176,a passable date film ,1,positive
49601,this is the stuff that disney movies are made of . ,1,positive
30409,it 's black hawk down with more heart . ,1,positive
63751,pair that with really poor comedic writing ... and you 've got a huge mess . ,0,negative
47831,shining star ,1,positive
20392,"the overall fabric is hypnotic , and ",1,positive
43452,'s an experience in understanding a unique culture that is presented with universal appeal . ,1,positive
52799,could have been right at home as a nifty plot line in steven soderbergh 's traffic fails to arrive at any satisfying destination ,0,negative
18929,eventual cult classic ,1,positive
54520,more entertaining ,1,positive
63959,of good actors ,1,positive
2616,sobering and powerful documentary ,1,positive
35653,has been sacrificed for the sake of spectacle ,0,negative
40092,at times it 's simply baffling ,0,negative
5954,genuine laughs ,1,positive
64049,a lot more dimensional and complex than its sunny disposition ,1,positive
35914,"if you like an extreme action-packed film with a hint of humor , then triple x marks the spot . ",1,positive
62900,an asian landscape painting ,1,positive
61457,a winning comedy that excites the imagination and tickles the funny bone ,1,positive
50169,"time , death ",0,negative
28089,a bland murder-on-campus yawner . ,0,negative
24349,norwegian offering which somehow snagged an oscar nomination ,0,negative
57937,a detailed personal portrait ,1,positive
66518,to overcome my resistance ,1,positive
51615,itself and retreats ,0,negative
8385,somewhat short ,0,negative
36626,makes a better short story ,0,negative
38708,a documentary to make the stones weep -- as shameful as it ,0,negative
3928,clean-cut dahmer ( jeremy renner ) and fiendish acts that no amount of earnest textbook psychologizing can bridge . ,0,negative
20565,"the same way you came -- a few tasty morsels under your belt , ",1,positive
40687,gorgeous locales ,1,positive
19474,a cinematic fluidity and sense ,1,positive
3028,a renowned indian film culture ,1,positive
29180,lyrical and celebratory vision ,1,positive
51296,ineptly directed action sequences and some of the worst dialogue in recent memory . ,0,negative
40064,"the cleverest , most deceptively amusing comedies of the year ",1,positive
19980,a whip-smart sense of narrative bluffs ,1,positive
17317,a fairly enjoyable mixture of longest yard ... and the 1999 guy ritchie caper lock stock and two smoking barrels . ,1,positive
37395,"directed , highly professional film that 's old-fashioned in all the best possible ways ",1,positive
26695,that 's there to scare while we delight in the images ,1,positive
280,"shot in artful , watery tones of blue , green and brown ",1,positive
30738,rich ,1,positive
14966,energizes ,1,positive
8523,more slowly ,0,negative
60687,suggest possibilities which imbue the theme with added depth and resonance ,1,positive
27627,look american angst in the eye and end up laughing ,1,positive
23005,charismatic ,1,positive
65896,so much fun ,1,positive
17212,"the film boasts at least a few good ideas and features some decent performances , but the result is disappointing ",0,negative
50791,personal tragedy and also the human comedy ,1,positive
51401,"a charming , banter-filled comedy ... one of those airy cinematic bon bons whose aims -- and by extension , accomplishments -- seem deceptively slight on the surface ",1,positive
23213,a fascinating glimpse into an insular world that gives the lie to many clichés and showcases a group of dedicated artists . ,1,positive
53808,think they ,0,negative
884,"lags badly in the middle and lurches between not-very-funny comedy , unconvincing dramatics and some last-minute action strongly reminiscent of run lola run ",0,negative
59626,"the script assumes that not only would subtlety be lost on the target audience , but that it 's also too stupid to realize that they 've already seen this exact same movie a hundred times ",0,negative
63579,one-sided documentary offers simplistic explanations to a very complex situation . ,0,negative
62723,rough ,0,negative
9367,"great , has solid acting and a neat premise ",1,positive
43086,the milieu is wholly unconvincing ... and the histrionics reach a truly annoying pitch . ,0,negative
16164,responsible ,1,positive
30767,timeless and ,1,positive
3559,be glued to the screen ,1,positive
11056,it is scott 's convincing portrayal of roger the sad cad that really gives the film its oomph . ,1,positive
27421,gentle and humane ,1,positive
38858,", transforms that reality into a lyrical and celebratory vision ",1,positive
47182,new favorite musical ,1,positive
27797,"this picture is murder by numbers , and as easy to be bored by as your abc 's , despite a few whopping shootouts . ",0,negative
39022,eerily accurate depiction of depression . ,0,negative
39757,good deal ,1,positive
16969,95-minute commercial ,0,negative
39590,report card : does n't live up to the exalted tagline - ,0,negative
7401,in clichés and mawkish dialogue ,0,negative
61658,the film is essentially juiceless . ,0,negative
46044,"dull , dumb and derivative horror ",0,negative
19277,authentic account ,1,positive
11912,"too much of the movie feels contrived , as if the filmmakers were worried the story would n't work without all those gimmicks . ",0,negative
62725,single-minded as john carpenter 's original ,0,negative
10595,"important , original talent ",1,positive
58546,a rumor of angels does n't just slip -- it avalanches into forced fuzziness . ,0,negative
30503,"it 's good , hard-edged stuff , violent and a bit exploitative but also nicely done , morally alert and street-smart . ",1,positive
9100,cool visual backmasking ) ,1,positive
23942,"deep-seated , emotional ",1,positive
20664,is well told ,1,positive
66819,some real vitality and ,1,positive
27834,"is genial but never inspired , and little about it will stay with you ",0,negative
25062,of ( woo 's ) best work ,1,positive
25240,an exceptionally good idea ,1,positive
46236,does n't ignore the more problematic aspects of brown 's life . ,1,positive
14943,"solondz may be convinced that he has something significant to say , but ",0,negative
10901,endless assault ,0,negative
61085,is a movie so insecure about its capacity to excite that it churns up not one but two flagrantly fake thunderstorms to underscore the action . ,0,negative
53875,yiddish stage ,1,positive
54952,dirty ,0,negative
14982,a zinger-filled crowd-pleaser that open-minded elvis fans ,1,positive
14851,from its nauseating spinning credits sequence to a very talented but underutilized supporting cast ,0,negative
1824,"moving , and adventurous ",1,positive
3288,skip this dreck ,0,negative
49896,"hoffman waits too long to turn his movie in an unexpected direction , and even then his tone retains a genteel , prep-school quality that feels dusty and leatherbound ",0,negative
19175,downhill as soon as macho action conventions assert themselves ,0,negative
14592,a great movie ,1,positive
33732,is a film -- full of life and small delights -- that has all the wiggling energy of young kitten . ,1,positive
32416,loss and loneliness ,0,negative
1309,"a canny crowd pleaser , ",1,positive
30188,about the life ,1,positive
25990,the wayward wooden one end it all by stuffing himself into an electric pencil sharpener ,0,negative
57410,part of that delicate canon ,1,positive
1792,need movies like tim mccann 's revolution no. 9 . ,1,positive
56191,very handsomely produced ,1,positive
50327,plain dumb ,0,negative
44093,"think of it as gidget , only with muscles and a lot more smarts , but just as endearing and easy to watch ",1,positive
17089,not only is it hokey ,0,negative
8073,blessed with a searing lead performance ,1,positive
51056,", colin hanks is in bad need of major acting lessons and maybe a little coffee . ",0,negative
66540,certainly wo n't be remembered as one of ( witherspoon 's ) better films . ,0,negative
6515,none of the charm and little ,0,negative
31242,is as predictable as the tides . ,0,negative
63721,over-blown ,0,negative
2359,an excuse to get to the closing bout ... by which time it 's impossible to care who wins ,0,negative
17090,biggest disappointments ,0,negative
29885,"i just saw this movie ... well , it 's probably not accurate to call it a movie . ",0,negative
30877,a bit cold and relatively flavorless ,0,negative
48730,elegant ,1,positive
28414,that turns me into that annoying specimen of humanity that i usually dread encountering the most - the fanboy ,0,negative
39960,full of holes that will be obvious even to those who are n't looking for them ,0,negative
40237,"an undeniably gorgeous , terminally ",1,positive
7134,self-consciously flashy camera effects ,0,negative
13458,"that hitchens ' obsession with kissinger is , at bottom , a sophisticated flower child 's desire to purge the world of the tooth and claw of human power ",1,positive
58345,is not worth ,0,negative
45860,the adventures of direct-to-video nash ,0,negative
11744,into a few evocative images and striking character traits ,1,positive
25723,memorable cinematic experience ,1,positive
64668,a liability ,0,negative
41923,"a unique , well-crafted psychological study of grief ",1,positive
31198,created a monster but did n't know how to handle it ,0,negative
43689,"jolt you out of your seat a couple of times , give you a few laughs , ",1,positive
57376,", it can seem tiresomely simpleminded . ",0,negative
36878,"feels more like an extended , open-ended poem than a traditionally structured story ",1,positive
66237,stereotypical familial quandaries ,0,negative
62504,in terms of execution this movie is careless and unfocused . ,0,negative
57110,freshman fluke ,0,negative
57222,always the prettiest pictures that tell the best story ,1,positive
45042,is a big letdown . ,0,negative
24823,but it 's hard to imagine a more generic effort in the genre . ,0,negative
33363,a rollicking adventure ,1,positive
46879,little wit ,0,negative
50449,"often messy and frustrating , but very pleasing at its best moments , it 's very much like life itself . ",1,positive
54824,"irksome , tiresome nature ",0,negative
60377,every frame of this stylish film that is able to visualize schizophrenia but is still confident enough to step back and look at the sick character with a sane eye ,1,positive
37332,sure to make a clear point -- even if it seeks to rely on an ambiguous presentation ,1,positive
65871,brilliant surfing photography ,1,positive
62818,"a somewhat backhanded compliment to say that the film makes the viewer feel like the movie 's various victimized audience members after a while , but it also happens to be the movie 's most admirable quality ",1,positive
21027,social injustice ,0,negative
6424,one of the most important and exhilarating forms of animated filmmaking since old walt doodled steamboat willie . ,1,positive
56072,two towers outdoes its spectacle . ,1,positive
30878,while something of bubba ho-tep 's clearly evident quality may end up languishing on a shelf somewhere ,0,negative
1034,"a larger-than-life figure , ",1,positive
27942,effortlessly ,1,positive
12462,'s simply unbearable ,0,negative
51627,'s part of what makes dover kosashvili 's outstanding feature debut so potent ,1,positive
31597,equals the sum of its pretensions ,0,negative
39652,looking for a story ,0,negative
59013,with but they 're simply not funny performers ,0,negative
28596,who normally could n't care less ,0,negative
10562,with a tawdry b-movie scum ,0,negative
63733,an ungainly movie ,0,negative
5779,a fascinating case study of flower-power liberation -- and ,1,positive
5086,cope with the mysterious and brutal nature of adults ,1,positive
39881,a choppy ending ,0,negative
57291,careless ,0,negative
45458,interesting ,1,positive
2527,"sexy , funny and touching . ",1,positive
14038,a clichéd and shallow cautionary tale about the hard-partying lives of gay men . ,0,negative
33277,of advocacy cinema that carries you along in a torrent of emotion as it explores the awful complications of one terrifying day ,1,positive
15755,is quite possibly the sturdiest example yet of why the dv revolution has cheapened the artistry of making a film . ,0,negative
2731,a lifetime ,1,positive
3050,does seem pretty unbelievable at times ,0,negative
57925,perfect as his outstanding performance as bond in die ,1,positive
45757,last 15 years ,1,positive
17324,substitute plot for personality ,0,negative
41390,the richness of characterization that makes his films so memorable ,1,positive
55978,you have the patience for it ,0,negative
2530,is so engagingly ,1,positive
55448,bracingly truthful ,1,positive
58304,"it 's a loathsome movie , it really is and it makes absolutely no sense . ",0,negative
51437,concrete story ,1,positive
53297,"her own screenplay , jumps to the head of the class of women 's films that manage to avoid the ghetto of sentimental chick-flicks by treating female follies with a satirical style ",1,positive
5732,an entertainment so in love with its overinflated mythology that it no longer recognizes the needs of moviegoers for real characters and compelling plots . ,0,negative
28910,"otherwise appalling , and ",0,negative
52728,most touching movie ,1,positive
55701,will be pleased to discover that tian 's meticulous talent has not withered during his enforced hiatus ,1,positive
8993,successfully recreates both the physical setting and emotional tensions of the papin sisters ,1,positive
35624,"staged violence overshadows everything , including most of the actors ",0,negative
48424,its effectiveness ,1,positive
25455,releasing a film with the word ` dog ' in its title in january lends itself to easy jokes and insults ,0,negative
35210,"a cellophane-pop remake of the punk classic ladies and gentlemen , the fabulous stains ... crossroads is never much worse than bland or better than inconsequential . ",0,negative
45993,taken one of the world 's most fascinating stories and ,1,positive
31228,posing as a real movie ,0,negative
42619,city by the sea is a gritty police thriller with all the dysfunctional family dynamics one could wish for . ,1,positive
58896,"a headline-fresh thriller set among orthodox jews on the west bank , joseph cedar 's time of favor manages not only to find a compelling dramatic means of addressing a complex situation ",1,positive
19711,"this overlong infomercial , due out on video before month 's end ",0,negative
7454,"macdowell ... gives give a solid , anguished performance that eclipses nearly everything else she 's ever done . ",1,positive
57031,skeeved ,0,negative
38503,"strikes a defiantly retro chord , and outpaces its contemporaries with daring and verve . ",1,positive
30220,-- like a rather unbelievable love interest and a meandering ending -- ,0,negative
12862,it one of the year 's most enjoyable releases ,1,positive
53004,with witty dialogue and inventive moments ,1,positive
46663,"is a remake by the numbers , linking a halfwit plot to a series of standup routines in which wilson and murphy show how funny they could have been in a more ambitious movie ",0,negative
29065,which also seems to play on a 10-year delay ,0,negative
9809,"frantic than involving , more chaotic than entertaining ",0,negative
47765,his is an interesting character ,1,positive
14606,excuse to get to the closing bout ... by which time it 's impossible to care who wins ,0,negative
33221,"to finish , like a wet burlap sack of gloom ",0,negative
6016,"bundling the flowers of perversity , comedy and romance into a strangely tempting bouquet of a movie ",1,positive
54685,"it 's not a bad premise , just a bad movie . ",0,negative
8874,bogdanovich puts history in perspective ,1,positive
31289,may pick up new admirers ,1,positive
7107,", an archetypal desire to enjoy good trash every now and then . ",0,negative
21907,cheap junk and an insult to their death-defying efforts ,0,negative
48274,is nothing but a convenient conveyor belt of brooding personalities that parade about as if they were coming back from stock character camp -- a drowsy drama infatuated by its own pretentious self-examination . ,0,negative
61924,captivating and intimate study ,1,positive
59026,start reading your scripts before signing that dotted line ,0,negative
52676,the name of high art ,1,positive
21212,budding amours ,1,positive
6204,all by stuffing himself into an electric pencil sharpener ,0,negative
33192,a great piece to watch with kids and use to introduce video as art ,1,positive
2436,the filmmakers found this a remarkable and novel concept ,1,positive
29914,strangely draws the audience into the unexplainable pain and eccentricities that are attached to the concept of loss ,1,positive
3882,this is n't a stand up and cheer flick ; it 's a sit down and ponder affair ,1,positive
55502,frothy ` date movie ,1,positive
54180,sharp as a samurai sword ,1,positive
30305,"that brown played in american culture as an athlete , a movie star , and an image of black indomitability ",1,positive
48063,is more fascinating -- being real -- than anything seen on jerry springer . ,1,positive
5428,"the film never gets over its own investment in conventional arrangements , in terms of love , age , gender , race , and class . ",0,negative
33350,"she is a lioness , protecting her cub , and he a reluctant villain ",1,positive
51826,the modern remake of dumas 's story is long on narrative and ( too ) short on action . ,0,negative
62542,subtlest works ,1,positive
65701,"the overcooked , ham-fisted direction ",0,negative
32086,dimness ,0,negative
31441,a powerful sequel and one of the best films of the year ,1,positive
43384,that van wilder does little that is actually funny with the material ,0,negative
54215,easily the most thoughtful fictional examination ,1,positive
51061,is a welcome and heartwarming addition to the romantic comedy genre . ,1,positive
57109,oddly whimsical ,1,positive
59791,with loosely connected characters and plots that never quite gel ,0,negative
441,"often lingers just as long on the irrelevant as on the engaging , which gradually turns what time is it there ? ",0,negative
35856,like a skillful fisher ,1,positive
5058,"not quite as miraculous as its dreamworks makers would have you believe , but it more than adequately fills the eyes and stirs the emotions . ",1,positive
59325,overlong documentary about ` the lifestyle . ,0,negative
10253,in place for a great film noir ,1,positive
58191,achingly enthralling premise ,1,positive
5488,with universal appeal ,1,positive
48533,"unlikely to inspire anything more than a visit to mcdonald 's , let alone some savvy street activism ",0,negative
40829,an action/thriller ,1,positive
66233,"not easily and , in the end , not well enough ",0,negative
54636,predisposed to the movie 's rude and crude humor ,0,negative
14128,"let crocodile hunter steve irwin do what he does best , ",1,positive
24249,a lot richer than the ones ,1,positive
44150,"the actors improvise and scream their way around this movie directionless , lacking any of the rollicking dark humor so necessary to make this kind of idea work on screen . ",0,negative
40672,well-balanced ,1,positive
37543,are made for each other . ,1,positive
22088,powerful ,1,positive
37189,badly cobbled look ,0,negative
63410,that it does afford ,1,positive
39286,badly made on every level ,0,negative
1290,"violent , vulgar and forgettably entertaining . ",0,negative
56140,"cradles its characters , veiling tension beneath otherwise tender movements ",1,positive
35679,a tear-stained vintage shirley temple script ,1,positive
6196,is intelligently accomplished ,1,positive
10648,broken with her friends image in an independent film of satiric fire and emotional turmoil ,1,positive
23887,damage ,0,negative
62425,soderbergh is n't afraid to try any genre and to do it his own way . ,1,positive
12139,while demonstrating vividly that the beauty and power of the opera reside primarily in the music itself ,1,positive
17306,just a bunch of good actors flailing around in a caper that 's neither original nor terribly funny . ,0,negative
36549,gentle but insistent sincerity ,1,positive
12319,an appalling ` ace ventura ' rip-off ,0,negative
30335,how ,1,positive
7201,disconnects ,0,negative
9830,", and irritating ",0,negative
54454,"of the joyous , turbulent self-discovery ",1,positive
457,felt performances across the board . ,1,positive
60026,despite iwai 's vaunted empathy ,0,negative
18468,that `` gangs '' is never lethargic ,1,positive
59373,"despite lagging near the finish line , the movie runs a good race , one that will have you at the edge of your seat for long stretches . ' ",1,positive
22111,"is a shame that more wo n't get an opportunity to embrace small , sweet ` evelyn ",1,positive
58598,want to see it twice ,1,positive
12566,holds as many good ideas as bad is the cold comfort that chin 's film serves up with style and empathy . ,1,positive
28566,"covers this territory with wit and originality , ",1,positive
39548,ultimate point -- that everyone should be themselves -- ,1,positive
47594,erratic career ,0,negative
1685,enriched ,1,positive
63081,predictably conventional ,0,negative
28456,"fans will undoubtedly enjoy it , and ",1,positive
54216,cinematic touchstone ,1,positive
19663,lack-of-attention ,0,negative
55975,the immersive powers of the giant screen and its hyper-realistic images are put to perfect use in the breathtakingly beautiful outer-space documentary space station 3d . ,1,positive
15476,a decomposition of healthy eccentric inspiration and ambition ,0,negative
9731,bold biographical fantasia ,1,positive
20974,"a smartly directed , grown-up film of ideas ",1,positive
48452,its sweeping battle scenes ,1,positive
64843,inconsequential ,0,negative
8617,wears out ,0,negative
39414,remarkable yet shockingly ,1,positive
35112,"the art direction and costumes are gorgeous and finely detailed , and ",1,positive
51763,of critical jim two-dimensional and pointless ,0,negative
58572,that seems tailor ,1,positive
33338,"the plot has a number of holes , and ",0,negative
62876,"simple , sweet and romantic ",1,positive
18641,it 's a masterpiece . ,1,positive
66766,"the era of the intelligent , well-made b movie is long gone ",0,negative
39334,teens are looking for something to make them laugh ,1,positive
40447,big-fisted ,1,positive
20847,a more graceful way of portraying the devastation of this disease ,1,positive
59740,"fails to give his audience a single character worth rooting for ( or worth rooting against , for that matter ) ",0,negative
7761,be a different kind of film ,1,positive
24528,"the metaphors are provocative , but too often , the viewer is left puzzled by the mechanics of the delivery ",0,negative
12593,", fireballs and revenge ",0,negative
7858,achieves ultimate insignificance ,0,negative
1916,negativity ,0,negative
32295,first-time director denzel washington and a top-notch cast manage to keep things interesting . ,1,positive
16431,has some of the funniest jokes of any movie ,1,positive
5491,it 's an entertaining and informative documentary . ,1,positive
43425,are for children and dog lovers ,1,positive
29791,"dull , inconsistent , dishonest female bonding ",0,negative
40210,"got some good , organic character work , lots of obvious political insights and little room for engaging , imaginative filmmaking in its nearly 2 1/2 - hour , dissipated length . ",1,positive
7475,and witty feature ,1,positive
57629,is equally hackneyed ,0,negative
25139,"inventive , consistently intelligent ",1,positive
43698,it 's dark but has wonderfully funny moments ; ,1,positive
60306,can not guess why the cast and crew did n't sign a pact to burn the negative and the script and pretend the whole thing never existed . ,0,negative
20902,big selling point ,1,positive
60953,as well-written as sexy beast ,1,positive
63494,", you 're in luck . ",1,positive
22178,a less-than-thrilling thriller . ,0,negative
28336,can tell almost immediately that welcome to collinwood is n't going to jell . ,0,negative
49631,"an uncomfortable movie , suffocating and sometimes almost senseless , the grey zone ",0,negative
30244,"handles the nuclear crisis sequences evenly but milks drama when she should be building suspense , and drags out too many scenes toward the end that should move quickly ",0,negative
63269,nothing but boilerplate clichés ,0,negative
1330,two guys yelling in your face for two hours ,0,negative
41624,is more likely to induce sleep than fright . ,0,negative
110,"it 's too harsh to work as a piece of storytelling , ",0,negative
63713,is competent ,1,positive
21333,a handful ,1,positive
38564,as much fun ,1,positive
43297,shining ,1,positive
47665,devoid of pleasure or sensuality ,0,negative
41558,like the similarly ill-timed antitrust ,0,negative
60014,family film to take everyone to since there 's no new `` a christmas carol '' out in the theaters this year ,1,positive
58280,"as a vehicle to savor binoche 's skill , the film is well worthwhile . ",1,positive
34079,", my big fat greek wedding is a non-stop funny feast of warmth , color and cringe . ",1,positive
12107,"an ill-conceived jumble that 's not scary , not smart and not engaging . ",0,negative
6433,a gift to anyone who loves both dance and cinema ,1,positive
15189,'s almost worth seeing because it 's so bad ,0,negative
38891,jackson and co have brought back the value and respect for the term epic cinema . ,1,positive
42629,sullivan and his son ,1,positive
66294,shows all the signs of rich detail condensed into a few evocative images and striking character traits . ,1,positive
1901,of a poetic ,1,positive
55158,i feel better already . ,1,positive
26609,"seeing things from new sides , plunging deeper , getting more intense ",1,positive
47426,"enjoyable , if occasionally flawed , ",1,positive
27059,the movie is hindered by a central plot that 's peppered with false starts and populated by characters who are nearly impossible to care about . ,0,negative
48352,"genial is the conceit , ",0,negative
41278,chimes in on the grieving process and strangely draws the audience into the unexplainable pain and eccentricities that are attached to the concept of loss . ,1,positive
24933,garde ,0,negative
32340,goofiest ,1,positive
51620,a mishmash ,0,negative
55948,durable ,1,positive
14044,"painful to watch witherspoon 's talents wasting away inside unnecessary films like legally blonde and sweet home abomination , i mean , alabama ",0,negative
62381,seems so real ,1,positive
59824,itself could be played out in any working class community in the nation . ,1,positive
61473,`` red dragon '' is entertaining . ,1,positive
43135,'ll trudge out of the theater feeling as though you rode the zipper after eating a corn dog and an extra-large cotton candy ,1,positive
8465,preachy and ,0,negative
30282,lots of cool stuff packed into espn 's ultimate x. ,1,positive
50382,roman polanski directs the pianist like a surgeon mends a broken heart ; very meticulously but without any passion . ,0,negative
54267,upon layer of action man cliché atop wooden dialogue and a shifting tone that falls far short of the peculiarly moral amorality of ( woo 's ) best work ,0,negative
16814,almost every possible way -- from the writing and direction to the soggy performances -- ,0,negative
63166,"indeed almost never , is such high-wattage brainpower coupled with pitch-perfect acting and an exquisite , unfakable sense of cinema . ",1,positive
51519,i could feel my eyelids ... getting ... very ... heavy ... ,0,negative
39407,"in its understanding , often funny way ",1,positive
16028,", at times sublime , ",1,positive
27189,cinematography to the outstanding soundtrack and unconventional narrative ,1,positive
67141,most offensive action ,0,negative
55662,"beyond the cleverness , the weirdness and the pristine camerawork , one hour photo is a sobering meditation on why we take pictures . ",1,positive
24627,made me want to pack raw dough in my ears ,0,negative
51841,its initial promise ,1,positive
8607,"be captivated , as i was , by its moods , and by its subtly transformed star , and ",1,positive
59685,main asset ,1,positive
47526,insightful moments ,1,positive
52704,is a feast for the eyes ,1,positive
25794,massive cardiac arrest ,0,negative
54763,beyond mild disturbance or detached pleasure at the acting ,0,negative
64120,authenticate her british persona ,1,positive
67000,starts off promisingly but then proceeds to flop ,0,negative
40704,clearly well-intentioned ,1,positive
630,jolts the laughs from the audience -- ,1,positive
51041,"skin of man gets a few cheap shocks from its kids-in-peril theatrics , but ",0,negative
12184,horrible ,0,negative
5134,"from both a great and a terrible story , mr. nelson has made a film that is an undeniably worthy and devastating experience . ",1,positive
61385,their lack of chemistry ,0,negative
59715,leave the theater with a lower i.q. than when i had entered ,0,negative
54531,feel a nagging sense of deja vu ,1,positive
59060,the awful complications ,0,negative
59951,wimps out by going for that pg-13 rating ,0,negative
26077,irresistible blend ,1,positive
47142,our dismay ,0,negative
19634,'ll have a good time with this one too ,1,positive
32144,resurrecting performers who rarely work in movies now ... and drawing flavorful performances from bland actors ,1,positive
58456,that would have been funnier if the director had released the outtakes theatrically and used the film as a bonus feature on the dvd ,0,negative
55338,a sleek advert for youthful anomie that never quite equals the sum of its pretensions . ,0,negative
59921,depressingly ,0,negative
58392,"as it stands , crocodile hunter has the hurried , badly cobbled look of the 1959 godzilla , which combined scenes of a japanese monster flick with canned shots of raymond burr commenting on the monster 's path of destruction . ",0,negative
41899,go-for-broke acting that heralds something special ,1,positive
56668,the enigmatic mika and anna mouglalis ,1,positive
39318,'s also not very good ,0,negative
8006,"about as enjoyable , i would imagine , as searching for a quarter in a giant pile of elephant feces ... positively dreadful . ",0,negative
44474,seems inconceivable ,0,negative
14951,"blade ii is still top-heavy with blazing guns , cheatfully filmed martial arts , disintegrating bloodsucker computer effects and jagged camera moves that serve no other purpose than to call attention to themselves . ",0,negative
24684,complete mess ,0,negative
16981,humanism ,1,positive
37793,anger and ,0,negative
20186,a nifty plot line in steven soderbergh 's traffic ,1,positive
39424,"its exquisite acting , inventive screenplay , mesmerizing music , ",1,positive
10241,is more than merely a holocaust movie ,1,positive
61308,to speak about other than the fact that it is relatively short ,0,negative
35768,sustain a reasonable degree of suspense on its own ,1,positive
56686,from one of french cinema 's master craftsmen ,1,positive
61921,that is presented with great sympathy and intelligence ,1,positive
65729,like a rather unbelievable love interest and a meandering ending -- ,0,negative
32928,it 's all bluster and cliché ,0,negative
43212,"an oddity , to be sure , but one that you might wind up remembering with a degree of affection rather than revulsion . ",1,positive
66113,intellectual and ,1,positive
58405,most touching movie of recent years ,1,positive
44375,makes the right choices at every turn ,1,positive
36615,"of manipulation , an exploitation piece doing its usual worst to guilt-trip parents ",0,negative
58210,"green ruins every single scene he 's in , and ",0,negative
47841,guilty-pleasure ,1,positive
28125,'s easy to love robin tunney ,1,positive
15541,"fresh , entertaining comedy ",1,positive
60154,seem goofy ,0,negative
63455,gives a superb performance ,1,positive
37128,new insight ,1,positive
48554,little more than a stylish exercise in revisionism whose point ,0,negative
47084,"is that rare drama that offers a thoughtful and rewarding glimpse into the sort of heartache everyone has felt , or will feel someday . ",1,positive
34858,for the art-house crowd ,1,positive
474,her bully of a husband ,0,negative
38457,"attempts to be grandiloquent , but ends up merely pretentious -- in a grisly sort of way . ",0,negative
63909,would not likely be so stupid as to get ,0,negative
18699,that rare creature -- ,1,positive
59809,nuanced performance ,1,positive
41126,loves a david and goliath story ,1,positive
10950,delight your senses ,1,positive
60907,the best movie in many a moon about the passions that sometimes fuel our best achievements and other times ,1,positive
6432,'s because relatively nothing happens ,0,negative
5672,"in theory , a middle-aged romance pairing clayburgh and tambor sounds promising , ",1,positive
51290,"uncomfortably timely , relevant ",1,positive
26680,"holm does his sly , intricate magic , and ",1,positive
39409,empty stud knockabout ,0,negative
21609,"proves that director m. night shyamalan can weave an eerie spell and that mel gibson can gasp , shudder and even tremble without losing his machismo ",1,positive
8832,she allows each character to confront their problems openly and honestly . ,1,positive
48327,is definitely worth seeing . ,1,positive
53615,derivative horror film ,0,negative
43377,"has created a film that one can honestly describe as looking , sounding and simply feeling like no other film in recent history . ",1,positive
42011,vonnegut ,1,positive
49436,no amount of imagination ,0,negative
44170,"is a terrific role for someone like judd , who really ought to be playing villains ",1,positive
27317,completely familiar ,1,positive
9801,an all-around good time at the movies this summer ,1,positive
42539,the day-old shelf ,0,negative
33346,an enormous amount of affection ,1,positive
30113,"sure to give you a lot of laughs in this simple , sweet and romantic comedy ",1,positive
1253,a bracing truth that 's refreshing after the phoniness of female-bonding pictures like divine secrets of the ya-ya sisterhood ,1,positive
56263,"attempts to be grandiloquent , but ",0,negative
49516,painful ,0,negative
50602,the bai brothers have taken an small slice of history and opened it up for all of us to understand ,1,positive
65603,"the movie , despite its rough edges and a tendency to sag in certain places , is wry and engrossing . ",1,positive
10610,lays out a narrative puzzle that interweaves individual stories ,1,positive
15118,seems impossible that an epic four-hour indian musical about a cricket game could be this good ,1,positive
65123,to find a film to which the adjective ` gentle ' applies ,1,positive
23588,does n't understand the difference between dumb fun and just plain dumb ,0,negative
31993,'s a feel-good movie about which you can actually feel good . ,1,positive
35491,are first-rate ,1,positive
58997,shindler ,1,positive
9317,"the touch is generally light enough and the performances , for the most part , credible . ",1,positive
3872,two fatal ailments ,0,negative
40959,an admirably dark first script by brent hanley ,1,positive
37720,even murphy 's expert comic timing and famed charisma ca n't rescue this effort . ,0,negative
50957,soggy performances ,0,negative
29329,watered-down ,0,negative
39735,triumph ' ,1,positive
60436,an interesting bit of speculation ,1,positive
51764,express warmth and longing ,1,positive
35254,april ,1,positive
48718,you 've wasted nearly two hours of your own precious life with this silly little puddle of a movie ,0,negative
62304,engaging enough ,1,positive
39005,this fascinating look at israel in ferment ,1,positive
39550,"unless you 're a fanatic , the best advice is : ` scooby ' do n't . ",0,negative
25742,run the gamut from cheesy to cheesier to cheesiest ,0,negative
59665,a worthwhile documentary ,1,positive
12932,the rare movie that 's as crisp and to the point as the novel on which it 's based . ,1,positive
8423,while the extensive use of stock footage quickly becomes a tiresome cliché ,0,negative
62631,are canny and spiced with irony . ,1,positive
5692,the kind of quirkily appealing minor movie she might not make for a while ,1,positive
25085,will capture the minds and hearts of many ,1,positive
12114,at a time when commercialism has squeezed the life out of whatever idealism american moviemaking ever had ,0,negative
30650,"in that setting , their struggle is simply too ludicrous and borderline insulting . ",0,negative
18439,the performances are an absolute joy . ,1,positive
57500,"it seems most likely that broomfield 's interviewees , or even himself , will not be for much longer ",0,negative
59212,ample ,1,positive
22562,", sweaty-palmed fun ",1,positive
40624,his trademark misogyny ,0,negative
1812,is a real filmmaker ,1,positive
6689,"... makes a great impression as the writer-director of this little $ 1.8 million charmer , which may not be cutting-edge indie filmmaking but has a huge heart . ",1,positive
60853,"an artist , one whose view of america , history and the awkwardness of human life is generous and deep ",1,positive
1480,insanely hilarious ,1,positive
45777,have come to term an `` ambitious failure ,0,negative
5860,", city by the sea swings from one approach to the other , but in the end , it stays in formula -- which is a waste of de niro , mcdormand and the other good actors in the cast . ",0,negative
30821,"of the bride 's humor is born out of an engaging storyline , which also is n't embarrassed to make you reach for the tissues . ",1,positive
1477,the gratuitous cinematic distractions ,0,negative
22095,the kind of primal storytelling that george lucas can only dream of . ,1,positive
58370,is that they 're stuck with a script that prevents them from firing on all cylinders ,0,negative
59039,often-funny ,1,positive
34006,more than anything else slight ... tadpole pulls back from the consequences of its own actions and revelations ,0,negative
66936,"exists , and does so with an artistry that also smacks of revelation ",1,positive
17067,its otherwise comic narrative ,1,positive
57317,"seems to include every top-notch british actor who did not appear in gosford park ( as well as one , ms. mirren , who did ) ",1,positive
17768,mr. scorsese 's ,1,positive
23751,with acting ambition but no sense of pride or shame ,0,negative
22938,'ll like it ,1,positive
33133,film to drag on for nearly three hours ,0,negative
19706,lulled ,0,negative
34685,knows it 's won ,1,positive
17539,achieves the feel of a fanciful motion picture . ,1,positive
36494,to guilt-trip parents ,0,negative
61326,class bores ,0,negative
25320,"sharp , overmanipulative hollywood practices ",0,negative
906,"fare , with enough creative energy and wit to entertain all ages ",1,positive
28763,( breheny 's ) lensing ,1,positive
41865,engaging and exciting ,1,positive
29324,a sketchy work-in-progress ,0,negative
4128,"watch , giggle and get an adrenaline boost without feeling like you 've completely lowered your entertainment standards ",1,positive
27592,", it 's an observant , unfussily poetic meditation about identity and alienation . ",1,positive
63105,thoughtful what-if ,1,positive
16735,the elements were all there ,1,positive
65093,a powerful and reasonably fulfilling gestalt ,1,positive
35761,get into heaven ,1,positive
9165,out of eudora welty ,1,positive
40664,", but how long will filmmakers copy the `` saving private ryan '' battle scenes before realizing steven spielberg got it right the first time ? ",0,negative
29582,worthy and ,1,positive
51228,the group 's playful spark ,1,positive
50968,supremely hopeful cautionary tale ,1,positive
17318,at best ,1,positive
52971,"it 's better suited for the history or biography channel , ",0,negative
39089,share his impressions of life and loss and time and art with us ,1,positive
16584,"ill-equipped to examine , the interior lives of the characters in his film , much less incorporate them into his narrative ",0,negative
7281,jazzy score ,1,positive
26601,"flat-out amusing , sometimes endearing and often fabulous , with a solid cast , noteworthy characters ",1,positive
35970,a great premise ,1,positive
48587,does not really make the case the kissinger should be tried as a war criminal . ,0,negative
23025,moving performance ,1,positive
64126,may well be the year 's best and most unpredictable comedy . ,1,positive
48161,its storytelling prowess ,1,positive
23143,fincher takes no apparent joy in making movies ,0,negative
38642,dramatic nor comic ,0,negative
197,enables shafer to navigate spaces both large ... and small ... with considerable aplomb ,1,positive
3284,"including that between the son and his wife , and the wife and the father , and between the two brothers , with incredible subtlety and acumen ",1,positive
5763,are simply too good ,1,positive
60933,of effecting change and inspiring hope ,1,positive
10996,laugh-out-loud lunacy ,1,positive
44121,transforms one of ( shakespeare 's ) deepest tragedies into a smart new comedy . ,1,positive
4672,an ` a ' list cast ,1,positive
45562,has a real filmmaker 's eye . ,1,positive
3787,"gives it new texture , new relevance , new reality ",1,positive
22964,me want to bolt the theater in the first 10 minutes ,0,negative
1570,much power ,1,positive
5223,managed to pack it with enough action to satisfy the boom-bam crowd without a huge sacrifice of character and mood ,1,positive
26557,the locations go from stark desert to gorgeous beaches . ,1,positive
2180,confident filmmaking and a pair of fascinating performances ,1,positive
31111,"not about scares but a mood in which an ominous , pervasive , and unknown threat lurks just below the proceedings and adds an almost constant mindset of suspense . ",1,positive
36628,"unlike those in moulin rouge , are crisp and purposeful without overdoing it ",1,positive
40730,found a cult favorite to enjoy for a lifetime ,1,positive
27715,of moral compromise ,1,positive
33345,spy kids 2 also happens to be that rarity among sequels ,1,positive
22544,to be a good match of the sensibilities of two directors ,1,positive
29363,with an obvious rapport with her actors and a striking style behind the camera ,1,positive
28501,b + ,1,positive
55331,he gives the story some soul ,1,positive
32610,of a paint-by-numbers picture ,0,negative
31344,presented with great sympathy and intelligence ,1,positive
40328,every cheap trick ,0,negative
26471,more than merely a holocaust movie ,1,positive
11567,makes the clothes ,1,positive
30184,tenacious ,1,positive
18598,kim ki-deok seems to have in mind an ( emotionally at least ) adolescent audience demanding regular shocks and bouts of barely defensible sexual violence to keep it interested . ,0,negative
50465,derived from a lobotomy ,0,negative
44024,"wisely decided to let crocodile hunter steve irwin do what he does best , and fashion a story around him . ",1,positive
45200,"it establishes its ominous mood and tension swiftly , and if the suspense never rises to a higher level , it is nevertheless maintained throughout ",1,positive
5598,best sequel ,1,positive
3777,"into a poem of art , music and metaphor ",1,positive
20685,perfect balance ,1,positive
54992,"the otherwise good-naturedness of mr. deeds , with its embrace of sheer goofiness and cameos of less - than-likely new york celebrities ",1,positive
42860,an unfortunate title for a film that has nothing ,0,negative
43438,this oscar-nominated documentary takes you there . ,1,positive
16461,appreciates the art and reveals a music scene that transcends culture and race . ,1,positive
32802,british stage icon ,1,positive
25670,friend ,1,positive
16172,"nice , harmless date film ",1,positive
28136,the resolutions ,0,negative
9203,offers an interesting bit of speculation as to the issues brecht faced as his life drew to a close . ,1,positive
3000,"buy is an accomplished actress , and this is a big , juicy role ",1,positive
63644,i could not stand them ,0,negative
10999,", lawrence sounds whiny and defensive , as if his life-altering experiences made him bitter and less mature . ",0,negative
2757,standout ,1,positive
4530,"sweet , and intermittently hilarious ",1,positive
2182,"in one scene , we get a stab at soccer hooliganism , a double-barreled rip-off of quentin tarantino 's climactic shootout -- and meat loaf explodes . ",0,negative
34780,by its awkward structure and a final veering ,0,negative
10193,"is a lumbering , wheezy drag ",0,negative
14360,richly detailed ,1,positive
52864,a remarkable movie ,1,positive
39495,"does n't care about cleverness , wit or any other kind of intelligent humor ",0,negative
32965,a fairly enjoyable mixture ,1,positive
58658,characters so unsympathetic ,0,negative
16904,and moving portrait ,1,positive
10289,as temptingly easy ,1,positive
39289,"no french people were harmed during the making of this movie , but they were insulted and the audience was put through torture for an hour and a half ",0,negative
14845,labors as storytelling . ,0,negative
22978,plod ,0,negative
4248,"the good and different idea ( of middle-aged romance ) is not handled well and , except for the fine star performances , there is little else to recommend `` never again . '' ",0,negative
48598,call it classicism or be exasperated by a noticeable lack of pace ,0,negative
17863,the unique way shainberg ,1,positive
58378,great sympathy and intelligence ,1,positive
5537,third-rate horror sequels ,0,negative
251,about the folly of superficiality that is itself ,0,negative
31326,how admirably ,1,positive
20154,excels in spectacle and pacing . ,1,positive
6860,adaptation is intricately constructed and ,1,positive
5453,"unfortunately , outnumber the hits by three-to-one . ",0,negative
11372,rescue adrian lyne 's unfaithful from its sleazy moralizing ,0,negative
36949,good qualities ,1,positive
65414,documentarian ,1,positive
501,a bad blend ,0,negative
51443,"brutally honest and told with humor and poignancy , which makes its message resonate . ",1,positive
35864,"if you 're looking for a smart , nuanced look at de sade and what might have happened at picpus , sade is your film . ",1,positive
7616,moving story ,1,positive
36128,been remarkable about clung-to traditions ,1,positive
48117,same stuff ,0,negative
33739,"feels contrived , ",0,negative
46920,idiotic and ugly ,0,negative
31412,is notable for its sheer audacity and openness . ,1,positive
25252,strives ,1,positive
60786,appeals to me ,1,positive
2954,"rustic , realistic , and altogether creepy ",1,positive
62509,is never especially clever and often ,0,negative
12498,like a precious and finely cut diamond ,1,positive
51987,lacking ,0,negative
10684,poor fit ,0,negative
24609,say nothing of boring ,0,negative
55442,"the acting is amateurish , the cinematography is atrocious , the direction is clumsy ",0,negative
44743,"i liked about schmidt a lot , but i have a feeling that i would have liked it much more if harry & tonto never existed ",1,positive
58104,novels to the big screen ,1,positive
52891,is about a domestic unit finding their way to joy ,1,positive
3401,a lot smarter and more unnerving than the sequels ,1,positive
34918,"it 's coherent , well shot , and tartly acted , ",1,positive
47545,"tasteful , intelligent manner ",1,positive
23339,articulates ,1,positive
3580,", you still have to see this ! ",1,positive
9396,mindless and boring ,0,negative
59254,after being snared in its own tangled plot ,0,negative
52336,shrill and soporific ,0,negative
29319,a powerful drama with enough sardonic wit ,1,positive
17471,controversial ,0,negative
55194,keep things interesting ,1,positive
39862,ultimately engages less for its story of actorly existential despair than for its boundary-hopping formal innovations and glimpse into another kind of chinese ` cultural revolution . ' ,1,positive
3707,"quiet , confident craftsmanship that tells a sweet , charming tale of intergalactic friendship ",1,positive
8161,beautifully crafted and cooly unsettling ... ,1,positive
7823,"( clooney 's ) debut can be accused of being a bit undisciplined , but it has a tremendous , offbeat sense of style and humor that suggests he was influenced by some of the filmmakers who have directed him , especially the coen brothers and steven soderbergh ",1,positive
40054,is an imaginative teacher of emotional intelligence in this engaging film about two men who discover what william james once called ` the gift of tears . ,1,positive
22913,high art ,1,positive
26813,two signs that m. night shyamalan 's debut feature sucked up all he has to give to the mystic genres of cinema ,0,negative
43072,an excruciating demonstration of the unsalvageability ,0,negative
16680,venture forth ,1,positive
60364,"the increasingly diverse french director has created a film that one can honestly describe as looking , sounding and simply feeling like no other film in recent history . ",1,positive
21844,see people working so hard at leading lives of sexy intrigue ,1,positive
36867,"broomfield 's style of journalism is hardly journalism at all , and ",0,negative
54688,complete denial about his obsessive behavior ,0,negative
30234,thrillers actually thrilled ,1,positive
60291,succeeds mainly ,1,positive
12248,the kind of sweet-and-sour insider movie that film buffs will eat up like so much gelati ,1,positive
44741,", viscerally exciting , and dramatically moving , it 's the very definition of epic adventure . ",1,positive
40914,what a reckless squandering of four fine acting talents ,0,negative
39665,enjoyable family ,1,positive
45876,one of the funnier movies in town ,1,positive
28462,"there is an interesting story of pointed personalities , courage , tragedy and the little guys vs. the big guys ",1,positive
46667,bombshell documentary ,1,positive
9082,coherent ,1,positive
39073,"on toilet humor , ethnic slurs ",0,negative
15864,the plotting here leaves a lot to be desired ,0,negative
57583,thanks to an astonishingly witless script ,0,negative
30356,... could easily be called the best korean film of 2002 . ,1,positive
13058,"is very much of a mixed bag , with enough negatives ",0,negative
51495,is never satisfactory ,0,negative
18726,a deliciously nonsensical comedy about a city coming apart at its seams . ,1,positive
4815,a recycled and dumbed-down version ,0,negative
56012,definitive account ,1,positive
50289,feel like a 10-course banquet . ,1,positive
49774,to please its intended audience -- children -- without placing their parents in a coma-like state . ,1,positive
49499,with enough sardonic wit ,1,positive
17728,martha stewart decorating program run amok ,0,negative
10496,surprisingly brilliant ,1,positive
24646,better acted -- and far less crass - than some other recent efforts in the burgeoning genre of films about black urban professionals ,1,positive
23073,jack o ' ,1,positive
28171,represents a worthy departure from the culture clash comedies that have marked an emerging indian american cinema ,1,positive
24743,make it a great piece to watch with kids and use to introduce video as art ,1,positive
24580,", the only way for a reasonably intelligent person to get through the country bears is to ponder how a whole segment of pop-music history has been allowed to get wet , fuzzy and sticky . ",0,negative
44391,this loose collection of largely improvised numbers ,0,negative
2780,"ends up being neither , and fails at both endeavors . ",0,negative
45945,comes together ,1,positive
65248,"the power of the huston performance , ",1,positive
40094,"as improbable as this premise may seem , abbass 's understated , shining performance offers us the sense that on some elemental level , lilia deeply wants to break free of her old life . ",1,positive
58664,"a stupid , derivative horror film that substitutes extreme ",0,negative
26900,cool gadgets and creatures keep this fresh . ,1,positive
48712,evelyn 's strong cast and surehanded direction ,1,positive
64300,", but also intriguing and honorable , ",1,positive
18765,plodding picture ,0,negative
26604,rut ,0,negative
8994,"achieving some honest insight into relationships that most high-concept films candy-coat with pat storylines , precious circumstances and beautiful stars ",1,positive
18494,fantastically ,1,positive
14981,has all the dramatic weight of a raindrop ,0,negative
20235,plucks ,1,positive
20682,to be a part of that elusive adult world ,1,positive
58346,"sincere , and just ",1,positive
30520,say mean things and shoot a lot of bullets ,0,negative
57908,nostalgic ,1,positive
21102,"an unforced , rapid-fire delivery ",1,positive
31768,to lend some dignity to a dumb story ,0,negative
57706,"quirky , slightly strange french films ",1,positive
23069,"mock the kind of folks they do n't understand , ones they figure the power-lunchers do n't care to understand , either . ",0,negative
50991,"a finely written , ",1,positive
43334,this clever and very satisfying picture is more accurately chabrolian . ,1,positive
19681,most convincing emotional gravity from a scene where santa gives gifts to grownups ,1,positive
43721,contrived pastiche of caper clichés . ,0,negative
27998,a satisfactory overview of the bizarre world of extreme athletes as several daredevils ,1,positive
9510,a bold ( and lovely ) experiment that will ,1,positive
42973,the emotional depth ,1,positive
581,this romantic/comedy asks the question how much souvlaki can you take before indigestion sets in . ,0,negative
3495,"simply stupid , irrelevant and deeply ",0,negative
42634,environmental pollution ever made ,0,negative
13159,stale retread of the '53 original ,0,negative
31005,allows nothing ,0,negative
22621,"a loud , low-budget and tired formula film ",0,negative
55865,undernourished ,0,negative
31082,humor and heart and ,1,positive
59245,a category called best bad film you thought was going to be really awful but was n't ,0,negative
30214,rather unique approach ,1,positive
32300,there 's a certain robustness to this engaging mix of love and bloodletting . ,1,positive
25907,the film has a terrific look and ,1,positive
41898,mind-numbingly ,0,negative
46055,a part of its grand locations ,1,positive
41478,so memorable ,1,positive
15122,naked teenagers horror flick ,0,negative
18716,this ) meandering and pointless french coming-of-age import from writer-director anne-sophie birot ,0,negative
57940,an engrossing story ,1,positive
46259,topics that could make a sailor blush - but lots of laughs ,1,positive
10640,"there are n't many conclusive answers in the film , but there is an interesting story of pointed personalities , courage , tragedy and the little guys vs. the big guys . ",1,positive
59375,this three-hour endurance test built around an hour 's worth of actual material ,0,negative
30719,the insinuation of mediocre acting ,0,negative
21599,this elegant entertainment ,1,positive
50305,in the annals of cinema ,1,positive
58155,some of the dramatic conviction that underlies the best of comedies ,1,positive
32772,hated myself in the morning ,0,negative
9817,find in these characters ' foibles a timeless and unique perspective ,1,positive
53207,atmospheric weirdness ,1,positive
16284,", i 'd take ( its ) earnest errors and hard-won rewards over the bombastic self-glorification of other feel-good fiascos like antwone fisher or the emperor 's club any time . ",1,positive
59933,exploitative ,0,negative
60845,"should win the band a few new converts , too ",1,positive
37957,that does n't mean it still wo n't feel like the longest 90 minutes of your movie-going life ,0,negative
4884,he 's been responsible for putting together any movies of particular value or merit ,0,negative
22882,"i valiantly struggled to remain interested , or at least conscious ",0,negative
37762,will need all the luck they can muster just figuring out who 's who in this pretentious mess ,0,negative
28139,clever and unflinching ,1,positive
60549,incredibly flexible cast ,1,positive
1422,as it does because ( the leads ) are such a companionable couple ,1,positive
35846,"sounds like a cruel deception carried out by men of marginal intelligence , with reactionary ideas about women and a total lack of empathy ",0,negative
14655,a smug and convoluted action-comedy that does n't allow an earnest moment to pass without reminding audiences that it 's only a movie . ,0,negative
42308,from mel gibson and a brutal 90-minute battle sequence that does everything but issue you a dog-tag and an m-16 ,1,positive
38763,a haunting tale ,1,positive
46447,esoteric ,1,positive
27662,"'s a rather listless amble down the middle of the road , where the thematic ironies are too obvious and the sexual politics too smug . ",0,negative
42516,little action ,0,negative
39875,perfectly serviceable ,1,positive
56242,"a buoyant romantic comedy about friendship , love , and the truth that we 're all in this together . ",1,positive
30745,"'s hard to imagine anyone managing to steal a movie not only from charismatic rising star jake gyllenhaal but also from accomplished oscar winners susan sarandon , dustin hoffman and holly hunter , yet newcomer ellen pompeo pulls off the feat with aplomb . ",1,positive
31975,to see a chinese film depict a homosexual relationship in a mature and frank fashion ,1,positive
66740,schnieder ,1,positive
7982,michel piccoli 's moving performance is this films reason for being . ,1,positive
15208,give it a marginal thumbs up ,1,positive
17773,have i seen a film so willing to champion the fallibility of the human heart . ,1,positive
46808,is such a sweet and sexy film ,1,positive
64659,is the way it skirts around any scenes that might have required genuine acting from ms. spears . ,0,negative
46943,", i hate it . ",0,negative
54023,"dancing , singing , and unforgettable characters ",1,positive
35896,"in a low-key , organic way that encourages you to accept it as life and go with its flow ",1,positive
34369,one-dimensional buffoons that get him a few laughs but nothing else ,0,negative
18434,sheer dumbness ,0,negative
43699,"guns , violence ",0,negative
30553,lightweight but appealing . ,1,positive
51753,is too blatant ,0,negative
3940,you to bite your tongue to keep from laughing at the ridiculous dialog or the oh-so convenient plot twists ,1,positive
66631,'s smooth and professional ,1,positive
52924,so i do n't know what she 's doing in here ,0,negative
16974,this `` un-bear-able '' project ,0,negative
55880,cultural identity ,1,positive
58151,3-d ,0,negative
45296,could bond while watching a walk to remember . ,1,positive
14811,profound ,1,positive
7567,an in-depth portrait ,1,positive
5205,staggeringly dreadful romance . ,0,negative
58386,and sometimes dry ,0,negative
45339,sucks . ,0,negative
14180,in all fairness ,1,positive
14095,makes this movie worth seeing ,1,positive
29818,a splendid job of racial profiling hollywood style -- casting excellent latin actors of all ages -- ,1,positive
50056,with a clever pseudo-bio that manages to have a good time as it doles out pieces of the famous director 's life ,1,positive
10043,is one carried by a strong sense of humanism ,1,positive
36356,into how long is this movie ? ,0,negative
33177,unfunny and ,0,negative
55177,is that it has none of the pushiness and decibel volume of most contemporary comedies . ,1,positive
4871,deliberately and skillfully uses ambiguity to suggest possibilities which imbue the theme with added depth and resonance . ,1,positive
42977,"familiar and predictable , and 4/5ths of it ",0,negative
16618,both a level of sophisticated intrigue and human-scale characters ,1,positive
48181,to face frightening late fees ,0,negative
32003,"a cheap thriller , a dumb comedy or ",0,negative
31400,among the many pleasures ,1,positive
40977,"'s an odd show , pregnant with moods , stillborn except as a harsh conceptual exercise ",0,negative
60332,is long on ,1,positive
2813,"funny , ",1,positive
27888,"would imagine , as searching for a quarter in a giant pile of elephant feces ... positively dreadful ",0,negative
43631,brightly colored dreams ,1,positive
5907,the recording sessions are intriguing ,1,positive
31327,starts off so bad ,0,negative
10085,a movie that 's held captive by mediocrity . ,0,negative
26773,"little more than a stylish exercise in revisionism whose point ... is no doubt true , but serves as a rather thin moral to such a knowing fable . ",0,negative
62859,worn-out material ,0,negative
26253,a fair bit ,1,positive
60743,allows his cast the benefit of being able to give full performances ... ,1,positive
21982,i saw this one ,1,positive
32008,have been kind enough to share it ,1,positive
14771,sitting through dahmer 's two hours ,0,negative
33977,the project should have been made for the tube . ,0,negative
28624,is a plodding mess . ,0,negative
16050,amateurishly ,0,negative
53643,a well-executed spy-thriller . ,1,positive
37385,"of quiet , confident craftsmanship that tells a sweet , charming tale of intergalactic friendship ",1,positive
52222,its cutesy reliance on movie-specific cliches ,0,negative
17012,"is little more than home alone raised to a new , self-deprecating level ",0,negative
60096,powerful and revelatory ,1,positive
59834,"russell lacks the visual panache , the comic touch , and perhaps the budget of sommers 's title-bout features . ",0,negative
23166,"a horror movie with seriously dumb characters , which somewhat dilutes the pleasure of watching them ",0,negative
54058,"is dark , brooding and slow , and takes its central idea way too seriously . ",0,negative
62796,discerned here that producers would be well to heed ,0,negative
43222,does everything ,1,positive
49818,makes you realize that deep inside righteousness can be found a tough beauty . ,1,positive
25900,had no trouble sitting for blade ii . ,1,positive
15885,bogdanovich taps deep into the hearst mystique ,1,positive
41408,"it 's just tediously bad , something to be fully forgotten ",0,negative
25055,in the breathtakingly beautiful outer-space documentary space station 3d ,1,positive
17820,"humorous , illuminating study ",1,positive
25603,"all in all , road to perdition is more in love with strangeness than excellence . ",1,positive
18998,thanks to the presence ,1,positive
2893,leaves little doubt that kidman has become one of our best actors ,1,positive
45054,"it 's usually a bad sign when directors abandon their scripts and go where the moment takes them , but olympia , wash. , based filmmakers anne de marcken and marilyn freeman did just that and it 's what makes their project so interesting ",1,positive
7801,"kids will love its fantasy and adventure , and ",1,positive
8383,"more of a poetic than a strict reality , creating an intriguing species of artifice ",1,positive
55946,believe these jokers are supposed to have pulled off four similar kidnappings before ,0,negative
22425,has the potential for touched by an angel simplicity and sappiness ,0,negative
114,altogether too slight to be called any kind of masterpiece ,0,negative
11495,"when the fire burns out , we 've only come face-to-face with a couple dragons ",0,negative
66243,of the low-grade cheese standards on which it operates ,0,negative
20089,poignant and moving ,1,positive
7225,is so clumsily sentimental ,0,negative
1418,"spanning nearly three decades of bittersweet camaraderie and history , in which we feel that we truly know what makes holly and marina tick ",1,positive
40876,goddammit ,0,negative
43838,into corny sentimentality ,0,negative
7673,'s definitely a step in the right direction . ,1,positive
23568,a rather tired exercise in nostalgia . ,0,negative
17919,"children 's entertainment , superhero comics , and japanese animation ",1,positive
43495,the ensemble gives it a buoyant delivery ,1,positive
14759,its utter sincerity ,1,positive
58416,blues ,0,negative
22309,is too much of a plunge ,0,negative
31214,dishonest and pat as any hollywood fluff . ,0,negative
52727,do n't know if frailty will turn bill paxton into an a-list director ,0,negative
549,"at this time , with this cast , this movie is hopeless ",0,negative
27092,that it becomes a chore to sit through -- despite some first-rate performances by its lead ,0,negative
4609,experimentation and improvisation ,1,positive
42569,loveable or otherwise ,1,positive
17537,"it could have been something special , but two things drag it down to mediocrity -- director clare peploe 's misunderstanding of marivaux 's rhythms , and mira sorvino 's limitations as a classical actress ",0,negative
39356,first lousy guy ritchie imitation ,0,negative
62761,bore ,0,negative
9195,"there 's a spontaneity to the chateau , a sense of light-heartedness , that makes it attractive throughout . ",1,positive
18985,"clever , offbeat and even gritty enough ",1,positive
56609,stopped challenging himself ,0,negative
66173,"a level of young , black manhood that is funny , touching , smart and complicated ",1,positive
51737,inspired dialogue bits ,1,positive
45900,lost ideal ,0,negative
16419,are forced to reflect that its visual imagination is breathtaking ,1,positive
60751,foul substances ,0,negative
67178,found in almost all of his previous works ,1,positive
7538,"some writer dude , i think his name was , uh , michael zaidan , was supposed to have like written the screenplay or something , but , dude , the only thing that i ever saw that was written down were the zeroes on my paycheck ",0,negative
19458,leguizamo 's best movie work so far ,1,positive
44656,"this is surely one of the most frantic , virulent and foul-natured christmas season pics ever delivered by a hollywood studio . ",0,negative
53244,surehanded ,1,positive
41389,of dedicated artists ,1,positive
15281,fascinating character study ,1,positive
24314,macabre ,0,negative
50033,some laughs ,1,positive
60822,be found a tough beauty ,1,positive
3418,technically sumptuous but also almost wildly alive ,1,positive
15294,beginning with the pale script ,0,negative
10927,"loses its fire midway , nearly flickering out by its perfunctory conclusion . ",0,negative
27576,shapeless ,0,negative
62766,rest contentedly with the knowledge that he 's made at least one damn fine horror movie ,1,positive
65424,"runs a good race , one that will have you at the edge of your seat for long stretches . ",1,positive
24181,"guns , cheatfully filmed martial arts ",0,negative
66750,yet fails to overcome the film 's manipulative sentimentality and annoying stereotypes . ,0,negative
44987,a rounded and revealing overview ,1,positive
12267,is surprisingly brilliant ,1,positive
16107,"fincher takes no apparent joy in making movies , and ",0,negative
28418,the rare capability to soothe and break your heart with a single stroke ,1,positive
25160,the weak payoff ,0,negative
54321,", it has a genuine dramatic impact ",1,positive
26486,'s no accident that the accidental spy is a solid action pic that returns the martial arts master to top form ,1,positive
33068,silly -- and gross -- but it 's rarely as moronic as some campus gross-out films . ,0,negative
52229,clooney 's ) debut can be accused of being a bit undisciplined ,0,negative
24906,has something significant to say ,1,positive
10424,"sweet , honest , and enjoyable comedy-drama ",1,positive
20036,absurdities and clichés ,0,negative
55610,been 13 months and 295 preview screenings since i last walked out on a movie ,0,negative
19820,is a dud -- a romantic comedy that 's not the least bit romantic and only mildly funny ,0,negative
30646,these characters become wearisome . ,0,negative
59653,be mesmerised ,1,positive
53944,", wall-to-wall good time ",1,positive
23366,"... instead go rent `` shakes the clown '' , a much funnier film with a similar theme and an equally great robin williams performance . ",0,negative
15000,"features nonsensical and laughable plotting , wooden performances ",0,negative
32054,home alabama ,1,positive
35074,a clever exercise ,1,positive
61772,a terrible story ,0,negative
65906,"has an unmistakable , easy joie de vivre ",1,positive
45792,"ca n't think of a thing to do with these characters except have them run through dark tunnels , fight off various anonymous attackers , and evade elaborate surveillance technologies . ",0,negative
14957,one of cinema 's directorial giants ,1,positive
26698,he does not give the transcendent performance sonny needs to overcome gaps in character development and story logic ,0,negative
15806,quite tasty and inviting all the same ,1,positive
5658,", any john waters movie has it beat by a country mile . ",0,negative
3715,and as bland ,0,negative
51215,"and , in the end , not well enough ",0,negative
8514,proper respect ,1,positive
27565,a man who has little clue about either the nature of women or of friendship ,0,negative
23189,"stylish but steady , and ultimately very satisfying ",1,positive
52414,eclipses ,1,positive
42704,just the labor involved in creating the layered richness of the imagery in this chiaroscuro of madness and light is astonishing . ,1,positive
39648,"stiff , ponderous and charmless ",0,negative
943,"by no means a great movie , but it is a refreshingly forthright one . ",1,positive
65907,b-movie imagination ,0,negative
45666,to cut a swathe through mainstream hollywood ,1,positive
50174,", amari 's film falls short in building the drama of lilia 's journey . ",0,negative
29597,"lush , swooning melodrama ",1,positive
53994,best ensemble casts ,1,positive
39547,the rest of the film ... is dudsville . ,0,negative
10947,sophisticated ,1,positive
16100,remind them that hong kong action cinema is still alive and kicking ,1,positive
44501,"a genuinely funny ensemble comedy that also asks its audience -- in a heartwarming , nonjudgmental kind of way -- to consider what we value in our daily lives . ",1,positive
3564,"clever , amusing and unpredictable ",1,positive
59274,firmly ,1,positive
59841,popcorn movie fun ,1,positive
33807,it 's a perfect show of respect to just one of those underrated professionals who deserve but rarely receive it . ,1,positive
56269,benefit ,1,positive
23542,falls short in building the drama of lilia 's journey ,0,negative
36426,generate enough heat ,1,positive
19808,"'s lovely and amazing , from her own screenplay , jumps to the head of the class of women 's films that manage to avoid the ghetto of sentimental chick-flicks by treating female follies with a satirical style ",1,positive
47072,time out ,0,negative
27363,toolbags ,0,negative
39162,fairly uneventful ,0,negative
16554,75 wasted minutes of sandler as the voice-over hero in columbia pictures ' perverse idea of an animated holiday movie ,0,negative
6330,a lame romantic comedy about an unsympathetic character and someone who would not likely be so stupid as to get ,0,negative
11835,"into a genre that has been overexposed , redolent of a thousand cliches , and yet remains uniquely itself , vibrant with originality ",1,positive
16131,convinced that these women are spectacular ,1,positive
33047,"keen eye , sweet spirit ",1,positive
34601,the flash of rock videos fused with solid performances and eerie atmosphere . ,1,positive
63258,brazen enough to attempt to pass this stinker off as a scary movie ,0,negative
13387,delights and ,1,positive
41849,digs into their very minds ,1,positive
35407,of what 's on saturday morning tv especially the pseudo-educational stuff we all ca n't stand ,0,negative
34958,`` nicholas nickleby '' is a perfect family film to take everyone to since there 's no new `` a christmas carol '' out in the theaters this year . ,1,positive
56692,episode ii -- attack of the clones is a technological exercise that lacks juice and delight ,0,negative
23632,"is shockingly devoid of your typical majid majidi shoe-loving , crippled children ",0,negative
2707,to balance all the formulaic equations in the long-winded heist comedy ,0,negative
2287,"itself virtually collapses into an inhalant blackout , maintaining consciousness just long enough to achieve callow pretension ",0,negative
46078,feel my eyelids ... getting ... very ... ,0,negative
14603,lust ,1,positive
53076,odd and weird . ,0,negative
3056,"as an introduction to the man 's theories and influence , derrida is all but useless ; as a portrait of the artist as an endlessly inquisitive old man , however , it 's invaluable . ",1,positive
1385,underneath such a mountain of clichés and borrowed images ,0,negative
64729,from an honored screen veteran and a sparkling newcomer who instantly transform themselves into a believable mother/daughter pair ,1,positive
19802,lacking a depth ,0,negative
15004,"a core of flimsy -- or , worse yet , nonexistent -- ideas ",0,negative
37835,with a treasure chest of material ,1,positive
15027,the movie is a mess from start to finish . ,0,negative
63782,give a backbone to the company ,1,positive
32129,if the film is well-crafted and this one is ,1,positive
13935,the buoyant energy level of the film 's city beginnings ,1,positive
1795,than what 's been cobbled together onscreen ,0,negative
31173,scott 's convincing portrayal of roger the sad cad that really gives the film its oomph ,1,positive
8780,brave and challenging ,1,positive
40560,"deeply biased , and wholly designed to make you feel guilty about ignoring what the filmmakers clearly believe ",0,negative
58246,refined piece ,1,positive
58239,a feel-good movie ,1,positive
23338,the triviality ,0,negative
13948,knows how to hold the screen ,1,positive
47916,"you would n't want to live waydowntown , but it is a hilarious place to visit . ",1,positive
9421,the insightful writer/director responsible for this illuminating comedy ,1,positive
53452,ultimately tragic ,0,negative
52813,", brutally clueless ",0,negative
59681,the script carries arnold ( and the viewers ) into the forbidden zone of sympathizing with terrorist motivations by presenting the `` other side of the story . '' ,1,positive
22826,visually compelling one ,1,positive
46634,has dressed up this little parable in a fairly irresistible package full of privileged moments and memorable performances . ,1,positive
26263,his supple understanding of the role ,1,positive
4568,"its use of the thriller form to examine the labyrinthine ways in which people 's lives cross and change , ",1,positive
37015,"dull , inconsistent , dishonest ",0,negative
33035,the problem ,0,negative
2247,"this is a visually stunning rumination on love , memory , history and the war between art and commerce . ",1,positive
4812,appealing about the characters ,1,positive
19828,a masterful work of art of their own ,1,positive
4463,the funny bone ,1,positive
38161,"confessions is n't always coherent , but it 's sharply comic and surprisingly touching , so hold the gong . ",1,positive
55882,"full frontal , which opens today nationwide , could almost be classified as a movie-industry satire , but it lacks the generous inclusiveness that is the genre 's definitive , if disingenuous , feature ",0,negative
21667,that it feels more like the pilot episode of a tv series than a feature film ,0,negative
25887,", hopefully , this film will attach a human face to all those little steaming cartons . ",1,positive
30047,next to little insight ,0,negative
33195,usual intelligence and subtlety ,1,positive
11716,its impressive images of crematorium chimney fires and stacks of dead bodies ,1,positive
4845,who have carved their own comfortable niche in the world ,1,positive
18937,by which all the queen 's men is allegedly `` inspired '' was a lot funnier and more deftly enacted than what 's been cobbled together onscreen ,0,negative
50360,the film is undone by anachronistic quick edits and occasional jarring glimpses of a modern theater audience watching the events unfold . ,0,negative
1985,blue hilarity ,1,positive
29089,served an eviction notice at every theater stuck with it ,0,negative
57499,plummer steals the show without resorting to camp as nicholas ' wounded and wounding uncle ralph . ,1,positive
24468,promises a new kind of high but delivers the same old bad trip . ,0,negative
7363,wow . ,1,positive
60244,"is a divine monument to a single man 's struggle to regain his life , his dignity and his music ",1,positive
50501,of oscar wilde 's classic satire ,1,positive
51901,"is very much of a mixed bag , with enough negatives to outweigh the positives . ",0,negative
38182,"not that i mind ugly ; the problem is he has no character , loveable or otherwise . ",0,negative
41706,losin ' ,0,negative
45551,any attempts at nuance given by the capable cast is drowned out by director jon purdy 's sledgehammer sap . ,0,negative
1734,"piece , a model of menacing atmosphere ",1,positive
34443,"i have returned from the beyond to warn you : this movie is 90 minutes long , and life is too short . ",0,negative
27826,integrating the characters in the foreground ,1,positive
11591,their parents ' anguish ,0,negative
18386,in this fascinating portrait of a modern lothario ,1,positive
48234,well written and directed with brutal honesty and respect for its audience . ,1,positive
66525,its rather routine script ,0,negative
7431,the movie equivalent of staring into an open wound ,0,negative
35621,out mediocre ,0,negative
54627,"is a thoughtful examination of faith , love and power . ",1,positive
18415,a determined woman 's courage to find her husband in a war zone ,1,positive
8901,"the rich and sudden wisdom , ",1,positive
35619,"that as far as these shootings are concerned , something is rotten in the state of california ",0,negative
39299,sting ,0,negative
45321,in an admittedly middling film ,0,negative
45285,there are some fairly unsettling scenes ,0,negative
57580,much dramatic impact ,1,positive
31827,"is it a charming , funny and beautifully crafted import ",1,positive
18605,who perfectly portrays the desperation of a very insecure man ,1,positive
31424,"then again , in a better movie , you might not have noticed . ",0,negative
32783,not remotely incisive enough ,0,negative
64898,takes few chances and manages to insult the intelligence of everyone in the audience ,0,negative
11067,idealism american ,1,positive
45954,trying to drown yourself in a lake afterwards ,0,negative
65863,truly awful ,0,negative
14442,cheap-shot mediocrity ,0,negative
11749,making the proceedings more bizarre than actually amusing ,0,negative
60700,advised to sit near the back and squint to avoid noticing some truly egregious lip-non-synching ,0,negative
20630,"shot largely in small rooms , the film has a gentle , unforced intimacy that never becomes claustrophobic . ",1,positive
15894,too often into sugary sentiment and withholds delivery on the pell-mell ,0,negative
18729,"that between the son and his wife , and the wife and the father , and between the two brothers , with incredible subtlety and acumen ",1,positive
57164,"this is grand-scale moviemaking for a larger-than-life figure , an artist who has been awarded mythic status in contemporary culture . ",1,positive
23288,takes its central idea way too seriously ,0,negative
52357,without sham the raw-nerved story ,1,positive
25807,better drama ,1,positive
70,of the most highly-praised disappointments i ,0,negative
56460,'s hard to shake the feeling that it was intended to be a different kind of film . ,0,negative
44205,food-for-thought cinema ,1,positive
14871,'s too long ,0,negative
2195,an inelegant combination of two unrelated shorts that falls far short of the director 's previous work ,0,negative
34194,", thought-provoking new york fest ",1,positive
18928,"watch witherspoon 's talents wasting away inside unnecessary films like legally blonde and sweet home abomination , i mean , ",0,negative
13471,"feels capable of charming the masses with star power , a pop-induced score and sentimental moments that have become a spielberg trademark ",1,positive
64920,wiser ,1,positive
11619,engaging and ,1,positive
46789,is a greater attention to the parents -- and particularly the fateful fathers -- in the emotional evolution of the two bewitched adolescents ,1,positive
3899,told and retold ,0,negative
56431,classic movie franchise ,1,positive
48436,"'s a powerful though flawed movie , guaranteed to put a lump in your throat while reaffirming washington as possibly the best actor working in movies today . ",1,positive
65262,huge-screen ,1,positive
42450,outdated ,0,negative
36899,gives a superb performance full of deep feeling . ,1,positive
51508,... overly melodramatic ... ,0,negative
24258,yet another remarkable yet shockingly little-known perspective ,1,positive
353,help chicago make the transition from stage to screen with considerable appeal intact ,1,positive
23417,this wafer-thin movie ,0,negative
27836,the dry humor that first made audiences on both sides of the atlantic love him ,1,positive
10189,no ,0,negative
57560,will want to see over and over again . ,1,positive
22279,drags it back ,0,negative
43843,"its plot and animation offer daytime tv serviceability , but little more . ",0,negative
20198,pedestrian ,1,positive
39189,delights and simmering ,1,positive
55277,"there is no solace here , no entertainment value , merely a fierce lesson in where filmmaking can take us . ",0,negative
14295,it offers hope ,1,positive
21201,almost wildly alive ,1,positive
50958,impersonal and ,0,negative
9149,a delicious and delicately funny look at the residents of a copenhagen neighborhood coping with the befuddling complications life ,1,positive
21289,nearly impossible to care about ,0,negative
43342,", glaring and unforgettable . ",1,positive
37246,to be embraced ,1,positive
30050,"peter jackson and company once again dazzle and delight us , ",1,positive
2679,ends up offering nothing more than the latest schwarzenegger or stallone flick would . ,0,negative
40322,"after the first 10 minutes , which is worth seeing ",1,positive
59877,painstaking ,1,positive
48019,the insipid script ,0,negative
7412,"the punch lines that miss , unfortunately , outnumber the hits by three-to-one . ",0,negative
30395,waited three years with breathless anticipation for a new hal hartley movie to pore over ,1,positive
13905,not invite some genuine spontaneity into the film by having the evil aliens ' laser guns actually hit something for once ? ,0,negative
26530,gone a tad less for grit and a lot more ,0,negative
1576,served by the movie 's sophomoric blend of shenanigans and slapstick ,0,negative
56813,of education ,1,positive
37541,"this is a very ambitious project for a fairly inexperienced filmmaker , ",1,positive
28127,vastly entertaining ,1,positive
20873,", very enjoyable ... ",1,positive
53839,the funniest motion ,1,positive
26053,"seemingly disgusted with the lazy material and the finished product 's unshapely look , director fisher stevens inexplicably dips key moments from the film in waking life water colors . ",0,negative
20891,proves that elegance is more than tattoo deep ,1,positive
15949,ca n't remember a single name responsible for it ,0,negative
50833,to the horrors of the killing field and the barbarism of ` ethnic cleansing ,0,negative
1400,you can smell the grease on the plot ,0,negative
53480,with too little ,0,negative
62076,a remarkable film that explores the monster 's psychology not in order to excuse him but rather to demonstrate that his pathology evolved from human impulses that grew hideously twisted ,1,positive
18988,"'s truly awful and heartbreaking subject matter , but one whose lessons are well worth revisiting as many times as possible ",1,positive
45152,the battle ,0,negative
50414,expect from movies ,0,negative
33969,"allegiance to chekhov , which director michael cacoyannis displays with somber earnestness in the new adaptation of the cherry orchard , ",1,positive
62415,a complex story ,1,positive
53235,"to feel anything much while watching this movie , beyond mild disturbance or detached pleasure at the acting ",0,negative
9197,a modest masterpiece . ,1,positive
5360,"it 's funny , as the old saying goes , because it 's true . ",1,positive
54156,enjoyed ,1,positive
64204,"a smart , funny look at an arcane area of popular culture ",1,positive
5172,serve no other purpose ,0,negative
19527,"is a master of shadow , quietude , and room noise ",1,positive
64418,gives us a reason to care about them ,1,positive
66560,"there is no psychology here , and no real narrative logic -- just a series of carefully choreographed atrocities , which become strangely impersonal and abstract . ",0,negative
17825,integrates thoughtfulness and pasta-fagioli comedy ,1,positive
35511,may not add up to the sum of its parts ,0,negative
25076,"what i saw , i enjoyed . ",1,positive
63395,standard thriller and drag audience enthusiasm to crush depth ,0,negative
53636,uses grant 's own twist of acidity ,1,positive
28086,its characters and its audience ,1,positive
43396,"a cruel deception carried out by men of marginal intelligence , with reactionary ideas about women and a total lack of empathy ",0,negative
19400,an excellent choice ,1,positive
40619,oddly compelling ,1,positive
7329,a fascinating profile ,1,positive
11141,does give a pretty good overall picture of the situation in laramie following the murder of matthew shepard . ,1,positive
43008,the nifty premise ,1,positive
45507,"weighted down with slow , uninvolving storytelling and flat acting ",0,negative
17162,cruel ,0,negative
51645,turned this ,1,positive
49313,where their heads were is anyone 's guess . ,0,negative
61754,"deserves , at the very least , a big box of consolation candy ",0,negative
39306,inept filmmaking ,0,negative
29162,dead-end existence ,0,negative
60857,"what soured me on the santa clause 2 was that santa bumps up against 21st century reality so hard , it 's icky . ",0,negative
45081,"is the equivalent of french hip-hop , which also seems to play on a 10-year delay ",0,negative
21261,"drama , conflict , tears and surprise -- ",1,positive
4282,"incompetent , incoherent or just plain crap ",0,negative
13451,"at its best , this is grand-scale moviemaking for a larger-than-life figure , an artist who has been awarded mythic status in contemporary culture . ",1,positive
34679,a kiss ,1,positive
42312,terrific setpieces ,1,positive
27271,zips along with b-movie verve while adding the rich details and go-for-broke acting that heralds something special ,1,positive
41641,"through this interminable , shapeless documentary about the swinging subculture ",0,negative
36266,possibly the best actor ,1,positive
28167,the rare movie ,1,positive
24848,the film gives no quarter to anyone seeking to pull a cohesive story out of its 2 1/2 - hour running time . ,0,negative
55136,of clichés and a dim ,0,negative
51294,"and lurches between not-very-funny comedy , unconvincing dramatics ",0,negative
6268,"it is different from others in its genre in that it is does not rely on dumb gags , anatomical humor , or character cliches ; ",1,positive
11792,found his groove these days ,1,positive
26089,perhaps the budget of sommers 's title-bout features ,1,positive
46120,a quietly moving ,1,positive
335,"exhilarating , funny and fun . ",1,positive
52571,it will remind them that hong kong action cinema is still alive and kicking . ,1,positive
34045,"it makes you forgive every fake , dishonest , entertaining and , ultimately , more perceptive moment in bridget jones 's diary ",0,negative
42935,it 's a barely tolerable slog over well-trod ground . ,0,negative
60435,"the cleverest , ",1,positive
41426,is the only winner ,1,positive
27951,"this nicely wound clock not just ticking , but humming ",1,positive
57191,that we really have n't had a good cheesy b-movie playing in theaters since ... well ... since last week 's reign of fire ,0,negative
11625,discloses almost nothing ,0,negative
61003,the best since the last waltz ,1,positive
53487,'s a sadistic bike flick that would have made vittorio de sica proud ,1,positive
33273,a particularly amateurish episode ,0,negative
16883,leguizamo and jones are both excellent and ,1,positive
16700,would have liked it much more if harry & tonto never existed ,0,negative
36550,it 's not much more watchable than a mexican soap opera ,0,negative
40311,the hell cares ,0,negative
57504,dehumanizing and ,0,negative
53455,"hard-pressed to find a movie with a bigger , fatter heart than barbershop ",1,positive
57973,is in trouble ,0,negative
36003,"it wo n't hold up over the long haul , but in the moment , finch 's tale provides the forgettable pleasures of a saturday matinee . ",1,positive
9199,"that profound , at least ",1,positive
20576,the rich promise of the script will be realized on the screen ,1,positive
31434,takes on nickleby with all the halfhearted zeal of an 8th grade boy delving into required reading ,0,negative
33296,high crimes flog the dead horse of surprise as if it were an obligation ,0,negative
41710,"dark and unrepentant , this excursion into the epicenter of percolating mental instability is not easily dismissed or forgotten . ",1,positive
8489,feel alive - ,1,positive
33473,that you 've wasted nearly two hours of your own precious life with this silly little puddle of a movie ,0,negative
55625,the spectacle of gere in his dancing shoes ,1,positive
32199,dark pit ,0,negative
61222,happily ,1,positive
29331,a story that 's a lot richer than the ones hollywood action screenwriters usually come up with on their own ,1,positive
32984,"it sounds like another clever if pointless excursion into the abyss , and ",0,negative
36515,of stagy set pieces stacked with binary oppositions ,0,negative
18709,spontaneity in its execution and ,1,positive
34697,never come up with an adequate reason why we should pay money for what we can get on television for free ,0,negative
624,that excites the imagination and tickles the funny bone ,1,positive
64980,"visceral , nasty journey ",0,negative
55804,have marked an emerging indian american cinema ,1,positive
5662,before but never so vividly ,1,positive
55195,the stomach-knotting suspense ,1,positive
9683,"a moldy-oldie , not-nearly - as-nasty - as-it ",0,negative
9798,energetic and ,1,positive
55760,the film is ultimately about as inspiring as a hallmark card . ,0,negative
1870,director randall wallace 's flag-waving war flick with a core of decency ,1,positive
41418,"ends up more of a creaky `` pretty woman '' retread , with the emphasis on self-empowering schmaltz and big-wave surfing that gives pic its title an afterthought ",0,negative
4569,incoherence and sub-sophomoric ,0,negative
34916,a delightful romantic comedy with plenty of bite . ,1,positive
7515,proves that he can cross swords with the best of them and helm a more traditionally plotted popcorn thriller while surrendering little of his intellectual rigor or creative composure . ,1,positive
46727,the result is somewhat satisfying ,1,positive
44684,were stripped of most of his budget and all of his sense of humor ,0,negative
60152,a rare treat that shows the promise of digital filmmaking ,1,positive
47919,"'s the best sequel since the empire strikes back ... a majestic achievement , an epic of astonishing grandeur and surprising emotional depth ",1,positive
50254,'s a film that affirms the nourishing aspects of love and companionship ,1,positive
31935,emotional depth ,1,positive
58021,a vision ,1,positive
32273,"despite its sincere acting , signs is just another unoriginal run of the mill sci-fi film with a flimsy ending and lots of hype . ",0,negative
66374,"` film aficionados can not help but love cinema paradiso , whether the original version or new director 's cut . ' ",1,positive
63784,superior '' ,1,positive
50616,", is a note of defiance over social dictates . ",1,positive
25829,an intriguing look at the french film industry during the german occupation ,1,positive
62346,are uniformly good . ,1,positive
44737,a muted freak-out ,0,negative
23521,a james bond series ,1,positive
1035,is truly gorgeous to behold ,1,positive
60814,"'s no surprise that as a director washington demands and receives excellent performances , from himself and from newcomer derek luke . ",1,positive
26023,face frightening late fees ,0,negative
4475,"the fun-loving libertine lost somewhere inside the conservative , handbag-clutching sarandon ",1,positive
58919,is boring ,0,negative
26124,"'s clear why deuces wild , which was shot two years ago , has been gathering dust on mgm 's shelf . ",0,negative
33912,"'s apparently nothing left to work with , sort of like michael jackson 's nose ",0,negative
30250,windtalkers airs just about every cliche in the war movie compendium across its indulgent two-hour-and-fifteen-minute length . ,0,negative
55017,feature to hit theaters since beauty and the beast 11 years ago ,1,positive
35211,being gullible ,0,negative
48548,touching ,1,positive
6821,"own breezy , distracted rhythms ",1,positive
36342,i loved the look of this film . ,1,positive
5989,shines on all the characters ,1,positive
42896,"his sly , intricate magic ",1,positive
35220,"if not a home run , then at least a solid base hit . ",1,positive
13342,digital photography ,1,positive
24292,that trademark grin of his -- so perfect for a ballplayer ,1,positive
33018,"talented , charismatic and tragically ",1,positive
4034,"contrived , awkward and filled with unintended laughs ",0,negative
19370,lagging near the finish line ,0,negative
40402,", passionate ",1,positive
6061,"laced with liberal doses of dark humor , gorgeous exterior photography , and a stable-full of solid performances , no such thing is a fascinating little tale . ",1,positive
66122,also wanted a little alien as a friend ! ,1,positive
1317,some good material in their story about a retail clerk wanting more out of life ,1,positive
11791,ice-t sticks his mug in the window of the couple 's bmw and begins haranguing the wife in bad stage dialogue ,0,negative
1003,nonetheless appreciates the art and reveals a music scene that transcends culture and race . ,1,positive
36026,any stylish sizzle ,1,positive
450,formulaic equations ,0,negative
29452,as plain and pedestrian as catsup ,0,negative
14127,hogwash ,0,negative
38621,it has made its way into your very bloodstream ,1,positive
10434,fails to do justice to either effort in three hours of screen time ,0,negative
10713,stretched out to feature length ,0,negative
13492,ferrara 's ,1,positive
22153,it look as though they are having so much fun ,1,positive
59623,"should jolt you out of your seat a couple of times , give you a few laughs , and leave you feeling like it was worth your seven bucks , even though it does turn out to be a bit of a cheat in the end ",1,positive
44642,sophomoric ,0,negative
29262,scratching your head than hiding under your seat ,0,negative
48614,"with cheapo animation ( like saturday morning tv in the '60s ) , a complex sword-and-sorcery plot and characters who all have big round eyes and japanese names . ",0,negative
61593,comedy and ,1,positive
21363,full of nuance and character dimension ,1,positive
64910,"deserved all the hearts it won -- and wins still , ",1,positive
24701,", whimsical feature ",1,positive
48839,is his best film yet ,1,positive
29699,"are undermined by the movie 's presentation , which is way too stagy ",0,negative
22529,dislikable ,0,negative
60219,is essentially devoid of interesting characters or even a halfway intriguing plot ,0,negative
9804,it would be easy for critics to shred it ,0,negative
26121,"charming and witty , it 's also somewhat clumsy . ",1,positive
31328,punctuated by flying guts ,0,negative
58611,"is contrived , unmotivated , and psychologically unpersuasive , with an inconclusive ending . ",0,negative
21361,'m giving it thumbs down due to the endlessly repetitive scenes of embarrassment . ,0,negative
17372,unsatisfying ending ,0,negative
10089,curious about each other against all odds ,1,positive
25598,"queen of the damned as you might have guessed , makes sorry use of aaliyah in her one and only starring role -- ",0,negative
65986,"well-acted , well-directed and , for all its moodiness , not too pretentious . ",1,positive
36454,"refuses to let slackers be seen as just another teen movie , which means he can be forgiven for frequently pandering to fans of the gross-out comedy ",0,negative
4772,"originality ai n't on the menu , but there 's never a dull moment in the giant spider invasion comic chiller ",1,positive
7133,"satin rouge is not a new , or inventive , journey ",0,negative
18712,lacks it ,0,negative
33624,an essentially awkward version ,0,negative
52220,as kooky and overeager as it is spooky and subtly in love with myth ,1,positive
61281,suspense or believable tension ,1,positive
35743,"despite downplaying her good looks , carries a little too much ai n't - she-cute baggage into her lead role as a troubled and determined homicide cop to quite pull off the heavy stuff . ",1,positive
50607,enough to let you bask in your own cleverness as you figure it out ,1,positive
58785,"speaks volumes , offering up a hallucinatory dreamscape that frustrates and captivates . ",1,positive
13090,would be a toss-up between presiding over the end of cinema as we know it and another night of delightful hand shadows . ,0,negative
56189,intriguing look ,1,positive
32858,this film is too busy hitting all of its assigned marks to take on any life of its own . ,0,negative
5897,it 's dark but has wonderfully funny moments ; you care about the characters ; and the action and special effects are first-rate ,1,positive
9935,"exactly what it wants to be : an atrociously , mind-numbingly , indescribably bad movie ",0,negative
49551,visually striking and ,1,positive
26869,"dumb gags , anatomical humor , or character cliches ",0,negative
57171,"the power of the huston performance , which seems so larger than life and yet so fragile ",1,positive
58668,jackie chan movies are a guilty pleasure - ,1,positive
37223,without in any way demeaning its subjects ,1,positive
28322,"'s insecure in lovely and amazing , a poignant and wryly amusing film about mothers , daughters and their relationships ",1,positive
54323,the art direction is often exquisite ,1,positive
1030,it 's lost the politics and the social observation and become just another situation romance about a couple of saps stuck in an inarticulate screenplay . ,0,negative
21356,does n't pummel us with phony imagery or music ,1,positive
61879,highly recommended as an engrossing story about a horrifying historical event and the elements which contributed to it . ,1,positive
56402,bad ideas and awkwardness ,0,negative
55119,the film has some of the best special effects ever ,1,positive
30088,"his beautiful , self-satisfied 22-year-old girlfriend and an equally beautiful , self-satisfied 18-year-old mistress ",1,positive
46591,of cliches that the talented cast generally ,0,negative
37866,has a wooden delivery and ,0,negative
26161,"conduct in a low , smoky and inviting sizzle ",1,positive
32292,make gangster no. 1 a worthwhile moviegoing experience ,1,positive
49502,the acting is fine but the script is about as interesting as a recording of conversations at the wal-mart checkout line ,0,negative
16354,"never amount to a satisfying complete picture of this particular , anciently demanding métier ",0,negative
17781,how about surprising us by trying something new ? ,0,negative
39000,does a solid job of slowly ,1,positive
66787,the lively intelligence of the artists and their perceptiveness about their own situations ,1,positive
48457,enhancing ,1,positive
18713,stop watching ,0,negative
65118,"there may have been a good film in `` trouble every day , '' but it is not what is on the screen . ",0,negative
36207,makes their project so interesting ,1,positive
39570,wonderful on the big screen ,1,positive
33880,artistic ,1,positive
43325,'s hard to like a film so cold and dead ,0,negative
25652,gross romanticization ,0,negative
11832,is a treat . ,1,positive
43609,defend himself ,1,positive
66346,"a long , dull procession of despair , set to cello music ",0,negative
7964,spied with my little eye ... a mediocre collection of cookie-cutter action scenes ,0,negative
8909,"beautiful , self-satisfied ",1,positive
24639,", a walk to remember is an inspirational love story , capturing the innocence and idealism of that first encounter . ",1,positive
8473,is too much like a fragment of an underdone potato . ,0,negative
50724,to fulfill its own ambitious goals ,1,positive
55407,imaginative flight ,1,positive
1736,a low-budget series on a uhf channel ,0,negative
57229,emotionally and narratively complex filmmaking ,1,positive
994,"'s coherent , well shot , and tartly ",1,positive
50004,"the entire point of a shaggy dog story , of course , is that it goes nowhere , and ",0,negative
63499,between deadpan comedy and heartbreaking ,1,positive
18496,with such good humor ,1,positive
57650,off the element of surprise ,1,positive
4028,"weighted down with slow , uninvolving storytelling and flat acting . ",0,negative
54595,is a winning comedy that excites the imagination and tickles the funny bone . ,1,positive
32855,everyone thinks poo-poo jokes are ` edgy ,0,negative
50399,'s hard to imagine acting that could be any flatter ,0,negative
42948,"of under-inspired , overblown enterprise that gives hollywood sequels a bad name ",0,negative
48076,that lifts blue crush into one of the summer 's most pleasurable movies ,1,positive
34288,innovations and glimpse ,1,positive
49142,the film was immensely enjoyable thanks to great performances by both steve buscemi and rosario dawson ... ,1,positive
6682,of inspired humor ,1,positive
35832,worthy of the gong . ,0,negative
38407,will find their humor-seeking dollars best spent elsewhere ,0,negative
49132,stages his gags as assaults on america 's knee-jerk moral sanctimony ,0,negative
46834,point and purpose ,1,positive
28476,you feel what they feel ,1,positive
11787,wilco is a phenomenal band with such an engrossing story that will capture the minds and hearts of many . ,1,positive
45676,of the worst of the entire franchise ,0,negative
53577,"it 's difficult to imagine that a more confused , less interesting and more sloppily made film could possibly come down the road in 2002 . ",0,negative
14136,for most of the characters ,1,positive
59864,"a nice , light treat ",1,positive
30681,"'s enough to watch huppert scheming , with her small , intelligent eyes as steady as any noir villain , and to enjoy the perfectly pitched web of tension that chabrol spins . ",1,positive
6585,the characters never seem to match the power of their surroundings . ,0,negative
19211,'s worth taking the kids to . ,1,positive
59684,a superb performance ,1,positive
22971,reinvigorated ,1,positive
55857,i like about men with brooms and what is kind of special ,1,positive
43670,"like shrek , spirit 's visual imagination reminds you of why animation is such a perfect medium for children , because of the way it allows the mind to enter and accept another world . ",1,positive
64960,"by the dispassionate gantz brothers as ordinary , pasty lumpen ",0,negative
38541,it aimlessly and unsuccessfully attempts to fuse at least three dull plots into one good one . ,0,negative
57015,delivers ,1,positive
30754,'s awfully entertaining to watch . ,1,positive
4977,uncreative ,0,negative
62521,rank as three of the most multilayered and sympathetic female characters of the year ,1,positive
26581,to the tongue-in-cheek attitude of the screenplay ,1,positive
52463,manages to generate the belly laughs of lowbrow comedy without sacrificing its high-minded appeal . ,1,positive
11306,most deceptively amusing ,1,positive
7324,an intimacy that sucks you in and dares you not to believe it ,1,positive
6111,nonchalantly freaky and uncommonly pleasurable ,1,positive
31056,endless scenic shots that make 105 minutes seem twice as long ,0,negative
65543,making this gorgeous film a must for everyone from junior scientists to grown-up fish lovers ,1,positive
13321,"with the rat-a-tat energy of `` his girl friday , '' maintaining a light touch while tackling serious themes ",1,positive
61452,wheedling reluctant witnesses ,0,negative
59548,the whole mess boils down to a transparently hypocritical work that feels as though it 's trying to set the women 's liberation movement back 20 years . ' ,0,negative
59162,often intense ,1,positive
38489,a knockout ,1,positive
35684,"features nonsensical and laughable plotting , wooden performances , ineptly directed action sequences and some of the worst dialogue in recent memory . ",0,negative
2916,a complete moron ,0,negative
31787,"in this film , every shot enhances the excellent performances ",1,positive
28726,sign a pact to burn the negative and the script and pretend the whole thing never existed ,0,negative
433,it is essentially empty ,0,negative
40361,"would 've been nice if the screenwriters had trusted audiences to understand a complex story , and left off the film 's predictable denouement . ",0,negative
10153,muted freak-out ,0,negative
65590,expand a tv show ,1,positive
35274,about the human need for monsters to blame for all that ,1,positive
32553,"must for fans of british cinema , if only because so many titans of the industry are along for the ride ",1,positive
14277,"takes a classic story , casts attractive and talented actors ",1,positive
36336,even halfway scary ,1,positive
25975,'s lots of cute animals and clumsy people ,1,positive
64569,an absorbing and unsettling psychological drama . ,1,positive
39001,hate yourself for giving in ,0,negative
18846,"a strong-minded viewpoint , or a sense of humor ",1,positive
3120,a fantastically vital movie ,1,positive
23389,seems a bit on the skinny side ,0,negative
44195,her life half-asleep ,0,negative
38531,"gritty realism , crisp storytelling and radiant compassion ",1,positive
19313,a puritanical brand of christianity ,1,positive
37171,that is n't afraid to admit it ,1,positive
41188,"schepisi , aided by a cast that seems to include every top-notch british actor who did not appear in gosford park ( as well as one , ms. mirren , who did ) , ",1,positive
57446,real pleasure in its laid-back way ,1,positive
54834,will see nothing in it to match the ordeal of sitting through it ,0,negative
9590,builds gradually until you feel fully embraced by this gentle comedy ,1,positive
14697,", the film amounts to being lectured to by tech-geeks , if you 're up for that sort of thing . ",0,negative
1443,menacing ,0,negative
55474,"seem repetitive and designed to fill time , providing no real sense of suspense ",0,negative
17250,hope and magic ,1,positive
9450,broadcast ,1,positive
11518,"efficient , suitably anonymous chiller ",1,positive
44562,"does n't really know or care about the characters , and ",0,negative
55710,another gross-out college comedy -- ugh . ,0,negative
19433,loneliness and is n't afraid to provoke introspection in both its characters and its audience ,1,positive
66426,what sets ms. birot 's film apart from others in the genre is a greater attention to the parents -- and particularly the fateful fathers -- in the emotional evolution of the two bewitched adolescents . ,1,positive
25740,"sad nonsense , ",0,negative
35756,"it 's coherent , well shot , and tartly acted , but ",1,positive
50704,too sappy ,0,negative
6913,a sweet-tempered comedy that forgoes the knee-jerk misogyny that passes for humor in so many teenage comedies . ,1,positive
10955,a scrooge or two ,0,negative
61475,which somewhat dilutes the pleasure of watching them ,0,negative
59574,"marvelous documentary touches -- ever so gracefully -- on the entire history of the yiddish theater , both in america and israel ",1,positive
45031,incredibly layered and stylistic ,1,positive
63678,might not seem like the proper cup of tea ,0,negative
35635,"seems more tacky and reprehensible , manipulating our collective fear without bestowing the subject with the intelligence or sincerity it unequivocally deserves . ",0,negative
49957,does n't figure in the present hollywood program ,0,negative
50191,"as long on the irrelevant as on the engaging , which gradually turns what time is it there ? ",0,negative
16842,many different ideas from happiness ,1,positive
15711,this is n't even a movie we can enjoy as mild escapism ; it is one in which fear and frustration are provoked to intolerable levels . ,0,negative
1491,i 'll buy the soundtrack . ,1,positive
52002,a small but rewarding comedy ,1,positive
10930,"it 's the type of film about growing up that we do n't see often enough these days : realistic , urgent , ",1,positive
17249,rich and intelligent ,1,positive
52680,may scream low budget ,0,negative
34099,happy gilmore or the waterboy ,1,positive
7783,the broiling sun for a good three days ,0,negative
45623,compelling and ,1,positive
59459,rigor ,0,negative
60843,kosminsky ... puts enough salt into the wounds of the tortured and self-conscious material to make it sting . ,1,positive
25170,", ' i feel better already . ",1,positive
27611,"nothing special and , until the final act , ",0,negative
65342,snow white ,1,positive
48982,much more than ,1,positive
61221,"as warm as it is wise , deftly setting off uproarious humor with an underlying seriousness that sneaks up on the viewer , providing an experience that is richer than anticipated . ",1,positive
21130,passion and energy ,1,positive
58326,"leave us with a sense of wonder at the diverse , marvelously twisted shapes history has taken ",1,positive
28017,loved the 1989 paradiso will prefer this new version ,1,positive
54403,proves a servicable world war ii drama that ca n't totally hide its contrivances ,1,positive
39838,"white has n't developed characters so much as caricatures , one-dimensional buffoons that get him a few laughs but nothing else . ",0,negative
34562,ditched the saccharine sentimentality of bicentennial man in favor of an altogether darker side ,1,positive
4346,stuffing himself into an electric pencil sharpener ,0,negative
35044,brilliantly written and ,1,positive
40737,will stand in future years as an eloquent memorial to the world trade center tragedy . ,1,positive
25245,been told and retold ,0,negative
53338,appeal to those without much interest in the elizabethans ,1,positive
36687,very interesting ,1,positive
54441,that works both as a detailed personal portrait and as a rather frightening examination of modern times ,1,positive
59218,"bittersweet comedy/drama full of life , hand gestures , and some really adorable italian guys . ",1,positive
46972,stifling morality tale ,0,negative
54252,"all of the elements are in place for a great film noir , but director george hickenlooper 's approach to the material is too upbeat . ",0,negative
24790,cuaron repeatedly ,0,negative
54468,romance-novel ,1,positive
15463,it 's also not smart or barbed enough for older viewers ,0,negative
48392,do it his own way ,1,positive
11493,want to slap it ,0,negative
40221,a compelling coming-of-age drama about the arduous journey of a sensitive young girl through a series of foster homes and a fierce struggle to pull free from her dangerous and domineering mother ,1,positive
44700,for the still-inestimable contribution they have made to our shared history ,1,positive
7499,had their hearts in the right place . ,1,positive
21908,so hideously and clumsily ,0,negative
61901,histrionic ,0,negative
14300,most magical and most ,1,positive
10746,( a ) strong piece of work . ,1,positive
45827,actors in bad bear suits ,0,negative
25866,there are many definitions of ` time waster ' but this movie must surely be one of them ,0,negative
16866,begins to vaporize from your memory minutes after it ends ,0,negative
32851,it 's a funny little movie with clever dialogue and likeable characters . ,1,positive
34843,contemporary chinese life that many outsiders will be surprised to know ,1,positive
15217,niches ,1,positive
25512,that takes an astonishingly condescending attitude toward women ,0,negative
33432,"not that any of us should be complaining when a film clocks in around 90 minutes these days , but the plotting here leaves a lot to be desired . ",0,negative
46423,a predictable connect-the-dots course ,0,negative
62751,a gritty police thriller ,1,positive
15944,marks a modest if encouraging return ,1,positive
65942,marked an emerging indian american cinema ,1,positive
38463,"a sensitive , modest comic tragedy that works as both character study and symbolic examination of the huge economic changes sweeping modern china . ",1,positive
4916,most wondrous ,1,positive
65184,gorgeous film ,1,positive
54186,does n't work . ,0,negative
67158,plotting ,1,positive
61099,it is japanese and yet feels universal ,1,positive
52321,with the subject of love head-on ,1,positive
26342,"elling '' manages to do all three quite well , making it one of the year 's most enjoyable releases ",1,positive
27815,rowdy slapstick ,1,positive
11482,cheap hysterics ,0,negative
34480,"her complicated characters be unruly , confusing and , through it all , human ",1,positive
41138,governmental odds ,1,positive
20763,a bore that tends to hammer home every one of its points . ,0,negative
5625,"too stagey , talky ",0,negative
15497,"it 's ... worth the extra effort to see an artist , still committed to growth in his ninth decade , change while remaining true to his principles with a film whose very subject is , quite pointedly , about the peril of such efforts . ",1,positive
50309,peels layers from this character that may well not have existed on paper ,1,positive
52168,eastwood is off his game ,0,negative
35721,gorgeous piano ,1,positive
14804,"like any good romance , son of the bride , proves it 's never too late to learn . ",1,positive
18453,unwary viewers ,0,negative
12826,a menace ,0,negative
11293,"decidedly flimsier with its many out-sized , out of character and logically porous action set ",0,negative
18275,"a rock-solid gangster movie with a fair amount of suspense , intriguing characters and bizarre bank robberies , plus a heavy dose of father-and-son dynamics ",1,positive
40080,"a bittersweet contemporary comedy about benevolent deception , which , while it may not rival the filmmaker 's period pieces , is still very much worth seeing . ",1,positive
39165,the prospect of their own mortality ,1,positive
30126,abhorrent ,0,negative
10986,it might be like trying to eat brussels sprouts . ,0,negative
58216,"as the old saying goes , because it 's true ",1,positive
13399,otherwise comic narrative ,1,positive
44794,"immensely ambitious , ",1,positive
56929,few will argue that it ranks with the best of herzog 's works ,1,positive
56926,the buoyant energy level ,1,positive
44899,"a few hours after you 've seen it , you forget you 've been to the movies . ",0,negative
56086,"is made fresh by an intelligent screenplay and gripping performances in this low-budget , video-shot , debut indie effort ",1,positive
61053,"the dialogue is cumbersome , ",0,negative
57815,"almost completely dry of humor , verve and fun ",0,negative
61743,is enough originality in ` life ' to distance it from the pack of paint-by-number romantic comedies that so often end up on cinema screens ,1,positive
56853,non-stop funny feast ,1,positive
56343,"of biting the hand that has finally , to some extent , warmed up to him ",0,negative
12964,a-list players ,1,positive
19227,takes every potential laugh and stiletto-stomps the life out of it ,0,negative
63930,a plot that 's just too boring and obvious ,0,negative
28289,kinetic enough to engross even the most antsy youngsters ,1,positive
27123,is as consistently engaging as it is revealing . ,1,positive
28617,"has a dashing and resourceful hero ; a lisping , reptilian villain ; big fights ; big hair ; lavish period scenery ; and a story just complicated enough to let you bask in your own cleverness as you figure it out ",1,positive
19811,was a deserved co-winner of the audience award for documentaries at the sundance film festival ,1,positive
773,still fun and enjoyable and ,1,positive
32690,"are useful in telling the story , which is paper-thin and decidedly unoriginal ",0,negative
32119,enjoy this movie ,1,positive
32212,"this is the kind of movie during which you want to bang your head on the seat in front of you , at its cluelessness , at its idiocy , at its utterly misplaced earnestness . ",0,negative
47762,our respect ,1,positive
52352,"in fast-edit , hopped-up fashion ",0,negative
29380,disgracefully written dialogue ,0,negative
16861,"very ugly , very fast ",0,negative
39905,"thanks to confident filmmaking and a pair of fascinating performances , the way to that destination is a really special walk in the woods . ",1,positive
26306,the film works - mostly due to its superior cast of characters . ,1,positive
43759,the characters are paper thin ,0,negative
3799,i ca n't say this enough : this movie is about an adult male dressed in pink jammies . ,0,negative
7255,appeared in 1938 ,1,positive
37209,", it will probably be a talky bore . ",0,negative
19538,slummer ,0,negative
59006,` top of the world ' ,1,positive
62571,"contemplative , and sublimely beautiful . ",1,positive
20453,climax ,1,positive
59075,"with dickens ' words and writer-director douglas mcgrath 's even-toned direction , a ripping good yarn is told . ",1,positive
13556,"ash wednesday is not edward burns ' best film , but it is a good and ambitious film . ",1,positive
54231,the english call ` too clever by half ,1,positive
23839,this is n't a movie ; it 's a symptom ,0,negative
59507,there 's no real sense of suspense ,0,negative
3186,overwrought ,0,negative
20668,is pushed into the margins by predictable plotting and tiresome histrionics ,0,negative
44559,it 's a movie that gets under your skin . ,0,negative
20418,well spent ,1,positive
56336,"it is , however , a completely honest , open-hearted film that should appeal to anyone willing to succumb to it . ",1,positive
39406,linger long after this film has ended ,1,positive
12284,absorbing character study by andré turpin . ,1,positive
20610,called `` jar-jar binks : the movie ,0,negative
62000,"a social injustice , at least ",0,negative
29926,such life-embracing spirit ,1,positive
12037,", will find morrison 's iconoclastic uses of technology to be liberating . ",1,positive
10674,"like a temperamental child begging for attention , giving audiences no reason to truly care for its decrepit freaks beyond the promise of a reprieve from their incessant whining ",0,negative
20585,the peak of all things insipid ,0,negative
54386,a rehash of every gangster movie ,0,negative
5528,is barely ,1,positive
62865,favorite ,1,positive
61917,are still unconcerned about what they ingest ,1,positive
56933,"'s funny and human and really pretty damned wonderful , all at once . ",1,positive
5549,a few nifty twists that are so crucial to the genre and another first-rate performance by top-billed star bruce willis ,1,positive
36916,handily ,1,positive
3700,that should appeal to anyone willing to succumb to it ,1,positive
55906,the cat 's meow marks a return to form for director peter bogdanovich ... ,1,positive
10010,the power of this movie ,1,positive
52651,"some very good acting , dialogue ",1,positive
12179,"of the most appealing movies ever made about an otherwise appalling , and downright creepy , subject -- a teenage boy in love with his stepmother ",1,positive
45626,delivers on the promise of excitement ,1,positive
43144,the beauty ,1,positive
42829,has its merits ,1,positive
7339,"'s so tedious that it makes you forgive every fake , dishonest , entertaining and , ultimately , more perceptive moment in bridget jones 's diary . ",0,negative
33269,made for the tube ,0,negative
26493,hope ,1,positive
30181,one of france 's most inventive directors ,1,positive
646,of the holiday box office pie ,1,positive
6013,"with an unusual protagonist ( a kilt-wearing jackson ) and subject matter , the improbable `` formula 51 '' is somewhat entertaining ",1,positive
31473,a lovely film for the holiday season . ,1,positive
24293,conjured up only 10 minutes prior to filming ,0,negative
38171,of a thousand cliches ,0,negative
29673,"the town has kind of an authentic feel , but ",1,positive
54524,", perversely undercuts the joie de vivre even as he creates it , giving the movie a mournful undercurrent that places the good-time shenanigans in welcome perspective . ",1,positive
19736,a thought-provoking and often-funny drama ,1,positive
29879,vividly ,1,positive
4229,barney 's crushingly self-indulgent spectacle ,0,negative
64371,", astonish and entertain ",1,positive
60476,on no level whatsoever for me ,0,negative
14595,satisfying kids flck ,1,positive
9760,"'s tough to tell which is in more abundant supply in this woefully hackneyed movie , directed by scott kalvert , about street gangs and turf wars in 1958 brooklyn -- stale cliches , gratuitous violence , or empty machismo ",0,negative
33721,"kline 's superbly nuanced performance , ",1,positive
1574,"muddled , simplistic and more than a little pretentious ",0,negative
22977,"constantly touching , surprisingly funny , semi-surrealist exploration of the creative act . ",1,positive
43651,it 's hard to shake the feeling that it was intended to be a different kind of film . ,0,negative
40578,"just a series of carefully choreographed atrocities , which become strangely impersonal and abstract ",0,negative
26800,"both for the rhapsodic dialogue that jumps off the page , and for the memorable character creations ",1,positive
11113,a moving tale of love and destruction ,1,positive
32426,is its low-key way of tackling what seems like done-to-death material ,0,negative
38228,"boasts a handful of virtuosic set pieces and offers a fair amount of trashy , kinky fun . ",1,positive
61630,short of wonderful with its ten-year-old female protagonist and its steadfast refusal to set up a dualistic battle between good and evil . ,1,positive
34026,laughing at his own joke ,0,negative
41288,but its just not a thrilling movie ,0,negative
22252,rent the disney version ,0,negative
16089,are lean and tough enough to fit in any modern action movie ,1,positive
28791,like trying to eat brussels sprouts ,0,negative
50310,in a new way ,1,positive
45960,is a perfect family film to take everyone to since there 's no new `` a christmas carol '' out in the theaters this year . ,1,positive
29008,literal ,1,positive
45586,emotional force ,1,positive
39995,an eye-boggling blend ,1,positive
57525,most aggressive and most sincere attempt ,1,positive
47190,parents beware ; ,1,positive
62531,the worst movie i 've seen this summer ,0,negative
19269,for the viewer to doze off for a few minutes or make several runs to the concession stand and/or restroom and not feel as if he or she has missed anything ,0,negative
37270,cut through the layers of soap-opera emotion and you find a scathing portrayal of a powerful entity strangling the life out of the people who want to believe in it the most ,1,positive
39319,unsurprising ,0,negative
21428,"an uncluttered , resonant gem that relays its universal points without lectures or confrontations . ",1,positive
49411,strange and beautiful film ,1,positive
41419,amazingly successful ,1,positive
53956,compulsively watchable ,1,positive
8445,"'s difficult to feel anything much while watching this movie , beyond mild disturbance or detached pleasure at the acting ",0,negative
24963,the movie 's vision of a white american zealously spreading a puritanical brand of christianity to south seas islanders is one only a true believer could relish . ,0,negative
5564,tiresome jokes ,0,negative
17017,ultimately losing cause ,0,negative
49072,knows how a daily grind can kill love ,1,positive
26357,is so film-culture referential that the final product is a ghost . ,0,negative
24953,of the human heart ,1,positive
6194,ever so gracefully -- ,1,positive
26566,wheezy ,0,negative
13956,there are too many bona fide groaners among too few laughs ,0,negative
1270,the wisdom and humor ,1,positive
35441,a polished and vastly entertaining caper film that puts the sting back into the con ,1,positive
697,"the problems and characters it reveals are universal and involving , and the film itself -- as well its delightful cast -- is so breezy , pretty and gifted , it really won my heart . ",1,positive
57508,it 's just hard to believe that a life like this can sound so dull . ,0,negative
33445,"a paunchy midsection , several plodding action sequences ",0,negative
16510,goes right ,1,positive
44577,appealing blend ,1,positive
1941,a couple hours of summertime ,1,positive
61598,its demented premise ,0,negative
58688,it zips along with b-movie verve while adding the rich details and go-for-broke acting that heralds something special . ,1,positive
33621,some soul ,1,positive
41078,is if you have a case of masochism and an hour and a half to blow ,0,negative
61736,"kids five and up will be delighted with the fast , funny , and even touching story . ",1,positive
66418,the cast and crew did n't sign a pact to burn the negative and the script and pretend the whole thing never existed ,0,negative
47270,by the power and grace of one of the greatest natural sportsmen of modern times ,1,positive
21626,the gifted pearce on hand ,1,positive
38012,"is we never really see her esther blossom as an actress , even though her talent is supposed to be growing ",0,negative
66326,"for veggietales fans , this is more appetizing than a side dish of asparagus . ",1,positive
65119,"it surrenders to a formulaic bang-bang , shoot-em-up scene at the conclusion ",0,negative
46346,bordering on confessional ,0,negative
41237,"jaw-dropping action sequences , ",1,positive
2528,going to face frightening late fees ,0,negative
45089,fun-loving libertine ,1,positive
29900,of film that leaves you scratching your head in amazement over the fact that so many talented people could participate in such an ill-advised and poorly ,0,negative
9598,( madonna 's ) denied her own athleticism by lighting that emphasizes every line and sag . ,0,negative
39039,with a momentum that never lets up ,1,positive
16686,biographical melodramas ,1,positive
53090,with some powerful people ,1,positive
20676,that it no longer recognizes the needs of moviegoers for real characters and compelling plots ,0,negative
6975,"heavy-handed symbolism , dime-store psychology and ",0,negative
53278,"take a rocket scientist to figure out that this is a mormon family movie , and a sappy , preachy one at that ",0,negative
14146,"sensitive , smart , savvy , compelling coming-of-age drama ",1,positive
50148,knows how to inflate the mundane into the scarifying ,1,positive
23503,mean it still wo n't feel like the longest 90 minutes of your movie-going life ,0,negative
5476,lucid work ,1,positive
12967,"it , offering fine acting moments and pungent ",1,positive
18248,", unforced ",1,positive
22274,little-known perspective ,0,negative
46938,of entertainment that parents love to have their kids ,1,positive
65158,"which opens today in the new york metropolitan area , so distasteful ",0,negative
61987,life affirming and heartbreaking ,1,positive
35264,hard-to-predict and absolutely essential ,1,positive
54928,lagaan ,1,positive
42088,( gayton 's script ) telegraphs every discovery and layers on the gloss of convenience . ,1,positive
52082,it 's hard to like a film so cold and dead ,0,negative
50679,"if you really want to understand what this story is really all about , you 're far better served by the source material . ",0,negative
56171,balances real-time rhythms with propulsive incident ,1,positive
55631,the charismatic jackie chan ,1,positive
16849,to a picture-perfect beach ,1,positive
63586,"it 's not just a feel-good movie , it 's a feel movie . ",1,positive
61411,in its effort to modernize it with encomia to diversity and tolerance ,0,negative
7627,a snore and ,0,negative
26369,an engrossing story about a horrifying historical event and ,1,positive
61076,one word that best describes this film : honest ,1,positive
25560,"sand , who brings to the role her pale , dark beauty and characteristic warmth ",1,positive
22339,"on its icy face , the new film is a subzero version of monsters , inc. , without the latter 's imagination , visual charm or texture . ",0,negative
59817,document ,1,positive
10407,harrowing and uplifting ,1,positive
36709,", the film is not only a love song to the movies but it also is more fully an example of the kind of lush , all-enveloping movie experience it rhapsodizes . ",1,positive
23111,is enjoyable family fare ,1,positive
40169,wonderful performances ,1,positive
27993,"transforms the dreary expanse of dead-end distaste the characters inhabit into a poem of art , music and metaphor ",1,positive
47593,is n't tough to take as long as you 've paid a matinee price ,0,negative
13033,depressed fifteen-year-old 's ,0,negative
66597,"sarah 's dedication to finding her husband seems more psychotic than romantic , and ",0,negative
4678,has a compelling story to tell . ,1,positive
54628,unlike lots of hollywood fluff ,1,positive
33644,"the story is also as unoriginal as they come , already having been recycled more times than i 'd care to count . ",0,negative
26360,you 've got the wildly popular vin diesel in the equation ,1,positive
41146,into a really funny movie ,1,positive
55377,like a soft drink that 's been sitting open too long ,0,negative
42453,the ingenious construction ( adapted by david hare from michael cunningham 's novel ) ,1,positive
40609,pulls no punches in its depiction of the lives of the papin sister and the events that led to their notorious rise to infamy ... ,1,positive
9538,was utterly charming ,1,positive
47996,", more playful tone ",1,positive
14112,a no-holds-barred cinematic treat . ,1,positive
16063,"wendigo wants to be a monster movie for the art-house crowd , but it falls into the trap of pretention almost every time . ",0,negative
43920,"otherwise , this could be a passable date film . ",0,negative
5657,only for the film 's publicists or for people who take as many drugs as the film 's characters ,0,negative
32512,has no clue about making a movie ,0,negative
41681,does turn out to be a bit of a cheat in the end ,0,negative
39345,it 's not bad prose ,1,positive
50295,interesting and at times captivating ,1,positive
27329,seem irritatingly transparent ,0,negative
41083,the extreme generation ' ,1,positive
16300,designed equilibrium becomes a concept doofus ,0,negative
12681,the down-to-earth bullock ,1,positive
42472,from `` promising ,1,positive
14243,", you could restage the whole thing in your bathtub . ",0,negative
48942,made a film that is an undeniably worthy and devastating experience ,1,positive
33316,"while the movie is slightly less successful than the first , it 's still a rollicking good time for the most part ",1,positive
16271,determination and the human spirit ,1,positive
44612,"you , like me , think an action film disguised as a war tribute is disgusting to begin with ",0,negative
45068,"the depicted events dramatic , funny and poignant ",1,positive
7318,"time literally stops on a dime in the tries-so-hard-to-be-cool `` clockstoppers , '' but that does n't mean it still wo n't feel like the longest 90 minutes of your movie-going life . ",0,negative
58782,"never does `` lilo & stitch '' reach the emotion or timelessness of disney 's great past , or even that of more recent successes such as `` mulan '' or `` tarzan . '' ",0,negative
15039,it 's all quite tasteful to look at ,1,positive
36477,that gives hollywood sequels a bad name ,0,negative
15253,is too busy hitting all of its assigned marks to take on any life of its own . ,0,negative
52996,immaculately ,1,positive
29201,rank with its worthy predecessors ,1,positive
41784,in milking a played-out idea -- a straight guy has to dress up in drag -- that shockingly manages to be even worse than its title ,0,negative
20652,is that wind-in-the-hair exhilarating ,1,positive
8925,"the screenplay , which lags badly in the middle and lurches between not-very-funny comedy , unconvincing dramatics and some last-minute action strongly reminiscent of run lola run ",0,negative
13561,"the dramatic scenes are frequently unintentionally funny , ",0,negative
16171,his passion ,1,positive
41398,"listless , witless , and devoid of anything ",0,negative
35933,", involving aragorn 's dreams of arwen , this is even better than the fellowship . ",1,positive
27896,farm melodrama . ,0,negative
30914,basically the sort of cautionary tale that was old when ` angels with dirty faces ' appeared in 1938 ,0,negative
5146,will make you think twice about what might be going on inside each trailer park you drive past -- even if it chiefly inspires you to drive a little faster . ,1,positive
63746,star script ,1,positive
43024,tossed in ,1,positive
15922,finds a nice rhythm . ,1,positive
56973,if the filmmakers come up with nothing original in the way of slapstick sequences ,0,negative
14170,the auteur 's ear for the way fears and slights are telegraphed in the most blithe exchanges gives the film its lingering tug . ,1,positive
23145,he 's a better actor than a standup comedian . ,1,positive
16541,to see if stupid americans will get a kick out of goofy brits with cute accents performing ages-old slapstick and unfunny tricks ,0,negative
17720,"newcastle , the first half of gangster no. 1 drips with style and ",1,positive
22997,"lumbering , wheezy ",0,negative
10835,an imaginative filmmaker who can see the forest for the trees ,1,positive
